trial_id,stage,direction,distance_m,push_N,push_start_s,combined_success,reach_success,balance_success,failure_reason,final_error_mm,hold_max_error_mm,tracking_rmse_mm,torque_peak,max_foot_displacement_m,max_foot_tangent_velocity_m_s,continuous_double_support,qp_failures,deadline_miss_percent,initial_condition_sha256,source_version
baseline_no_push,regression,,0,0,1.5,True,True,True,PASS,8.882977898402252,9.886941546785813,11.404363301137629,1.9515461377390666,0.000377212028914835,0.0001314196203813503,True,0,32.0,5378f467006d4ddd20bad2c4ff38893ed8ac1317065f8a415de4e05627bdc275,1c63402aa19eb42678e85b045d02b02eb978cf66
baseline_push,regression,,0,70,1.5,True,True,True,PASS,6.976611960479974,7.02829287412988,10.347795101373977,20.545065714777394,0.015255542436841126,0.011142387273299966,True,0,34.239999999999995,5378f467006d4ddd20bad2c4ff38893ed8ac1317065f8a415de4e05627bdc275,1c63402aa19eb42678e85b045d02b02eb978cf66
front_5cm,workspace,front,0.05,0,1.5,True,True,True,PASS,4.598624283836274,5.701393179763352,7.125471387586603,1.4086926506071562,0.0003843112166056705,0.0001256281084786558,True,0,35.44,5378f467006d4ddd20bad2c4ff38893ed8ac1317065f8a415de4e05627bdc275,1c63402aa19eb42678e85b045d02b02eb978cf66
front_10cm,workspace,front,0.1,0,1.5,True,True,True,PASS,12.011280535614691,12.958915521622561,12.012903341191429,2.1230492491186634,0.000393614321555078,0.000140398126520368,True,0,33.68,5378f467006d4ddd20bad2c4ff38893ed8ac1317065f8a415de4e05627bdc275,1c63402aa19eb42678e85b045d02b02eb978cf66
front_15cm,workspace,front,0.15,0,1.5,False,False,True,TRACKING,22.001297882411038,22.71465406282801,18.684977885871824,3.348863995981085,0.0004085432085966704,0.00016242768632114887,True,0,25.2,5378f467006d4ddd20bad2c4ff38893ed8ac1317065f8a415de4e05627bdc275,1c63402aa19eb42678e85b045d02b02eb978cf66
front_12.5cm,workspace,front,0.125,0,1.5,False,False,True,TRACKING,16.768317305460453,17.62067619369342,15.024519321398436,2.778412935753527,0.0004016974356920706,0.00014936477449734674,True,0,42.559999999999995,5378f467006d4ddd20bad2c4ff38893ed8ac1317065f8a415de4e05627bdc275,1c63402aa19eb42678e85b045d02b02eb978cf66
right_5cm,workspace,right,0.05,0,1.5,True,True,True,PASS,12.863619692300066,12.980052791776242,11.198578790352625,2.0577598610767804,0.00039263824694149433,0.0001256281084786558,True,0,25.679999999999996,5378f467006d4ddd20bad2c4ff38893ed8ac1317065f8a415de4e05627bdc275,1c63402aa19eb42678e85b045d02b02eb978cf66
right_10cm,workspace,right,0.1,0,1.5,False,False,True,TRACKING,27.90526953656794,28.104468648657132,23.575411854286582,2.4975609704733617,0.00036906243160596285,0.00015383625384764467,True,0,32.56,5378f467006d4ddd20bad2c4ff38893ed8ac1317065f8a415de4e05627bdc275,1c63402aa19eb42678e85b045d02b02eb978cf66
right_7.5cm,workspace,right,0.075,0,1.5,False,False,True,TRACKING,20.125563838563863,20.280631847547006,17.15209630450359,2.284849550989505,0.0003875422722520353,0.00013833472042950714,True,0,27.200000000000003,5378f467006d4ddd20bad2c4ff38893ed8ac1317065f8a415de4e05627bdc275,1c63402aa19eb42678e85b045d02b02eb978cf66
up_5cm,workspace,up,0.05,0,1.5,False,False,True,TRACKING,43.64585468747831,43.756574113065604,36.0006674853162,1.8538463395778924,0.00040048523064486,0.00015307437629009861,True,0,42.08,5378f467006d4ddd20bad2c4ff38893ed8ac1317065f8a415de4e05627bdc275,1c63402aa19eb42678e85b045d02b02eb978cf66
front_5cm_moving_40N,disturbance,front,0.05,40,1.5,True,True,True,PASS,2.9463964684117108,3.9107819311623127,6.658349431381669,15.760445464089353,0.0008173254848711215,0.002430075062654341,True,0,28.720000000000002,5378f467006d4ddd20bad2c4ff38893ed8ac1317065f8a415de4e05627bdc275,1c63402aa19eb42678e85b045d02b02eb978cf66
front_5cm_moving_70N,disturbance,front,0.05,70,1.5,True,True,True,PASS,2.158799137310264,2.158799137310264,10.384003590723808,20.50963525794326,0.014441944174722875,0.007755850207308278,True,0,27.68,5378f467006d4ddd20bad2c4ff38893ed8ac1317065f8a415de4e05627bdc275,1c63402aa19eb42678e85b045d02b02eb978cf66
front_5cm_hold_40N,disturbance,front,0.05,40,3.0,True,True,True,PASS,8.292364174233212,9.870896317508333,7.39722706439427,14.969614502710595,0.0008367378315439058,0.002350697311366367,True,0,72.64,5378f467006d4ddd20bad2c4ff38893ed8ac1317065f8a415de4e05627bdc275,1c63402aa19eb42678e85b045d02b02eb978cf66
front_5cm_hold_70N,disturbance,front,0.05,70,3.0,True,True,True,PASS,3.6432168866474117,10.200823912760345,9.451306827202545,20.527786314131507,0.010918219086082275,0.008666630511197477,True,0,56.48,5378f467006d4ddd20bad2c4ff38893ed8ac1317065f8a415de4e05627bdc275,1c63402aa19eb42678e85b045d02b02eb978cf66
right_5cm_moving_40N,disturbance,right,0.05,40,1.5,True,True,True,PASS,12.957266497905449,12.988168887362097,11.512568025628466,15.609103821517364,0.0008202398742346558,0.00241904475282445,True,0,32.48,5378f467006d4ddd20bad2c4ff38893ed8ac1317065f8a415de4e05627bdc275,1c63402aa19eb42678e85b045d02b02eb978cf66
right_5cm_moving_70N,disturbance,right,0.05,70,1.5,True,True,True,PASS,14.1792871112333,14.865504086765581,17.357095537485183,20.347336109050776,0.013876479378555113,0.04544802922644489,True,0,50.239999999999995,5378f467006d4ddd20bad2c4ff38893ed8ac1317065f8a415de4e05627bdc275,1c63402aa19eb42678e85b045d02b02eb978cf66
right_5cm_hold_40N,disturbance,right,0.05,40,3.0,True,True,True,PASS,12.791034169055466,13.171087412677855,11.574736338958347,15.085516274651324,0.0008401560048178259,0.0023609681636522534,True,0,37.92,5378f467006d4ddd20bad2c4ff38893ed8ac1317065f8a415de4e05627bdc275,1c63402aa19eb42678e85b045d02b02eb978cf66
right_5cm_hold_70N,disturbance,right,0.05,70,3.0,False,False,True,TRACKING,13.291681708007527,15.156385478588874,15.49988291514562,20.29657910727242,0.011402212402860136,0.019770332049947544,True,0,30.48,5378f467006d4ddd20bad2c4ff38893ed8ac1317065f8a415de4e05627bdc275,1c63402aa19eb42678e85b045d02b02eb978cf66
