time_s,task,weight,residual_norm,residual,weighted_squared_residual,cost_share
2.9959999999998916,torso,200.0,2.040856027709337,"[1.7574271023916868, -0.14079885328790157, -0.04352653336498913, 0.9706679393623032, 0.23236776037651358, 0.24214335599903336]",833.0186651675067,0.1983595290540356
2.9959999999998916,pelvis,100.0,0.9610384627301081,"[-0.27049435726420573, -0.920677658652693, -0.019050496135135833, -0.008997191703383985, 0.047277582881364744, 0.010066662208607247]",92.35949268466493,0.021992767075532268
2.9959999999998916,com,2.0,0.9599336744633411,"[0.8336114357425801, -0.47437860877066934, -0.03910970606755136]",1.8429453187373837,0.0004388446271171817
2.9959999999998916,posture,1.0,45.130753121608926,"[4.020472347573295, 4.866386196609302, -1.1631354795281839, -1.4596534533592385, -6.140740845151305, -4.467832526466176, 4.368954646101762, 4.7315886673277125, -1.1532736331709348, -1.5538327175009163, -6.420893670100168, -4.384916208434168, 0.37380257733447086, 2.193274851737837, -3.665474045112572, -0.31390288443120906, 1.0617392115078839, 0.11610325438616226, 0.054908036744873545, 0.0020462243906610575, 0.04186150282791955, 0.028306438857697167, -42.0358064471307, 5.1038895837763025, -0.13603916612595002, -2.367323482486628, -0.003444504918070943, 3.3690357623457716, -0.668696262941249]",2036.7848773236135,0.4850019644746526
2.9959999999998916,reach,3000.0,0.3721404211533344,"[-0.1023649464945943, 0.06237256657304158, 0.352306079601859]",415.46547916854325,0.09893120074267464
2.9959999999998916,acceleration,0.1,6.563502815421608,"[-0.03902079935646149, -0.07824284934974107, -0.0076482215487585145, 0.005574109578813142, -1.9202034765787945, -0.36805143774401616, 2.8143952063349085, 0.19313292895858022, 0.3542875449717382, -1.20608845864619, 0.3093790754144334, -0.07398843107305211, 2.7061972465048663, 0.19430268452577487, 0.35115641494658695, -1.2670112607317308, 0.46939408791838544, -0.07715812021076245, -0.2172609583894399, -0.20733676409170246, 2.3130929077279063, -0.14645530419654212, 0.561343782114408, -0.002006277759857304, 0.14627434975551762, -0.0042027797113376565, 0.059002706432419214, -0.06633917518861303, -1.289710820291959, 1.2580427718129772, -0.42196307461921767, -0.7280446658878881, -0.020705934358604367, 3.175232484195172, -0.6711478809470278]",4.307956920804738,0.0010258165173574712
2.9959999999998916,torque,0.001,8.862830105796904,"[0.6936759385963077, -1.0482563355002201, 0.2083214141170673, 3.1087025136274735, 4.862481474077767, 1.032250976180076, 0.5652454817462959, -0.7858341781638954, 0.19862550467554038, 3.118929879983689, 5.049000802870112, 0.9467434351777642, 0.021132835969208067, -0.09095576323437457, -0.8592970801549423, 0.6026260985891151, 1.5389667744622066, 0.15958866392397936, -0.025688975653238907, 0.00013107369183030197, -0.03220336161012014, 0.03992859495165003, -0.7810021733136009, -1.0594588066174246, -0.10637751555459901, -0.44783316294695846, 0.001292463737002161, -0.08580417613039638, -0.03141496538218725]",0.07854975748421995,1.8704374287634322e-05
2.9959999999998916,old_body_slack,100000.0,0.0,"[0.0, 0.0, 0.0, 0.0, 0.0, 0.0, 0.0, 0.0, 0.0, 0.0, 0.0, 0.0]",0.0,0.0
2.9959999999998916,nominal_torque,1.0,28.444092989396083,"[2.3848594139990626, 3.256683587240868, -1.2336721665172972, 2.962156669424285, -1.4348417185871334, -3.3617989736549383, 2.671185293862867, 3.2607582409446696, -1.2186611954918285, 2.9304773950100165, -1.6884695151337956, -3.3611946480291572, 0.6165522123946302, 2.4467700957511873, -6.065872782626105, -0.15739054428089505, 0.5538062966985503, 0.12400878801036687, -0.08187856125712711, 0.0065173257926277334, -0.01373778143480282, 0.09614654185955604, -25.781002173313603, 4.000396191393245, 0.3004820518987114, -1.6728880300549622, 0.017522554230907372, 0.22332745262944625, 0.0013295442090791726]",809.0664259894113,0.1926559895274618
2.9959999999998916,point_slack_0,25000.0,0.009584330679957837,"[3.590685189103431e-06, 1.9249450515855393e-05, 0.003943994466410926, -1.3787390095370045e-06, 1.6074917776936323e-05, 0.0069433163141222835, 4.325558226726545e-06, 5.6752250131172636e-06, 0.00148802679490712, -1.6377508110501719e-06, 1.8657857263413698e-06, 0.005087213012160758]",2.296484864569526,0.0005468420760105444
2.9959999999998916,point_slack_1,25000.0,0.013143103348934156,"[6.686690582873444e-05, -1.8490781744048197e-06, 0.0064445613751541245, 7.018424053784954e-05, -4.561468320990466e-06, 0.009379822013862352, 6.701710630871977e-05, 1.4195746210617456e-05, 0.0025403035575545046, 7.099790795986841e-05, 1.0940878034611598e-05, 0.006062616324004126]",4.318529141019105,0.0010283339887065142
3.019999999999889,torso,200.0,1.881142089814141,"[1.728699617324454, -0.004021215226910277, -0.07191713114447781, 0.6837644051693386, 0.21344799949123994, 0.17891657537873829]",707.7391124140629,0.2055979283751155
3.019999999999889,pelvis,100.0,0.8146148313929121,"[-0.3170277819411354, -0.7481696161235551, -0.040444066048554425, -0.0028171544977054677, -0.04013093321449368, 0.008876028033348748]",66.35973235253026,0.01927747564024025
3.019999999999889,com,2.0,1.2087885308433655,"[1.1614867732290266, -0.32729557628034384, -0.07068092854372748]",2.9223394245969243,0.0008489384310790229
3.019999999999889,posture,1.0,39.586412705802374,"[1.2882880287716079, 4.55860911849379, -0.9835668439843013, -2.702070832260898, -7.256810343088878, -3.9462798297248587, 1.6445175928208737, 4.423963998443904, -0.978981157307997, -2.7909410870026012, -7.5691100953509585, -3.8728413093937135, 0.2815389850032445, 1.674099582477377, -5.317778426015783, -1.6809152612457674, 0.7134943644613168, 0.07490519977167154, -0.424326010965144, 0.0005029020867447741, -0.0705685472847212, 0.021651949619406224, -35.810414682382756, 4.821550497593107, 0.1675525277745144, -4.867846494985366, -0.002772190639906927, 0.8537978593257335, -0.23247092736551145]",1567.0840709141119,0.45523729424902426
3.019999999999889,reach,3000.0,0.26036629949390955,"[-0.07527495358023617, 0.04231879747014594, 0.24562860309077655]",203.37182973645656,0.05907943499272029
3.019999999999889,acceleration,0.1,12.754012091048606,"[-0.04732964787514771, 0.09152625767877226, -0.016616776447335297, -0.0172966723688189, -5.585718445279224, -0.38556223946810664, 6.671196678285136, -0.041093433199546954, 0.3210374036780856, -0.3388435530476549, -0.9563239848590291, -0.04620353563735889, 6.469790551509572, -0.04196605380347344, 0.31755521491546324, -0.21824145433544848, -0.8646940449997799, -0.04043543548958863, -0.2562151046743668, -0.28854716723064694, 2.259180886984883, -5.48112814090033, 0.19432696460519577, -0.04911236685944822, -0.05145942553576273, -0.0014395778154754294, 0.23163372575701988, -0.07692000966946502, -0.7121096682249114, 0.954696170061219, -0.1267253500247758, -2.2468149136767033, -0.023763443320856923, 0.982215358865125, -0.24451549753217186]",16.266482441861406,0.0047254066270118475
3.019999999999889,torque,0.001,16.22571916305801,"[2.9568539725245757, -1.8726379033231964, 0.6964180761212833, 6.084613828993128, 8.186334054872642, 1.5358171257143045, 2.543262236841896, -1.6140635283393936, 0.6892044365797767, 6.13824524518859, 8.653776965420823, 1.4678663964352956, -0.7682084675954093, -0.8025585654020185, -3.7145405419884576, -0.47010046403863526, 1.5483859004903004, 0.1551480370182446, -0.45722605979568615, -0.0010417159369074565, -0.14909099832894923, 0.03823754683765399, -0.7625858608588447, -1.027325250692485, -0.10045423192000237, -0.5445557217325051, 0.0016399517064979228, -0.14587988153945125, -0.02711315356802467]",0.2632739623584279,7.648098050052798e-05
3.019999999999889,old_body_slack,100000.0,0.0,"[0.0, 0.0, 0.0, 0.0, 0.0, 0.0, 0.0, 0.0, 0.0, 0.0, 0.0, 0.0]",0.0,0.0
3.019999999999889,nominal_torque,1.0,29.581619173857213,"[-1.9489581872262014, 2.357786874762851, -0.5326032102863978, 3.828632800698745, 2.038718168665243, -2.364477754112438, -1.8476576266292097, 2.360166544374281, -0.5200978096289186, 3.664153591526167, 2.1022519745138135, -2.364731840843205, -0.22480669797523267, 1.2978024787723426, -10.495680142597411, 2.717817936390607, 0.5810219436008645, 0.12522726978424054, -0.8003279918996702, 0.0010336752909393416, -0.41677098924083045, 0.09831763781783656, -25.762585860858845, 4.054592159140986, 0.31502915751686417, -2.7566804212354827, 0.02160954326163333, -0.16000957952124964, 0.015280412749012082]",875.0721929471167,0.2542081211746546
3.019999999999889,point_slack_0,25000.0,0.006486112489469443,"[-6.995926511924566e-05, 6.400673317297618e-05, 0.001779433970096934, -6.71079547443069e-05, 5.366255213239817e-05, 0.004499238892699717, -4.6150532776586395e-05, 3.571742207175019e-05, 0.0009480285407803268, -4.2728960322882e-05, 2.3304404823131135e-05, 0.004211794447903699]",1.0517413806512872,0.00030553044936391705
3.019999999999889,point_slack_1,25000.0,0.009412194563207195,"[-1.8079671393127994e-05, 3.44431188129506e-05, 0.003961653385645331, -7.442615842536759e-06, 2.5060137310009534e-05, 0.006608136501287967, 1.5921980173551017e-06, 3.891649354472937e-05, 0.001889161165621499, 1.4356664680861772e-05, 2.765691574114536e-05, 0.0050649409043924684]",2.214735162391677,0.0006433796766354975
3.0799999999998824,torso,200.0,1.7749589711715694,"[1.7454481580756174, 0.1503649436503232, -0.18201256957051437, 0.028652457832948362, 0.21510667792382598, 0.032558237436180804]",630.0958698684872,0.2279047353810392
3.0799999999998824,pelvis,100.0,0.6555377367896004,"[-0.55984204388249, -0.2900557113441119, -0.1274468295624822, 0.021058951146079613, -0.12444751133530474, -0.0009683526819466159]",42.97297243552315,0.015543259970103807
3.0799999999998824,com,2.0,2.092691928622405,"[2.0838966479154055, -0.040395289297668446, -0.18735658390047388]",8.758719016242722,0.003168015591167592
3.0799999999998824,posture,1.0,31.460015523125733,"[-0.05798894039079627, 2.832725951940267, -0.3717358186823509, -4.768248916024016, -12.579546059489331, -1.6334410761152767, 0.6455136383605993, 2.7449264352124976, -0.6867208338475213, -5.107984296505757, -13.528785064310458, -1.9171232294316716, -0.012559498108426215, -0.3990943664822547, -9.515518336247482, -5.140447172435273, -0.34865609646359513, -0.048015930360650494, -1.1802943719350951, -0.0003233856496817646, -0.18918321824393566, 0.0018460970327957016, -18.37632873180224, 3.9461966021007724, 0.8745359929806967, -9.23246441932273, -0.0024816918464965684, -4.252313636967314, 0.8190286879661721]",989.732576715312,0.35798479530008165
3.0799999999998824,reach,3000.0,0.013207206715668612,"[-0.011333267166449446, -0.004856976815767133, -0.004732561756108589]",0.5232909276912062,0.00018927354725822084
3.0799999999998824,acceleration,0.1,24.22137802265511,"[-0.2862219631853307, 0.34936368659572437, -0.08281885970631972, -0.25380892264453864, -12.065653513154235, -0.729874808242758, 12.363920350190723, -0.04950152629697569, 0.11750628738509411, 3.1630620512656935, -4.532097437005896, -0.3938936552726822, 11.858534198435015, -0.08189749786785716, 0.376743662184456, 3.585035643489175, -4.025706908874466, -0.20645866617552314, -0.452069369716769, 0.2983623519347901, 2.8494254741054332, -8.06128788459454, -0.806656358527943, -0.1552381969945684, -0.6722255613282828, -0.0016056364974714598, 0.2381559149118098, -0.08270058350980983, -2.6311669906658395, 0.08289647507480952, 0.5683742574979043, -1.3776934056848453, -0.025046123737109807, -1.583032894901671, 0.7646213862711329]",58.667515331636004,0.021219952703245396
3.0799999999998824,torque,0.001,35.197678879580536,"[8.02752945652326, -2.4221990792880645, 0.25106815090706497, 13.105336025995882, 16.150905137187895, 2.2065872462875418, 6.443516272800185, -2.255045883043229, 0.7741192918288805, 14.308938860792743, 19.63271618309829, 2.6781097757617167, -1.1019676011737876, -1.4669786478821807, -8.826197102777067, -0.743989543229405, 1.4986888975943435, 0.14623796629678484, -0.6689072147295779, -0.001873094413610252, -0.22037325887346387, 0.03464535139499998, -0.6172128156613381, -1.0283081643950664, -0.09582057071750792, -0.6224914440228151, 0.0021727805688998196, -0.21930517291143006, -0.0175238476481637]",1.2388765985100698,0.00044809981600439674
3.0799999999998824,old_body_slack,100000.0,0.0,"[0.0, 0.0, 0.0, 0.0, 0.0, 0.0, 0.0, 0.0, 0.0, 0.0, 0.0, 0.0]",0.0,0.0
3.0799999999998824,nominal_torque,1.0,32.11504759681551,"[-4.067370822467922, 0.09887310777919556, -0.16445253854236247, 5.271942513726164, 8.25671087246699, 0.9666276808023802, -4.498577548479776, 0.08721969644218319, -0.2049389381607658, 5.704769804765233, 10.282989053595228, 0.9671051954290946, -0.6602241409493131, -1.9956716797294196, -20.152508800297497, 1.4098217401066662, 0.48039012000475356, 0.09987088271909683, -1.1915824576830636, -0.0005082144561600532, -0.6224857448299271, 0.08089952532345966, -15.917908112826517, 4.068694868585515, 0.3361381949752021, -8.12380212615059, 0.023743715675617016, -2.7849070346073157, 0.0679305620483118]",1031.3762821457253,0.3730472613790693
3.0799999999998824,point_slack_0,33333.333333333336,0.00537481246289896,"[-0.0007187366383702085, 0.00013158069464920397, -0.003658998623411301, -0.00023019016832381462, 0.00015757067427157935, -0.0014502550211776231, 5.743032975323884e-06, -1.673597375199216e-05, 0.0035756221162181944]",0.9629536337111329,0.00034829889159716543
3.0799999999998824,point_slack_1,25000.0,0.004022264405832028,"[-0.00047591434692789984, 0.00017830525229726527, -0.0025107296260664437, -0.0004013488097831112, 0.00010760329828985087, -0.0010619633744766242, -0.00023164055457053977, 5.982005502983111e-05, 0.000964687843368743, -0.00014216381087142442, -2.5068172266353283e-05, 0.0027032272449664238]",0.40446527376058194,0.0001462944856414701
3.1519999999998745,torso,200.0,3.221804528861694,"[3.1467768782927896, 0.049832573440849764, 0.41205059474075273, 0.18232081169196857, 0.5217179371381118, 0.010965314678580196]",2076.0048844387447,0.48324183701239437
3.1519999999998745,pelvis,100.0,0.5919172240733156,"[-0.03421424157715336, -0.3453510308757469, 0.4535775576124636, 0.10889287886124999, -0.11086179592230216, -0.006888662389905376]",35.03660001546597,0.008155641193840282
3.1519999999998745,com,2.0,3.835893459592372,"[3.8266314519096216, 0.004137477100175757, 0.2663705049040559]",29.428157266687073,0.006850136473204002
3.1519999999998745,posture,1.0,30.697338464350384,"[5.347089304429302, 3.1505554821608204, -0.2767385409271687, -1.9055528930902632, -15.484581982335472, -1.635118670437889, 5.77851093924837, 3.019338092542838, -0.3473805956262149, -1.4312010160880204, -14.377152477724366, -1.642801549397018, -1.344446310103974, 0.9151860160935807, -13.225681345173538, -11.001664404984254, -0.0018854874229494722, -0.03136688004255812, -2.6504123518668514, -0.00204016383717405, -0.3627541851211653, 0.00582341858381271, -8.35785422411556, 3.3217689360326927, 0.5086128985738315, 2.7187756300199197, -0.0018261748995219984, 3.015800293201295, 0.4320611992902995]",942.3265887948855,0.21934998094090466
3.1519999999998745,reach,3000.0,0.05699523302782248,"[-0.0015421105803827828, 0.007872719996291466, 0.05642781904977057]",9.745369763687359,0.0022684775080587145
3.1519999999998745,acceleration,0.1,31.488192682599575,"[-0.3304385908496217, 0.19007423754041022, 0.285645953700526, 0.8265058762385354, -15.001685310905184, -1.3466084830481788, 14.543028593370897, -0.9914049134658818, 0.23030559268063716, 5.095579045923335, -1.3800403155788463, 0.7332384660167474, 13.415325383318592, -0.9926230258106172, 0.19413261381266103, 6.695050293976027, -3.1734275832857004, 0.7133070620127894, 0.4793511073697787, -0.32988499193511744, 4.694470445534136, -11.016862739518032, -0.29610863325329695, -0.10660890749827041, 1.1571813916799456, -0.0012358898283413016, 0.1786049995763552, -0.055034115564436804, -8.545942681156184, -0.4143453436681517, 0.2321073642812763, 6.99165357559097, -0.022043907531520784, 4.344470034002726, 0.3934275203178149]",99.15062784165174,0.02307977784555439
3.1519999999998745,torque,0.001,40.75712491874577,"[9.5372506652446, -1.1202683762852619, 0.2104517985882086, 15.959684620238551, 19.404924554135427, 2.2488659008801495, 7.732541100225664, -0.8844594438933188, 0.17657018002902167, 16.6014723954615, 21.946147749418444, 2.236767057916598, -0.9220370382359754, -0.49556392502085356, -10.135110270386406, -0.8750853602483697, 1.513930149890706, 0.15120435188472103, -0.7287592164564923, -0.0022003983636973094, -0.24565060439563502, 0.0379377412775554, -0.5973387329306167, -1.2598944112869794, -0.1282716957863485, -0.49492931777205523, 0.0022424065321231647, -0.1329878703912182, -0.027716398156748638]",1.661143231642247,0.00038667245574257244
3.1519999999998745,old_body_slack,100000.0,0.0,"[0.0, 0.0, 0.0, 0.0, 0.0, 0.0, 0.0, 0.0, 0.0, 0.0, 0.0, 0.0]",0.0,0.0
3.1519999999998745,nominal_torque,1.0,33.198083029230745,"[0.2103766869250503, 2.7182659801828004, -0.23371368185843913, 8.993116718833994, 5.453663872119918, -0.119941733884672, -0.09874712699554156, 2.6974427132360694, -0.29363915679982, 8.504587613729392, 10.895380823016259, -0.11971776982980575, -2.737392744194878, 0.9086079864794695, -26.750669118225513, -1.7907586674216802, 0.35952798264510766, 0.07454851741586599, -4.59490195341671, -0.0029774806868979, -0.7709940362789225, 0.06142966130102446, -0.41883474322354974, 3.728850397533747, 0.27999122991419906, -4.531126922932879, 0.021404823294925067, -1.3807121583343722, 0.04251372191277367]",1102.1127168156984,0.2565441815001922
3.1519999999998745,point_slack_0,50000.0,0.002355006628265394,"[-0.00028056884465611055, 0.00016206351263980354, 0.0009201929878888821, -0.0005723038843626738, -9.430544661536329e-05, 0.0020634661063791008]",0.27730281095869697,6.454913511083091e-05
3.1519999999998745,point_slack_1,50000.0,0.002246482592546301,"[-0.00032166329441847807, 0.00017817535182072564, 0.0008218058786451448, -0.0005087358024450056, -8.906522835902958e-05, 0.0019923254437649567]",0.2523342019306774,5.8737069549334665e-05
3.2399999999998648,torso,200.0,5.202843048361845,"[5.1037460513598, 0.020086757094623223, 0.4490371446980061, 0.23586918979045984, 0.8737081275714533, -0.01772081009657045]",5413.915157177435,0.5229645606934246
3.2399999999998648,pelvis,100.0,1.5064980933662417,"[1.3838568841368506, -0.3496627494445563, 0.4468125140295763, 0.0954508011534515, 0.15315773251448217, 0.0017383989181570803]",226.95365053161214,0.02192289917781282
3.2399999999998648,com,2.0,4.029153314312557,"[4.026970810585424, 0.04462757688318054, 0.12486352674169779]",32.46815286047173,0.003136305761033755
3.2399999999998648,posture,1.0,48.86037504507243,"[20.95544934231364, 2.544073146335072, 0.16110071560770323, 7.638439178711016, -17.75502745287069, -1.1365667682575662, 20.904882884261276, 2.3963166135102902, 0.10574615958084499, 8.458462789220441, -15.805713458138214, -1.0359673490269024, -1.7737714802585618, 1.1574739860377108, -7.432060501548716, -22.593777945522756, 0.2672466529097415, -0.035761855219081304, -4.609612349860431, -0.004476144692682307, -0.6721891689144339, 0.007706112226515988, -9.448981497792424, 2.3008904604012126, 0.18715609999404245, 8.221429128543138, 0.005511260602840462, 6.886963779936483, 0.11618064584977207]",2387.3362495451365,0.23060801965388875
3.2399999999998648,reach,3000.0,0.08276471580206955,"[0.009785249772215288, 0.014110094592808542, 0.08096389503522355]",20.549994545392025,0.0019850549108505347
3.2399999999998648,acceleration,0.1,15.10025462663586,"[-0.7440099256207918, 0.12496060178670888, -0.09935065086259248, 0.9167208067053115, -4.949317847281796, -0.874487411030624, 2.9204477009818826, -1.1406235142115035, 0.6502196813559226, 4.024713571309707, -1.7166325982603376, 0.8458549789325174, 2.391995608139583, -1.129775710884925, 0.640566556540659, 4.696671351036777, -3.5118038575946255, 0.7643456842909856, 0.9979100710038432, -0.3275989411778331, 3.748820031888326, -2.5672545721402975, -0.13863847534835932, -0.1345412383287519, -3.4055566169646485, -0.005574297539192066, -0.24619990461780716, -0.0732703858505172, -4.000143974812633, -1.3273269980992226, -0.05794216810925242, 6.871720059828427, -0.009310225449553528, 5.513051698565271, 0.104275890170559]",22.801768978923768,0.0022025681509410125
3.2399999999998648,torque,0.001,34.08101506447989,"[4.9018698111149055, -0.6984242886326665, 0.13346295696741822, 13.01493299758655, 19.370787931477135, 1.49793574042092, 4.082279617485124, -0.4324783210202091, 0.14757264200487674, 12.789439148940131, 19.639698257392123, 1.3111940186919508, -0.2523479816284589, 0.38807638346503814, -4.117049638951897, 0.6550957365952232, 1.462228644894171, 0.15261927336997658, -0.15514182995721715, -0.0006033423364293537, -0.07981663621517139, 0.038253134890816345, 0.6853013481137857, -1.3960111663150598, -0.1506719333157551, 0.09679179858958119, -1.3041821702597408e-05, 0.05190952230619569, -0.03592628607287799]",1.1615155878253056,0.00011219819141796682
3.2399999999998648,old_body_slack,100000.0,0.0,"[0.0, 0.0, 0.0, 0.0, 0.0, 0.0, 0.0, 0.0, 0.0, 0.0, 0.0, 0.0]",0.0,0.0
3.2399999999998648,nominal_torque,1.0,47.39598077491818,"[22.11674946015127, 2.7417848590742846, -0.3017272509187415, 16.494288635240213, 3.480386164848902, -0.484741230268926, 21.696047743111713, 2.724190078146827, -0.32872443312367733, 16.40496922963142, 7.492024257207619, -0.4893212722807416, -3.02679665414685, 1.765215282985074, -14.07202739237214, -20.157108070393335, 0.4410070434350073, 0.10226641201923677, -1.3719162062789279, 0.0006555472202809373, -0.47957785116842316, 0.082557928817013, -5.0578541405966995, 3.488634736499262, 0.22550884589348494, 1.5895726904557677, 0.014099749565236498, 1.4856120927651837, 0.007323574015880609]",2246.378993616414,0.21699206017111272
3.2399999999998648,point_slack_0,50000.0,0.002909808040854245,"[-0.0007755150682289201, 3.442950193653408e-05, 0.0015030370363801658, -0.0007473313641529081, -2.3785744365302422e-05, 0.002246371198345052]",0.42334914173100097,4.089399103932711e-05
3.2399999999998648,point_slack_1,50000.0,0.002708675258506324,"[-0.0008998064049079293, 4.1889258905225016e-05, 0.0013785108898341975, -0.0005791961339324452, -7.974184388520195e-06, 0.002071157009294301]",0.366846082802215,3.5436000558749875e-05
3.319999999999856,torso,200.0,7.077979765837623,"[6.963861246381535, -0.00812521139389756, 0.37617046503044876, 0.2836436616053163, 1.173855027820052, -0.049744505460587285]",10019.559513121363,0.5652640037764258
3.319999999999856,pelvis,100.0,2.6945766730907117,"[2.6359364211276786, -0.3758734525946949, 0.398891157705742, 0.08024885908066381, 0.0756283825328361, 0.005300117701335871]",726.0743447164608,0.040962248948797686
3.319999999999856,com,2.0,4.273653103630636,"[4.273072895914117, 0.04315577565732703, 0.05564580310608744]",36.52822170034353,0.0020607781032817747
3.319999999999856,posture,1.0,61.92406230214722,"[24.43601730352911, 1.9740864825743947, 0.3904724697164941, 13.012260289071728, -18.995937786909153, -0.7734672206105544, 24.336006418092694, 1.8222861559994423, 0.35483400926931297, 13.901840327365393, -16.96297713895514, -0.6529945193593067, -1.9320848106094117, 1.2305401832601943, -6.379950963353869, -34.05048182470154, 0.2695849604925629, -0.06811999808010859, -7.129133813196996, -0.00838081546511277, -1.1155322349460883, 0.001270596416701117, -9.084683067906372, 1.5536559039643947, -0.07077491392531471, 13.223999207712733, 0.010772955031361237, 10.39989835139131, -0.15856934933557418]",3834.58949200021,0.21633240525678535
3.319999999999856,reach,3000.0,0.10662680312861085,"[0.020293419043020844, 0.01959542618403276, 0.10282738721584839]",34.10782543628262,0.001924228898583019
3.319999999999856,acceleration,0.1,14.036387706793855,"[-0.7898698851502, 0.06601551205199456, -0.19366483848444682, 0.8575997960396079, -3.163627839342799, -0.8869400372817685, 1.547800951390707, -1.0176247523252446, 0.7082842933085051, 2.5633112118350367, -1.6347685950419977, 0.626918123420996, 0.9645188490905511, -1.0066558836331745, 0.7007030020526412, 3.365749324528464, -3.4950053316059013, 0.5737202664108385, 1.0834935406702857, -0.275886628618837, 4.733586082523454, -1.814198091782182, -0.1595662799314166, -0.16976294579482354, -5.746539228561546, -0.009090631537229964, -0.5884158004345102, -0.08258102585245898, -3.7741450627172357, -1.7331984706237578, -0.2829001983653625, 6.321510775446065, -0.00288594815583374, 5.2212023967236005, -0.13656043684793837]",19.702017985543367,0.001111510097265141
3.319999999999856,torque,0.001,31.745279970289182,"[3.065828886576023, -0.3993968678579895, 0.17188033974290484, 11.545986307848338, 19.535451771160385, 0.8586117350249997, 2.526121724511832, -0.12511370462027915, 0.1992906633228749, 10.82928083968551, 18.651847926320272, 0.6762517766127175, -0.20914221035530087, 0.644058699416711, -2.1853999701846134, 0.3572391096618715, 1.4034074655183544, 0.1441098217307654, -0.24834372187108875, -0.0006362501902442241, -0.09562718838961108, 0.03624210727545277, 0.7868176360672793, -1.5248115923554968, -0.16420235907308053, 0.17709264621510096, -0.0009513127369213655, 0.07644115204996044, -0.04372662011446556]",1.0077628003920436,5.685399988497974e-05
3.319999999999856,old_body_slack,100000.0,0.0,"[0.0, 0.0, 0.0, 0.0, 0.0, 0.0, 0.0, 0.0, 0.0, 0.0, 0.0, 0.0]",0.0,0.0
3.319999999999856,nominal_torque,1.0,55.252812364724385,"[24.631502092863336, 2.409234572218375, -0.1014613117814917, 21.69122370630781, 2.316164960655236, -0.5418814927592838, 24.504180598869496, 2.397187866604047, -0.10003624021102778, 21.04798132796089, 5.323052172874188, -0.5505381566208486, -3.233060912956445, 1.9536750020173448, -12.301503872075392, -24.642760890338128, 0.41677193346905494, 0.09880340239509393, -1.5469509017479892, 0.00047847110546759696, -0.5757423239752665, 0.08379962325850968, -4.888126935000613, 3.03893981142111, 0.17697305057666865, 7.183615262950594, 0.012586577451440619, 5.07644115204996, -0.03378883194039313]",3052.87327421144,0.17223106142968647
3.319999999999856,point_slack_0,50000.0,0.0032617125956415915,"[-0.0009920010046056656, 7.081266054534954e-06, 0.0018666840568951845, -0.0008317697948063743, -2.595552130243147e-05, 0.002340433479121857]",0.5319384528283504,3.0009868119912897e-05
3.319999999999856,point_slack_1,50000.0,0.0030879596767936965,"[-0.0011927143530374095, 1.5452333270306148e-05, 0.0017658776224194093, -0.0005991721684150893, -1.1159147115900994e-05, 0.002152959143046999]",0.47677474827519156,2.689774962228601e-05
3.399999999999847,torso,200.0,8.627986985811459,"[8.499660740791763, -0.03186326927651362, 0.2962906044967014, 0.3212202866661839, 1.413887239670904, -0.08284762798665449]",14888.431885466383,0.5937246085162696
3.399999999999847,pelvis,100.0,3.758973402590969,"[3.718391585378632, -0.4098236156768313, 0.35850769602569077, 0.07374563359715924, -0.03739368491171868, 0.011188786784485871]",1412.9881041386327,0.05634749283346546
3.399999999999847,com,2.0,4.564344826169317,"[4.5641241626752205, 0.025751501766522633, 0.03675840066709038]",41.666487384357225,0.0016615865996387736
3.399999999999847,posture,1.0,72.77439028398835,"[25.658395634121998, 1.677936320273475, 0.5820980437811496, 16.95827252882296, -20.409380121728397, -0.5412364027678591, 25.492573607641134, 1.5220843109763313, 0.5577907599651493, 17.854863983922936, -18.35984763213886, -0.42364844137485724, -1.725006978985804, 1.279247218274537, -5.796265898219475, -44.27311960514064, 0.06154538210687821, -0.11743236688911977, -9.454169097737653, -0.01172868587792993, -1.5168784462876022, -0.010988559025167932, -8.294377401964026, 0.9455871883973588, -0.25942934582122346, 17.07251819580793, 0.00869358339320674, 13.047065280925736, -0.392074910039727]",5296.111881206258,0.2111996735127656
3.399999999999847,reach,3000.0,0.12635340068570375,"[0.029890443985393533, 0.024107141370911744, 0.12037686222078114]",47.895545594526,0.0019099905400744158
3.399999999999847,acceleration,0.1,14.028901982574984,"[-0.6455499376162722, 0.03633120084261389, -0.19454136472912778, 0.7911737922532794, -3.041649954681816, -0.7763449855604906, 1.8400742866512618, -0.9333229900181961, 0.7724948548265461, 2.059461359394527, -1.6239569523854045, 0.4023610946752491, 1.3652248790376145, -0.922680536284734, 0.7648751022872622, 2.7411711197185693, -3.404843753587089, 0.3770684460828285, 0.859483177083593, -0.2468481136860491, 5.306664570083227, -0.543706197453626, -0.3498733672853683, -0.21174432106056928, -6.832947815457916, -0.011919147899501228, -0.8897419970205607, -0.08953372512839976, -3.6077489841080603, -1.6237958636867265, -0.4514906914594909, 5.877218450458479, -0.0031967744029279205, 4.8992191743038385, -0.3430043450237269]",19.681009083669633,0.0007848442000674043
3.399999999999847,torque,0.001,30.68897885252963,"[2.0859673714167397, -0.21411838547431433, 0.13052522514926052, 10.583709736935308, 19.693941722710584, 0.4771548409020615, 1.7762532040278138, 0.06556426194631368, 0.16115594382037277, 9.696228794803327, 18.240548172016357, 0.3251186511675259, -0.1050977196028713, 0.6972559119603913, -1.3340067471237547, 0.07034189970325946, 1.3379170548648982, 0.13461437173467128, -0.33433630815272364, -0.0007965645989747854, -0.11288057604495186, 0.0333445124060853, 0.7571529231359932, -1.5552976829161602, -0.16170606683182073, 0.1928043877297537, -0.001912177645914479, 0.08101312772739958, -0.04711980809403163]",0.9418134230110108,3.755787111592537e-05
3.399999999999847,old_body_slack,100000.0,0.0,"[0.0, 0.0, 0.0, 0.0, 0.0, 0.0, 0.0, 0.0, 0.0, 0.0, 0.0, 0.0]",0.0,0.0
3.399999999999847,nominal_torque,1.0,58.028966221584575,"[24.21048912125883, 2.267088729867987, -0.023737753991187965, 25.027302634028857, 1.044752226384528, -0.46649824780931515, 24.146849537291146, 2.2577329307546665, -0.009441342202720637, 24.340233534735244, 3.418407650002173, -0.4756300164375943, -2.7012937497299574, 2.002516259231268, -11.560690290113323, -24.92965810029674, 0.342080904414622, 0.08364176565931587, -2.761974033223441, 7.489620247144398e-05, -0.6697428798443636, 0.07593090752600422, -4.33639493188421, 2.312105593965608, 0.15558968717417435, 11.455342155893632, 0.01069169379819513, 5.0810131277274, -0.06357109029296801]",3367.360920745804,0.13428446056528132
3.399999999999847,point_slack_0,50000.0,0.0036055168046329514,"[-0.001138885849151377, -1.3392042930971081e-05, 0.002176896139392338, -0.0008870718964303512, -1.7375221959807605e-05, 0.002485243620815379]",0.6499875714245305,2.5920366856175557e-05
3.399999999999847,point_slack_1,50000.0,0.003459518210644336,"[-0.0013975115887869876, -4.233795878507655e-06, 0.0020956440018982778, -0.0006028598491031153, -2.317808924103701e-06, 0.00229347782447689]",0.5984133124889894,2.3863675665888956e-05
3.435999999999843,torso,200.0,9.222371153584671,"[9.08789315364643, -0.04252706621717221, 0.2607456103862543, 0.33596734256253097, 1.5067367469634143, -0.0969598770721738]",17010.425938894132,0.6006868947858984
3.435999999999843,pelvis,100.0,4.184493260534522,"[4.147482570884272, -0.42394497417169597, 0.340614929787771, 0.07328847109833059, -0.08403577435839793, 0.013823486618966263]",1750.9983847458834,0.06183277163584697
3.435999999999843,com,2.0,4.70909396993841,"[4.708951169419306, 0.01702017487063035, 0.03248407890360161]",44.351132035420584,0.0015661655903443032
3.435999999999843,posture,1.0,77.06889660845027,"[26.059816145558358, 1.6255692264807018, 0.6472585309288459, 18.48378174343797, -21.101364483698834, -0.48870684543470216, 25.850643395495798, 1.467456434130158, 0.6259602732866496, 19.372657394485362, -19.04509169708755, -0.3721531086141951, -1.5894148656207912, 1.2969117591501629, -5.612718358625191, -48.10594147559138, -0.07403150326967195, -0.1413947716536566, -10.33551373875685, -0.012860041811588264, -1.6557142771139102, -0.01747292450193587, -7.76695424248611, 0.7735678099406351, -0.31419640939169213, 18.546445376399177, 0.00568185202802499, 14.022482647948678, -0.4710533297155347]",5939.614824443998,0.20974482343570902
3.435999999999843,reach,3000.0,0.1341621940470752,"[0.03408868796719533, 0.02582122745451254, 0.12716414540640997]",53.99848293457517,0.00190684120160415
3.435999999999843,acceleration,0.1,13.975006684828044,"[-0.5668981874540284, 0.034843126954611614, -0.18731698994380558, 0.7690673161891193, -3.1560740212619742, -0.6889847830725611, 2.1064916255592276, -0.9210359051528446, 0.7796336067322165, 1.9672133838429329, -1.59607066774847, 0.3350533321064168, 1.6922208346838674, -0.9102452410392682, 0.7716942424563973, 2.5947804435284767, -3.349364529997384, 0.31655630718868305, 0.7416043593163466, -0.23642079246308492, 5.4849037072206865, -0.23160043340662995, -0.4671757506396101, -0.22988468192856007, -6.76186483476631, -0.012831683553197498, -0.9884875359922829, -0.09158323627616918, -3.5068322021582103, -1.5670777109248057, -0.49789005287671034, 5.762078803135146, -0.005133768517653636, 4.802056352336244, -0.4098918263910367]",19.530081184098854,0.0006896631432707981
3.435999999999843,torque,0.001,30.382601448627984,"[1.7933000839076394, -0.16606016662397596, 0.11258266541070534, 10.221690435893818, 19.72099772514702, 0.39088835364389035, 1.564192698732123, 0.11611671932917315, 0.1433094411447138, 9.333712387801299, 18.164743080301875, 0.2472010755022066, -0.07737655450181857, 0.6770196384087785, -1.1214546804286434, -0.0768627193680917, 1.3101512335636858, 0.13086437464182943, -0.3723756095251752, -0.0008959584316315131, -0.12093052512535024, 0.03203458084734851, 0.7451166976487034, -1.558739183635635, -0.15873201077762406, 0.19943472444712323, -0.0023924446386731253, 0.08305362621799411, -0.047961172069432005]",0.9231024707861714,3.2597394018093834e-05
3.435999999999843,old_body_slack,100000.0,0.0,"[0.0, 0.0, 0.0, 0.0, 0.0, 0.0, 0.0, 0.0, 0.0, 0.0, 0.0, 0.0]",0.0,0.0
3.435999999999843,nominal_torque,1.0,59.136164489279494,"[23.916240259258405, 2.270361797811069, 0.013181338084826813, 26.221901585504, 0.3497101596632284, -0.43292270510393255, 23.834127260943603, 2.261480671731399, 0.030304943546919066, 25.58072078830186, 2.5994363793772806, -0.4415367042980436, -2.420554731242116, 1.9926079692043475, -11.353730803578538, -25.07686271936809, 0.2992583028911737, 0.07435110766621275, -3.7030048509416655, -0.0001185454656114454, -0.7074633267264245, 0.07031208072413003, -3.942370121221071, 2.0886302738025675, 0.14814956946890473, 13.033501808391701, 0.00954882570733134, 5.083053626217994, -0.0762307456057724]",3497.0859505031212,0.12349212817793075
3.435999999999843,point_slack_0,50000.0,0.0037589819174426533,"[-0.0011887484302700053, -1.6375746742822124e-05, 0.002298180949583957, -0.0009106736679295776, -1.5130035505411544e-05, 0.0025700900637224246]",0.7064972527830423,2.4948442941611804e-05
3.435999999999843,point_slack_1,50000.0,0.003622137131195463,"[-0.0014689364405764346, -7.0743531313999265e-06, 0.0022247823732490166, -0.0006065473362795419, 4.6045871877712037e-07, 0.0023758149323484224]",0.6559938698592449,2.316502373896183e-05
