case,time_s,foot,point_count,motion_rank,predicted_wrench_world,measured_pre_step_wrench_world,measured_post_step_wrench_world,force_prediction_error_N,predicted_inner_cone_residual,measured_inner_cone_residual,measured_outer_cone_residual,predicted_point_acceleration_m_s2,point_target_acceleration_m_s2,predicted_point_target_residual_norm,actual_post_normal_force_N,actual_post_tangent_speed_m_s,observed_interval_material_point_acceleration_m_s2,point_acceleration_prediction_interval_difference_norm
control,2.9959999999998916,left_foot,4,6,"[-0.0791701138520458, -0.45775446924219454, 164.9729749493665, -0.7529296944351757, -4.413006661425092, -0.049719790617061076]","[-0.17583708692657601, -0.29515725031582274, 164.91018022852967, -0.7560813901065545, -4.428972950843743, -0.03134982938728833]","[-0.17589148337005406, -0.29495974624858645, 164.909953471485, -0.7562169395522235, -4.428949337706346, -0.031340321571472846]",0.1993126595351047,0.0,0.0,0.0,"[[-0.00045413585269057276, -0.0002506870527352035, -0.0070629656162119045], [-0.000940539932744655, -0.0002495962906417183, -0.008925144670716725], [-0.00040497221760942204, -0.0019083438671124852, -0.003048975307493935], [-0.0009886571136747205, -0.0019070349526003206, -0.005283590172899813]]","[[-0.00039976040740449125, -0.0002647900423630842, -3.808373121183623e-05], [-0.0008976657926228058, -0.0002651925046320372, 5.540304520610555e-05], [-0.0003488383427580286, -0.001957567825191977, -7.067472020632974e-05], [-0.0009463248050199994, -0.0019580507799147203, 4.150941149520072e-05]]",0.012932183435685812,164.909953471485,0.0001086456701671483,"[[-9.24774527889226e-06, 8.285386186458827e-06, 7.746844285115571e-06], [-1.6693849147990578e-05, 8.288415342472849e-06, 1.413234017579181e-05], [-8.52486434907718e-06, -1.7010273658817644e-05, -1.7539251127837434e-05], [-1.7460188991831176e-05, -1.700663867159201e-05, -9.876656059018663e-06]]",0.01327938398487065
control,2.9959999999998916,right_foot,4,6,"[0.18356562252194983, 0.18882716986030726, 178.868429377598, -0.6473782832546086, -4.5527397750488925, -0.0247797476875959]","[0.18417409260198755, 0.3049196033946641, 179.53975573929768, -0.6494254867652745, -4.5666366296176335, -0.011789671674276634]","[0.18368151094396584, 0.3048765294092556, 179.54006109607604, -0.6494877916613386, -4.5667947902219215, -0.011785966942106393]",0.6812906188057218,0.0,0.0,0.0,"[[0.0008344593037449854, 0.001945268774669746, -0.008732126993207398], [0.00033861246617991457, 0.0019461622608266168, -0.010640526154579572], [0.0008843024117389721, 0.0002551069682886685, -0.00370474999532535], [0.00028928620666036534, 0.0002561791516768757, -0.005994828988971954]]","[[0.0009308567549671402, 0.0019525497433326973, -3.23246970968003e-05], [0.00042630512151887974, 0.0019521851640369064, 7.817678615550997e-06], [0.0009824613285132349, 0.00023712326774354543, -2.13302846426167e-05], [0.00037699936837534096, 0.00023668577258859722, 2.6840566212204246e-05]]",0.015457586335307912,179.54006109607604,0.0001080690006368273,"[[8.890253227156727e-06, 1.9468181267679876e-05, 7.566397915816576e-06], [1.4915177790455283e-06, 1.9472239201132842e-05, 1.3465491036100573e-05], [9.607803900851425e-06, -5.669693984712287e-06, -1.618040522483812e-05], [7.293213633710796e-07, -5.664824464584314e-06, -9.101493480492153e-06]]",0.01576468323346372
control,3.111999999999879,left_foot,2,5,"[-4.2594585620131715, 3.444947524493425, 155.9129613334321, -1.8029791322948958, -18.545959187247533, -0.39575589591020727]","[-4.138154518932708, 2.5331209843028812, 156.24191705934624, -1.5873463421172045, -18.589375700475674, -0.024257338208587942]","[-4.039444768547267, 2.0427695966431627, 157.4151397391727, -1.6002604416401736, -18.73295505128435, -0.16815104956322113]",0.97691052808086,0.0,0.0,0.0,"[[0.051401744583490394, 0.011690781002642413, -0.010357653611903397], [-0.08950896968410012, 0.011805088389115504, 0.0011843076972423705]]","[[0.050870069856630666, 0.012138932067353309, -0.009448314423862788], [-0.08993411612282225, 0.01142005988421773, 0.002793323025968887]]",0.00205629324827663,157.4151397391727,0.004693955567789962,"[[-0.09184086596240798, 0.0019093119396208541, -0.03771307323533231], [0.04164691762871827, 0.003420459395890593, 0.009712754904983174]]",0.196741822670602
control,3.111999999999879,right_foot,2,5,"[-12.633917228161438, 3.9503879874493784, 190.81085529767273, -1.7988246422463825, -22.423897091613615, -0.15354323731848532]","[-12.457712909478635, 2.792512158418692, 192.2257077740184, -1.6443874736821429, -22.598973557271965, -0.12802498327635767]","[-12.14742111002208, 3.1682092279546343, 192.04081373627614, -1.5972656195587827, -22.586424236886984, 0.01162714110551008]",1.8367177048194998,0.0,0.0,0.0,"[[0.006943682045364373, 0.014151296769530005, -0.00663753222687663], [-0.14025574238169203, 0.01429985432213731, 0.0022076304703330663]]","[[0.006232234348044208, 0.014638844758747141, -0.005744166049105291], [-0.14051027731394716, 0.013887453198419449, 0.0037942750038096745]]",0.002072261467477185,192.04081373627614,0.006815204495469254,"[[0.018004908719249688, -0.010866467669584596, -0.004116407876360066], [-0.06076142447810118, -0.010513812645134391, 0.04563143361762944]]",0.09785339374874971
control,3.147999999999875,left_foot,2,5,"[-2.892658140680348, 2.4128222750440598, 164.45375228040146, -1.5231720160073512, -19.602008772771562, 0.0069247776014344075]","[-3.1499395324177817, 1.0418981687691362, 165.18399148269918, -1.3949796743186056, -19.678196888384576, -0.3489216907514747]","[-3.7862631063452747, 2.17528738738881, 166.37545512361217, -1.3444368718594646, -19.796784479174313, 0.033958273708213096]",1.5744446361407776,0.0,0.0,0.0,"[[0.07065504253629984, 0.010362042399689669, 0.008834300800732359], [-0.08960180238949636, 0.009948584803012764, -0.004088151814640006]]","[[0.06972875737438412, 0.010915458827853684, 0.009957932445037948], [-0.09002777850606859, 0.009435582183110417, -0.002251266094991872]]",0.0024991195455991697,166.37545512361217,0.00402357761396533,"[[0.180862204773645, -0.01929857305480675, -0.009928995600917125], [-0.12815039627722508, -0.021423524404233785, -0.0009500974609701675]]",0.12592649729649122
control,3.147999999999875,right_foot,2,5,"[-9.311250288262666, 3.191491851407004, 187.17153308586876, -1.5222601524356005, -22.06757689706053, -0.6923181672234211]","[-9.28934810955123, 2.6863511426990034, 189.02209395312798, -1.3107684846343814, -22.288893611575503, 0.04833174775512408]","[-9.912927713123707, 1.2324745485714952, 188.90679491714474, -1.3150564978123365, -22.248554553918964, -0.4000595166017803]",1.9183905661927971,0.0,0.0,0.0,"[[0.020537100258523826, 0.015303042166377484, -0.0030176511026976105], [-0.1175700072901396, 0.014809000100690192, -0.015553396725414018]]","[[0.019512383877087203, 0.01572487107400931, -0.0019337735698866064], [-0.11790191286783824, 0.014443509034773204, -0.01376680054793411]]",0.0024162873854302433,188.90679491714474,0.00643640218399829,"[[-0.18363700028164257, 0.026224421982282774, -0.010502429418597015], [0.1296412916300172, 0.03022466684760003, 0.009506399885333198]]",0.3222443549173861
control,3.1519999999998745,left_foot,2,5,"[-2.971242954580506, 2.411044452160408, 165.20839501435577, -1.528397360424856, -19.68498154412474, -0.7520311372025293]","[-3.812103045652715, 2.1375569119740723, 166.38635690271167, -1.338868688359592, -19.795387479219407, 0.05039164674439843]","[-4.075509747192048, 0.48640502690727805, 167.2293925547658, -1.3245819303806874, -19.883747557515907, -0.4481173502046062]",1.4729003149616484,0.0,0.0,0.0,"[[0.05611667521833715, 0.012049143516330116, 0.009608011142232115], [-0.07922276937884762, 0.01150487399656518, -0.004042754279038996]]","[[0.055255650350248195, 0.012450987949656983, 0.010765663318259636], [-0.07977507788090754, 0.011141620197163485, -0.002162161585243976]]",0.002493316710108707,167.2293925547658,0.004666926942061689,"[[-0.17088837940479, 0.027573608935166645, -0.032581861272195665], [0.1651889692916681, 0.0318860369163401, 0.0028697702909280007]]",0.33727223719596694
control,3.1519999999998745,right_foot,2,5,"[-9.125278037843032, 2.935520352108082, 186.41600852956867, -1.3913177395449627, -21.9781330805281, 0.16445386111476215]","[-10.107804225212822, 1.3858064687495557, 189.0611461596921, -1.307157671832805, -22.256783794752145, -0.3936362784231838]","[-10.043357588753576, 3.057351791618369, 188.30196076078118, -1.22310805810945, -22.16542061502831, 0.15727231671551742]",3.21927381740612,0.0,0.0,0.0,"[[0.03542498494373612, 0.013039104200716991, -0.0021995231587449704], [-0.1280708513687414, 0.01253675726654925, -0.01631849177984264]]","[[0.034203743484114875, 0.013614171808497954, -0.001070311035558224], [-0.1282662801829085, 0.012013414623065662, -0.014504524522708315]]",0.0025883992406928323,188.30196076078118,0.0057852214359294185,"[[0.23819965756800648, -0.030743794614674174, -0.009945224744322691], [-0.16778867036147502, -0.03405476615096386, -0.004049984675277744]]",0.21677937504774436
control,3.1719999999998723,left_foot,2,5,"[-5.461540924083822, 1.4672968015305607, 168.27633386269665, -1.2752638338333186, -19.939639428753953, 0.32082361873529947]","[-5.929034780511617, 0.6238724671766765, 169.82724864294363, -1.1755204593517259, -20.105615511370395, -0.2888009234790513]","[-6.47662319978931, 2.059146569671483, 170.3120062991819, -1.1577237983899331, -20.141792850269667, 0.18867590550472188]",1.826267168068948,0.0,0.0,0.0,"[[0.03492074424088904, 0.010899133715546482, 0.016690274885253195], [-0.08345116269411701, 0.010098190033173839, -0.0030739296042848196]]","[[0.03368502237446787, 0.011202036733953058, 0.01797194069871423], [-0.08381799738501804, 0.009819788923439519, -0.0010767941521003244]]",0.002731675476667736,170.3120062991819,0.003595167147276545,"[[0.2896596764926025, -0.0181816156745648, 0.006921045218904481], [-0.16131677737462244, -0.023274917065968584, -0.004107372567104079]]",0.2702053620294915
control,3.1719999999998723,right_foot,2,5,"[-9.540872180861914, 2.265915232875529, 180.6252930804861, -1.2072419145932192, -21.232888865262094, -0.45091404761773757]","[-10.333061193825959, 2.714391249934769, 183.7574873036734, -1.0590898233923203, -21.57703523952431, 0.25841012771975347]","[-10.497415982521815, 1.2140140555233505, 182.60954552937272, -1.0380658360798, -21.4285020453002, -0.1852895915698572]",3.261799322752114,0.0,0.0,0.0,"[[-0.007122793771832232, 0.01653090546755878, 0.00036781576500223567], [-0.10102736188713114, 0.015789950088677805, -0.016857271957386344]]","[[-0.008458076391378438, 0.016730926864219585, 0.001596640895427416], [-0.10128029320174106, 0.01563158124910584, -0.014955864584803979]]",0.002652810654780515,182.60954552937272,0.00538066930459737,"[[-0.07110232004729335, 0.02641587589419419, -0.00482517038587518], [0.06740070566927048, 0.02852160240659053, 0.010733104808984472]]",0.18305572192523611
control,3.2319999999998656,left_foot,2,5,"[-9.430482282175081, -0.4825152128507102, 172.1196674578144, -0.8175966364446025, -20.134814036423972, -0.07754250118804507]","[-10.176749386687685, -0.42709321656916577, 174.10018711133455, -0.7804605641070492, -20.341474031417935, 0.0023184477554954175]","[-10.4176395527264, -0.5078147365444383, 174.2289012986971, -0.7611812819350079, -20.34286772934651, -0.004929580071921208]",2.117178378627809,0.0,0.0,0.0,"[[-0.06980956343351744, -0.002809757474445276, 0.011115391004322822], [-0.052055568042506696, -0.002513864386708378, -0.010346638076652759]]","[[-0.07103106330809683, -0.002792346788565714, 0.012590716302007879], [-0.05269492642379886, -0.00252147142766679, -0.008139057809696468]]",0.0029918551855705293,174.2289012986971,0.0036968114717020077,"[[0.032977227913646455, 0.011910228481246154, 0.003962549923321442], [-0.009581206200791698, 0.011378690220853879, 0.002572249194697443]]",0.11400411279083798
control,3.2319999999998656,right_foot,2,5,"[-9.32137293080498, 0.30601962938252236, 168.34091350037016, -0.657450767927079, -19.63481360806836, 0.009797014991617548]","[-10.142651962068188, 0.21429639768835249, 170.818140038847, -0.5975208216353134, -19.895916210474663, 0.0817993962283296]","[-10.24401207889876, 0.1382736191380257, 170.31786664583757, -0.5778141567666943, -19.82723451955013, 0.0754285462394485]",2.6114294402412908,0.0,0.0,0.0,"[[-0.06952380917502833, 0.001155317985988072, 0.0010293509489580077], [-0.052765634477671665, 0.001429330277568577, -0.01818000959841022]]","[[-0.07098190855981401, 0.0011758312085752417, 0.002431191161193641], [-0.053126813569575326, 0.0014363461205193747, -0.016133478611074226]]",0.002900072280040834,170.31786664583757,0.003654561043498036,"[[0.02199880825312881, 0.011579764009089914, -0.004268424559682999], [-0.020950777974699606, 0.0110329346834239, -0.005271144676632635]]",0.09891500445628511
direction_45,2.9959999999998916,left_foot,4,6,"[-0.0791701138520458, -0.45775446924219454, 164.9729749493665, -0.7529296944351757, -4.413006661425092, -0.049719790617061076]","[-0.17583708692657601, -0.29515725031582274, 164.91018022852967, -0.7560813901065545, -4.428972950843743, -0.03134982938728833]","[-0.17589148337005406, -0.29495974624858645, 164.909953471485, -0.7562169395522235, -4.428949337706346, -0.031340321571472846]",0.1993126595351047,0.0,0.0,0.0,"[[-0.00045413585269057276, -0.0002506870527352035, -0.0070629656162119045], [-0.000940539932744655, -0.0002495962906417183, -0.008925144670716725], [-0.00040497221760942204, -0.0019083438671124852, -0.003048975307493935], [-0.0009886571136747205, -0.0019070349526003206, -0.005283590172899813]]","[[-0.00039976040740449125, -0.0002647900423630842, -3.808373121183623e-05], [-0.0008976657926228058, -0.0002651925046320372, 5.540304520610555e-05], [-0.0003488383427580286, -0.001957567825191977, -7.067472020632974e-05], [-0.0009463248050199994, -0.0019580507799147203, 4.150941149520072e-05]]",0.012932183435685812,164.909953471485,0.0001086456701671483,"[[-9.24774527889226e-06, 8.285386186458827e-06, 7.746844285115571e-06], [-1.6693849147990578e-05, 8.288415342472849e-06, 1.413234017579181e-05], [-8.52486434907718e-06, -1.7010273658817644e-05, -1.7539251127837434e-05], [-1.7460188991831176e-05, -1.700663867159201e-05, -9.876656059018663e-06]]",0.01327938398487065
direction_45,2.9959999999998916,right_foot,4,6,"[0.18356562252194983, 0.18882716986030726, 178.868429377598, -0.6473782832546086, -4.5527397750488925, -0.0247797476875959]","[0.18417409260198755, 0.3049196033946641, 179.53975573929768, -0.6494254867652745, -4.5666366296176335, -0.011789671674276634]","[0.18368151094396584, 0.3048765294092556, 179.54006109607604, -0.6494877916613386, -4.5667947902219215, -0.011785966942106393]",0.6812906188057218,0.0,0.0,0.0,"[[0.0008344593037449854, 0.001945268774669746, -0.008732126993207398], [0.00033861246617991457, 0.0019461622608266168, -0.010640526154579572], [0.0008843024117389721, 0.0002551069682886685, -0.00370474999532535], [0.00028928620666036534, 0.0002561791516768757, -0.005994828988971954]]","[[0.0009308567549671402, 0.0019525497433326973, -3.23246970968003e-05], [0.00042630512151887974, 0.0019521851640369064, 7.817678615550997e-06], [0.0009824613285132349, 0.00023712326774354543, -2.13302846426167e-05], [0.00037699936837534096, 0.00023668577258859722, 2.6840566212204246e-05]]",0.015457586335307912,179.54006109607604,0.0001080690006368273,"[[8.890253227156727e-06, 1.9468181267679876e-05, 7.566397915816576e-06], [1.4915177790455283e-06, 1.9472239201132842e-05, 1.3465491036100573e-05], [9.607803900851425e-06, -5.669693984712287e-06, -1.618040522483812e-05], [7.293213633710796e-07, -5.664824464584314e-06, -9.101493480492153e-06]]",0.01576468323346372
direction_45,3.111999999999879,left_foot,3,6,"[-23.908630081520624, -23.521209855210866, 270.7145189903704, 7.129068054178384, -28.919283508854924, -4.03237840787306]","[-23.111073524552076, -22.182229849435053, 282.11436625161946, 6.824939571802579, -28.73273194285487, -3.766154395726109]","[-23.05371062824248, -22.67301287647547, 285.0314455641505, 6.9365629588825986, -29.100417704632623, -3.7933324291135495]",11.505888992043989,0.0,0.0,0.0,"[[-0.09999722100327482, 0.11938884604254034, -0.1010082274695485], [-0.09080516492477522, -0.21624149734265388, 0.09853317505013535], [-0.2088113965150257, -0.21498892106580905, -0.17072557872672428]]","[[-0.10122531385133499, 0.11875060116579177, -0.08240897996193028], [-0.09004157810346428, -0.21466331597390137, 0.09477238217956832], [-0.20842165126299994, -0.21651658975434673, -0.15627419627215003]]",0.024008185865018034,285.0314455641505,0.015364585763306023,"[[0.032401537790717916, -0.04588459082888517, -0.041394362828701486], [0.027047949267834517, 0.060740100331416635, 0.12250490141747875], [0.06516494100407821, 0.06268150039203266, -0.07478441784656642]]",0.5485890644069544
direction_45,3.111999999999879,right_foot,1,3,"[4.385406302831101, -12.140555974409514, 59.50333089331657, 1.3315056917544863, -7.2837182115378925, -1.5842404229611513]","[4.876219075144402, -10.550365429031604, 62.38212213504221, 1.4743006578134237, -7.646136181251361, -1.4083929949076972]","[5.104947023425196, -10.7715829464533, 59.54948665238469, 1.381120293905524, -7.314906248954251, -1.441551727231687]",3.3252131001653704,0.0,0.0,0.0,"[[0.0508636931749662, -0.12596713579381286, -0.03272466284730984]]","[[0.050437928231272834, -0.1261470396390765, -0.03152468453835183]]",0.0012859195631098343,59.54948665238469,0.007085652412865803,"[[-0.06842282833512706, 0.052264880979946665, 0.08257982470525216]]",0.24349753770208551
direction_45,3.147999999999875,left_foot,3,6,"[-22.861139490264712, -26.911345388211963, 295.4856414105424, 7.93536700467093, -32.32087548161422, -4.085319009803139]","[-22.146266540610014, -25.30551719952842, 310.2101627823482, 7.9100061983149175, -32.21051065573078, -3.869794035433629]","[-22.11656527218827, -26.503373998948728, 305.31086698728376, 7.7702724984043385, -32.51994724660925, -3.8804859701894228]",14.829067979292704,0.0,0.0,0.0,"[[-0.11155088620905436, 0.12896494868658293, -0.056995014143532224], [-0.09968222289813154, -0.2503203068110128, 0.04969986103078222], [-0.2338322943860098, -0.25087019349904355, 0.0007129759023094748]]","[[-0.11334105933027694, 0.1284590272229373, -0.04312048421559793], [-0.09929640577013996, -0.25000339107980374, 0.04972772892522334], [-0.23322057573863644, -0.2512805099209212, 0.010912579043143751]]",0.017343234635127117,305.31086698728376,0.017078012460591596,"[[0.010849641560206605, -0.0036506915801681086, -0.006376612625745752], [0.009448864159698409, -0.024495984534390988, 0.01253334173135847], [0.003370008157993685, -0.018870661356813232, 0.5950746703729782]]",0.7501820630787961
direction_45,3.147999999999875,right_foot,1,3,"[6.219985514385897, -13.941838884722175, 34.93718090556994, 0.5194697945185758, -4.407024099955182, -1.851125731481516]","[6.587657653804074, -12.304722132467141, 38.41501633449486, 0.6826016156663398, -4.836459383135299, -1.6662243226722389]","[5.06435262831712, -13.465492604079136, 37.01311598356146, 0.5974244581162608, -4.612537407889528, -1.7597993237204164]",3.8614341031932407,0.0,0.0,0.0,"[[0.08023688238611831, -0.1637564954289047, -0.06230521132137133]]","[[0.07958208080932642, -0.16394532047943902, -0.06072836140797781]]",0.00171781129756664,37.01311598356146,0.009600221510183478,"[[-0.00525162657595398, 0.13296713039312882, 0.031024466113080962]]",0.3225889396361124
direction_45,3.1519999999998745,left_foot,3,6,"[-23.30420283167975, -26.12979464881098, 294.6287102014018, 7.416077840567517, -32.721581627929304, -4.002085983603042]","[-22.028814926329428, -26.565968218718247, 304.69814359571524, 7.7763224569689315, -32.518541863197086, -3.8732942858663826]","[-21.924113211125803, -29.68854780711236, 296.7897019169185, 7.907868507292699, -32.832121153148826, -3.793400575193461]",10.159249508438792,0.0,0.0,0.0,"[[-0.11243147448851501, 0.12924545360719153, -0.05587888088724967], [-0.10042837864473732, -0.24850270441857134, 0.04889413297212261], [-0.23402016024671748, -0.24925917424557084, -0.0469624287405232]]","[[-0.11420439648981352, 0.12875567810692864, -0.042608378568878905], [-0.10005224508584105, -0.2480518698277958, 0.048726886803994486], [-0.23348621192573077, -0.24976842990703893, -0.036691375289470765]]",0.016908608604522996,296.7897019169185,0.013772987231772659,"[[0.17540037519416768, -0.4051950799618779, 0.4248954590174423], [0.15513671312668997, 0.04596001121986588, 0.0038505274236725557], [0.3143550441814246, 0.04221664591558943, -0.7203647531950415]]",1.2620668627728169
direction_45,3.1519999999998745,right_foot,1,3,"[5.888351078986704, -14.120160782017143, 35.59274487435899, 0.5303438196666472, -4.472988350713818, -1.8622380916382024]","[5.040331395368025, -13.540915699935134, 37.01037390447749, 0.5936383141519515, -4.611155155869667, -1.7679204551173147]","[4.808717470225589, -13.908141021445942, 37.53284179050129, 0.5946231511463669, -4.664879709156487, -1.8047975145674031]",1.750524011819213,0.0,0.0,0.0,"[[0.08069908736709697, -0.17437597993109916, -0.06481431759909619]]","[[0.08002402689963786, -0.1745682013432989, -0.06319272692595392]]",0.0017669782164068033,37.53284179050129,0.010236578931578129,"[[0.05687639157616348, 0.19630881602562555, -0.018212718888697195]]",0.3743613866180526
direction_45,3.1719999999998723,left_foot,3,6,"[-23.283388382883004, -22.26031593176684, 277.0619439938601, 6.1665262466437785, -32.32162979003052, -3.0246597177493615]","[-23.90022691036901, -24.06747977660234, 284.85007323193685, 6.508787825253798, -32.720585174617305, -3.0120024551170426]","[-23.834140430226654, -23.656984049152264, 281.40520523347215, 6.414895652966905, -32.50999238406511, -2.870407632141075]",8.018808387787905,0.0,0.0,0.0,"[[-0.12424441290147657, 0.15918950949573893, -0.13252900421110578], [-0.11240862142506981, -0.18369843578717457, 0.006682023153722946], [-0.23387433997325624, -0.1842211462955446, 0.01364474832289117]]","[[-0.12601037069600005, 0.15882394761516683, -0.12275870265947723], [-0.11224320970896481, -0.18346473162330734, 0.007855919684462247], [-0.2334256241219779, -0.1845493221311298, 0.021407454190915665]]",0.012678315907680666,281.40520523347215,0.014363987743451486,"[[0.013653420145218921, -0.08967665291908275, 0.16118400767187416], [0.015300345576749017, -0.18423381768168162, 0.10683196208272056], [-0.01849986922511661, -0.18573481696806002, -0.10726148170133538]]",0.5045435164234796
direction_45,3.1719999999998723,right_foot,1,3,"[1.3312721897509594, -13.852931667990969, 55.671353635534416, 1.125930114736404, -6.699847030555328, -1.694074894730376]","[1.057976041342008, -13.591737216984168, 53.98654362613591, 1.0859478497931878, -6.4883763957813825, -1.6548052115031426]","[0.30025648214222844, -13.479290226036113, 57.59741997647657, 1.1961773863552447, -6.89080687289472, -1.61886323698941]",1.7267015068451461,0.0,0.0,0.0,"[[0.033570093924361374, -0.19642297904748754, -0.002631115982995355]]","[[0.03284614184263828, -0.19659752232254712, -0.0008983657565273494]]",0.0018859998194126774,57.59741997647657,0.009902488471481431,"[[0.1336405812642034, 0.0006171662120212765, -0.18272472201271692]]",0.2850835460231095
direction_45,3.2319999999998656,left_foot,1,3,"[-17.287488892217333, -15.58540459605881, 227.67705345988043, 6.637033942413729, -26.550148870604975, -1.3135147224221047]","[-18.384652017745573, -15.222547481551505, 232.36118573803694, 6.797921689659393, -27.06997513731917, -1.2355615944724017]","[-18.390296276281507, -15.030523278499873, 229.92670290776186, 6.732677187610827, -26.778522223743295, -1.2120352699828465]",4.824575360468025,0.0,0.0,0.0,"[[-0.12428385765772548, -0.1198078375387859, -0.030339692826178915]]","[[-0.12497875176168419, -0.11993132172233516, -0.02840696564371031]]",0.002057561790361696,229.92670290776186,0.008982789255282314,"[[0.10684794913263428, 0.002534101358305058, -0.058462594595010756]]",0.2630215955528654
direction_45,3.2319999999998656,right_foot,1,3,"[-7.522198782100982, -10.378936656470396, 111.38570591830505, 2.8989704315831513, -12.994725058817473, -1.0150745598079278]","[-8.313595904884828, -10.295026000188507, 110.51028400727718, 2.876275304772769, -12.86024057524494, -0.9816671947798256]","[-8.562360544918356, -10.11365421522704, 113.47117711274586, 2.97103442866795, -13.203227772562393, -0.9526103015530983]",1.1830950623241976,0.0,0.0,0.0,"[[-0.08092949937029201, -0.13487795918039272, 0.06940221067914586]]","[[-0.08167550588605112, -0.13497716579938351, 0.07125220768568787]]",0.001997212206807535,113.47117711274586,0.007819303501424766,"[[0.09039596759049952, -0.08071681689573051, 0.03430271285895853]]",0.18307872544384296
direction_90,2.9959999999998916,left_foot,4,6,"[-0.0791701138520458, -0.45775446924219454, 164.9729749493665, -0.7529296944351757, -4.413006661425092, -0.049719790617061076]","[-0.17583708692657601, -0.29515725031582274, 164.91018022852967, -0.7560813901065545, -4.428972950843743, -0.03134982938728833]","[-0.17589148337005406, -0.29495974624858645, 164.909953471485, -0.7562169395522235, -4.428949337706346, -0.031340321571472846]",0.1993126595351047,0.0,0.0,0.0,"[[-0.00045413585269057276, -0.0002506870527352035, -0.0070629656162119045], [-0.000940539932744655, -0.0002495962906417183, -0.008925144670716725], [-0.00040497221760942204, -0.0019083438671124852, -0.003048975307493935], [-0.0009886571136747205, -0.0019070349526003206, -0.005283590172899813]]","[[-0.00039976040740449125, -0.0002647900423630842, -3.808373121183623e-05], [-0.0008976657926228058, -0.0002651925046320372, 5.540304520610555e-05], [-0.0003488383427580286, -0.001957567825191977, -7.067472020632974e-05], [-0.0009463248050199994, -0.0019580507799147203, 4.150941149520072e-05]]",0.012932183435685812,164.909953471485,0.0001086456701671483,"[[-9.24774527889226e-06, 8.285386186458827e-06, 7.746844285115571e-06], [-1.6693849147990578e-05, 8.288415342472849e-06, 1.413234017579181e-05], [-8.52486434907718e-06, -1.7010273658817644e-05, -1.7539251127837434e-05], [-1.7460188991831176e-05, -1.700663867159201e-05, -9.876656059018663e-06]]",0.01327938398487065
direction_90,2.9959999999998916,right_foot,4,6,"[0.18356562252194983, 0.18882716986030726, 178.868429377598, -0.6473782832546086, -4.5527397750488925, -0.0247797476875959]","[0.18417409260198755, 0.3049196033946641, 179.53975573929768, -0.6494254867652745, -4.5666366296176335, -0.011789671674276634]","[0.18368151094396584, 0.3048765294092556, 179.54006109607604, -0.6494877916613386, -4.5667947902219215, -0.011785966942106393]",0.6812906188057218,0.0,0.0,0.0,"[[0.0008344593037449854, 0.001945268774669746, -0.008732126993207398], [0.00033861246617991457, 0.0019461622608266168, -0.010640526154579572], [0.0008843024117389721, 0.0002551069682886685, -0.00370474999532535], [0.00028928620666036534, 0.0002561791516768757, -0.005994828988971954]]","[[0.0009308567549671402, 0.0019525497433326973, -3.23246970968003e-05], [0.00042630512151887974, 0.0019521851640369064, 7.817678615550997e-06], [0.0009824613285132349, 0.00023712326774354543, -2.13302846426167e-05], [0.00037699936837534096, 0.00023668577258859722, 2.6840566212204246e-05]]",0.015457586335307912,179.54006109607604,0.0001080690006368273,"[[8.890253227156727e-06, 1.9468181267679876e-05, 7.566397915816576e-06], [1.4915177790455283e-06, 1.9472239201132842e-05, 1.3465491036100573e-05], [9.607803900851425e-06, -5.669693984712287e-06, -1.618040522483812e-05], [7.293213633710796e-07, -5.664824464584314e-06, -9.101493480492153e-06]]",0.01576468323346372
direction_90,3.047999999999886,left_foot,4,6,"[4.666291356014762, -27.788274089977378, 310.08115939872107, 4.495857763684288, -3.1858769597439, 0.09254910245838252]","[4.703672276006669, -23.915707061942832, 318.045503472791, 3.7162037577802596, -3.394275170544136, 0.07081572799909086]","[4.821973793625735, -25.924993566178962, 327.0041792588799, 4.273590802523892, -3.3915222007474646, 0.18596764712277908]",8.856012039850235,0.0,0.0,0.0,"[[0.007736245558477385, -0.09015145235101962, 0.1532222918637031], [0.0204467320940141, -0.08913260332576116, -0.00460466859654664], [0.006395175907618806, -0.04646875257264612, 0.12058341203423559], [0.02164775975026346, -0.045246133742336644, -0.06880894051806406]]","[[0.0077197778840138245, -0.0896311831865402, 0.16412823101117613], [0.020658656099971542, -0.08982122137076723, 0.008954675794728851], [0.006430557408284724, -0.04590482958065806, 0.12494875264602105], [0.02195721126743401, -0.04613287540173045, -0.061259513613715705]]",0.019515039432142757,327.0041792588799,0.0051121100348666595,"[[0.0018824742024720186, 0.12161495431594169, 0.031698417570199505], [-0.028253245136011827, 0.12304891007154206, 0.12581046353519562], [0.004878905827616514, 0.019919825483516822, -0.023912024744849714], [-0.031283957378563015, 0.021640572390237815, 0.08902243041314616]]",0.4260553158458341
direction_90,3.047999999999886,right_foot,4,6,"[0.26251611259870455, -15.66754886410857, 32.209149292367314, 0.35135713720093414, -1.6410689511441334, -0.3247813398633166]","[0.20226967073669913, -12.659549614683325, 30.502229515639776, 0.41686504338286295, -1.8232636967072633, -0.29331659586169706]","[0.6954258160930029, -12.846939561487257, 23.978866375280667, 0.22530547699589729, -1.4215957478611083, -0.5263679596320678]",3.459084306934923,2.5566710757373115e-07,0.0,0.0,"[[0.002096870872882953, -0.15149925451852372, -0.09983478479338055], [0.027255219991104744, -0.15092213272526359, -0.21964186608608216], [-0.0005832286177924141, -0.06647365787106753, -0.03885455112678621], [0.029606790324074112, -0.06578111171915571, -0.18262304867802817]]","[[0.0022789823818247217, -0.15121512756957112, -0.08805133779440391], [0.027291939173863123, -0.15135811280807346, -0.2056610701055628], [-0.00025354616423713995, -0.06612291998860836, -0.03405274393509396], [0.029762001986208916, -0.06629450227481135, -0.17518442270848464]]",0.020335374985685047,23.978866375280667,0.009874126421187955,"[[-0.05730609370196392, 0.5359416897152041, 0.43514642097904194], [-0.10633121444105577, 0.5364136711064619, 0.31937096381692676], [-0.052520497502150085, 0.3682900291542642, 0.23463806585557348], [-0.11135064238906049, 0.3688564068237742, 0.09570751726103405]]",1.4477158413616207
direction_90,3.083999999999882,left_foot,4,6,"[3.679674704125377, -36.599882491513306, 317.1071149722403, 7.122430026421522, -3.6046939232527455, 0.46196014422302684]","[3.7679250360670618, -34.3669216902113, 336.3550222946259, 7.018477590847614, -3.9464125344675427, 0.3701465059122302]","[4.088013475472751, -35.10306328870291, 337.23047562982197, 7.0501978195731585, -3.803130671615339, 0.31931067433165716]",19.37719892947335,0.0,0.0,0.0,"[[0.01028961538785553, -0.16318757845287554, 0.04775929230699599], [0.034772464527907124, -0.16227903541032546, -0.14548526743425697], [0.007758528314418421, -0.07978655316281068, 0.03677776273279079], [0.037137947282481376, -0.0786963015117505, -0.19511570895671257]]","[[0.010522134084969435, -0.1626240705995881, 0.07312800390824253], [0.03525261432797801, -0.1635844579993889, -0.11891726073270062], [0.008108167067398687, -0.07911393537757926, 0.04751964130645315], [0.037784743359008936, -0.0802664002573396, -0.18293467626267865]]",0.040236308433745135,337.23047562982197,0.008499526192140557,"[[0.0014359248096464906, 0.0348708785020872, 0.1741302656008116], [0.0052632346869794485, 0.03538655956100179, -0.04261784514692134], [0.0009640037410990077, 0.04781981573050485, 0.14989332918352152], [0.005556775593897647, 0.04843863300119959, -0.11020440371375732]]",0.39911730832595893
direction_90,3.083999999999882,right_foot,1,3,"[8.493395319532084e-16, -8.54169357116708, 12.202419387381546, 0.06239582322460328, -1.464081684068007, -1.024857178847593]","[0.4827936363024831, -7.346679967193445, 11.18496229070847, 0.07421501476675818, -1.359026083722852, -0.8958599931402035]","[0.4298694386612073, -6.559589621869841, 9.984941515044355, 0.0659952843183825, -1.2131638027654223, -0.79982702292643]",1.642061555638715,0.0,0.0,0.0,"[[0.13295515731951316, -0.3873007094850609, -0.15149006169893076]]","[[0.13277496803870528, -0.3876158423891019, -0.15065972158269691]]",0.0009062238314867934,9.984941515044355,0.020993888670238152,"[[-0.2693861698075067, 0.036017421633444104, -0.0688342994247667]]",0.5898379088233636
direction_90,3.0879999999998815,left_foot,3,6,"[4.039637136657996, -37.271729672752755, 317.9175493600349, 7.108416942274006, -3.4774999290868696, 0.4074435433104787]","[4.0886079981889925, -35.07102824287078, 337.20138215833344, 7.093129077455419, -3.8038985974543404, 0.30994052819683193]","[4.145835647034795, -35.63571513186448, 335.3493985450051, 7.08861342069674, -3.681152605182744, 0.16799790308401485]",19.409062118543954,0.0,0.0,0.0,"[[0.009965644503237742, -0.16576458766413393, 0.050178178501436806], [0.03450955708911613, -0.16526314756118596, -0.1462354147012601], [0.007459772175058765, -0.08240467811355597, 0.018061189370167995]]","[[0.01040716256576456, -0.16543575004041244, 0.05920914738582649], [0.03482707374381144, -0.16637494588669915, -0.11549564645609273], [0.008030338524133577, -0.08295312896345731, 0.03553997325253612]]",0.03652760553037027,335.3493985450051,0.008654437295946352,"[[-0.012124232624471662, 0.03810418289599352, 0.1337657699696411], [-0.005524560646277865, 0.038716546350606014, -0.01021333895046541], [-0.012886580566841287, 0.06072675064823634, 0.13694306331941866]]",0.38181573416296066
direction_90,3.0879999999998815,right_foot,1,3,"[1.3804498896940693e-15, -7.702730705379933, 11.003901007685624, 0.05576107990314346, -1.3202243261225681, -0.9241570282857852]","[0.4512453729939848, -6.533427357650227, 9.978103900920303, 0.06649387771636894, -1.213082314022703, -0.7973048097280035]","[0.0, 0.0, 0.0, 0.0, 0.0, 0.0]",1.619614895556496,0.0,0.0,0.0,"[[0.1545195128195308, -0.3901227613676928, -0.1459904359178195]]","[[0.15433895021472505, -0.39046823589985263, -0.1451483448438858]]",0.0009279401292239029,0.0,0.0,"[[-3.446975697877329, 3.3131608401688126, -5.41132734606354]]",7.376235487253948
direction_90,3.1079999999998793,left_foot,3,6,"[5.33257859952533, -40.548486454727744, 322.00346080733283, 7.055638795563745, -3.1305725632230237, 0.07593135492467844]","[5.47725375016465, -38.79280644688441, 341.2091333049336, 7.270564443635562, -3.40013083340183, 0.03429370013506139]","[5.6565361561787135, -39.32573051762011, 341.7124629957135, 7.264555029180557, -3.335974888518848, -0.009105666794070766]",19.286295633797874,0.0,0.0,0.0,"[[0.02076871381636118, -0.1895683532564287, 0.017181411205409895], [0.046263911206998305, -0.18966621877597348, -0.145280239237911], [0.018207674086002764, -0.1030950058314997, -0.01840351835756611]]","[[0.021267277323185306, -0.1895741865598679, 0.028769797482126325], [0.04665711885210583, -0.1905677461794314, -0.11300103352516705], [0.018841960090410892, -0.1038316942064159, 0.0007618973023043249]]",0.039315543584769186,341.7124629957135,0.0099934938310573,"[[-0.024998373921349473, 0.040493081133817624, 0.04150703502455649], [-0.026249564325357782, 0.04089147584402097, -0.04057803548847133], [-0.02500031771667979, 0.036433434800973545, 0.037348288226062135]]",0.3865690265378559
direction_90,3.1079999999998793,right_foot,1,3,"[1.8038056243049674e-15, -3.6017346574111886, 5.145335224873133, 0.024826254613310447, -0.6168814950626099, -0.43181704654381226]","[0.47385908848151825, -3.072640756534131, 5.066428350022356, 0.041333025538301774, -0.6243087353600688, -0.38249085171111535]","[0.46130682480766194, -2.4920200530887118, 4.21903839699482, 0.03668880971988624, -0.5222639890967145, -0.31249232836848917]",0.714639130317219,0.0,0.0,0.0,"[[0.24892377077746103, -0.37660613039651775, -0.09710570045306263]]","[[0.24874649663108345, -0.37710458082088305, -0.09622410351975197]]",0.0010281498438197705,4.21903839699482,0.021251164014279414,"[[0.07339255336968784, -0.35363596246642476, 0.33300049251373137]]",0.46511307671122365
direction_90,3.1519999999998745,left_foot,3,6,"[8.2216777005624, -31.501577430615768, 326.30770537540195, 7.422959984730446, -2.524576625911086, 0.29123827284135695]","[8.425092440977986, -29.21070890717131, 331.7005385336872, 7.544010528131052, -2.291490828034698, 0.2788430375154992]","[7.873846348117976, -30.712675185630214, 331.59017178738236, 7.524722452612099, -2.7551004327213526, 0.10792482764906064]",5.862772861149238,0.0,0.0,0.0,"[[0.03327982958627988, -0.1534124151756867, -0.027553977594233094], [0.056562081410246864, -0.1535593686484222, -0.04208120859184259], [0.031023765430157155, -0.07428533272714438, -0.027279547786830297]]","[[0.03395530025060664, -0.15394771792561948, -0.009648907665365646], [0.05704357242522425, -0.15398502091096863, -0.008395275038815646], [0.03180248416146863, -0.07538648576466402, -0.004945987233100843]]",0.04423908158491517,331.59017178738236,0.008857014821289443,"[[-0.019857760890397987, 0.1444094138200873, -0.04536784135768963], [-0.061771361008794406, 0.14912488996655812, 0.4804659067748456], [-0.016220335959394257, 0.004510177584472035, 0.05228788416178756]]",0.6966251105613392
direction_90,3.1519999999998745,right_foot,0,0,"[4.8860696960964285e-16, -2.2766364915448505e-15, 3.561820192205303e-15, -7.073085847972182e-14, -3.6780824447837395e-14, -2.6221373346343827e-14]","[0.0, 0.0, 0.0, 0.0, 0.0, 0.0]","[0.0, 0.0, 0.0, 0.0, 0.0, 0.0]",4.255393467939973e-15,8.392511478839388e-13,0.0,0.0,[],[],0.0,0.0,0.0,[],0.0
direction_90,3.1679999999998727,left_foot,3,6,"[6.31673869617033, -40.33448666881959, 332.04498100818284, 7.3292415692812725, -4.694701112892512, -0.457003957061506]","[6.8318946110107674, -37.03985966329216, 337.0245339827255, 7.437240011676252, -4.168471210326688, -0.28081790835795695]","[5.99446938385994, -39.3139116804081, 337.36870434915755, 7.408990512129636, -4.9219389353161365, -0.4984408481127234]",5.9929876145727246,0.0,0.0,0.0,"[[0.02703591257791377, -0.16952797049960375, -0.04385362868414766], [0.0399154851872885, -0.1693957971201108, -0.029891484176738675], [0.025757646617904768, -0.12525641754345052, -0.00651430093068275]]","[[0.027631088011283583, -0.16990513889541392, -0.02770077609116659], [0.04032420612279118, -0.16970503479563387, -5.539798016967329e-05], [0.026421487224418238, -0.12630985882529877, 0.013640892297058244]]",0.03949238020037247,337.36870434915755,0.009352078514769813,"[[-0.004853783180170206, 0.14894026974416807, -0.1167594142073728], [-0.027358923851299587, 0.15450825301176596, 0.5434010810217488], [-0.002978916239754749, 0.07523585515061736, -0.01556998161542239]]",0.7661352479980422
direction_90,3.1679999999998727,right_foot,0,0,"[2.2804006450617745e-16, -1.067962090687339e-15, 1.64510252850256e-15, -3.304742747894021e-14, -1.6339065995210252e-14, -1.1346826140983909e-14]","[0.0, 0.0, 0.0, 0.0, 0.0, 0.0]","[0.0, 0.0, 0.0, 0.0, 0.0, 0.0]",1.9745651742727485e-15,3.857313823273443e-13,0.0,0.0,[],[],0.0,0.0,0.0,[],0.0
direction_180,2.9959999999998916,left_foot,4,6,"[-0.0791701138520458, -0.45775446924219454, 164.9729749493665, -0.7529296944351757, -4.413006661425092, -0.049719790617061076]","[-0.17583708692657601, -0.29515725031582274, 164.91018022852967, -0.7560813901065545, -4.428972950843743, -0.03134982938728833]","[-0.17589148337005406, -0.29495974624858645, 164.909953471485, -0.7562169395522235, -4.428949337706346, -0.031340321571472846]",0.1993126595351047,0.0,0.0,0.0,"[[-0.00045413585269057276, -0.0002506870527352035, -0.0070629656162119045], [-0.000940539932744655, -0.0002495962906417183, -0.008925144670716725], [-0.00040497221760942204, -0.0019083438671124852, -0.003048975307493935], [-0.0009886571136747205, -0.0019070349526003206, -0.005283590172899813]]","[[-0.00039976040740449125, -0.0002647900423630842, -3.808373121183623e-05], [-0.0008976657926228058, -0.0002651925046320372, 5.540304520610555e-05], [-0.0003488383427580286, -0.001957567825191977, -7.067472020632974e-05], [-0.0009463248050199994, -0.0019580507799147203, 4.150941149520072e-05]]",0.012932183435685812,164.909953471485,0.0001086456701671483,"[[-9.24774527889226e-06, 8.285386186458827e-06, 7.746844285115571e-06], [-1.6693849147990578e-05, 8.288415342472849e-06, 1.413234017579181e-05], [-8.52486434907718e-06, -1.7010273658817644e-05, -1.7539251127837434e-05], [-1.7460188991831176e-05, -1.700663867159201e-05, -9.876656059018663e-06]]",0.01327938398487065
direction_180,2.9959999999998916,right_foot,4,6,"[0.18356562252194983, 0.18882716986030726, 178.868429377598, -0.6473782832546086, -4.5527397750488925, -0.0247797476875959]","[0.18417409260198755, 0.3049196033946641, 179.53975573929768, -0.6494254867652745, -4.5666366296176335, -0.011789671674276634]","[0.18368151094396584, 0.3048765294092556, 179.54006109607604, -0.6494877916613386, -4.5667947902219215, -0.011785966942106393]",0.6812906188057218,0.0,0.0,0.0,"[[0.0008344593037449854, 0.001945268774669746, -0.008732126993207398], [0.00033861246617991457, 0.0019461622608266168, -0.010640526154579572], [0.0008843024117389721, 0.0002551069682886685, -0.00370474999532535], [0.00028928620666036534, 0.0002561791516768757, -0.005994828988971954]]","[[0.0009308567549671402, 0.0019525497433326973, -3.23246970968003e-05], [0.00042630512151887974, 0.0019521851640369064, 7.817678615550997e-06], [0.0009824613285132349, 0.00023712326774354543, -2.13302846426167e-05], [0.00037699936837534096, 0.00023668577258859722, 2.6840566212204246e-05]]",0.015457586335307912,179.54006109607604,0.0001080690006368273,"[[8.890253227156727e-06, 1.9468181267679876e-05, 7.566397915816576e-06], [1.4915177790455283e-06, 1.9472239201132842e-05, 1.3465491036100573e-05], [9.607803900851425e-06, -5.669693984712287e-06, -1.618040522483812e-05], [7.293213633710796e-07, -5.664824464584314e-06, -9.101493480492153e-06]]",0.01576468323346372
direction_180,3.1519999999998745,left_foot,2,5,"[3.8678411251493703, 0.24408559573074726, 135.3895869668909, -1.8903241819775098, 6.650076429251646, -0.8776976230148504]","[4.366004048987353, -14.9868225482955, 223.25769761818455, 0.6374708889487732, 10.957887073965162, 1.6755239301250935]","[4.208688778802154, 0.897884464816094, 140.7476961896031, -1.3813138474594568, 6.897940741661264, -0.17310526171681456]",89.17978245442426,1.1806580351707338e-06,0.0,0.0,"[[-0.16857041925687422, -0.10287718899070644, 0.044741955575441916], [0.23816696650899527, -0.1025797686164167, -0.02479597218753754]]","[[-0.16356216325845083, -0.09897128039795061, 0.05527870729601661], [0.23727230937237873, -0.10678681631115017, -0.007877369187923736]]",0.021356513668156232,140.7476961896031,0.008102094655921372,"[[-0.9286109858902498, -0.4836284149541719, 1.3796934273514188], [1.1166170739346295, -0.522478486006669, -0.33093231396252065]]",1.8831987613779293
direction_180,3.1519999999998745,right_foot,2,5,"[10.358268129964934, -0.471132389946358, 132.18530306412467, -0.8304806933442876, 6.251547106300537, 1.9482483106625412]","[-0.17297972594294286, -11.779308101365261, 111.16067728973684, 0.6012103880551589, 5.538837261447062, 1.2473918033804887]","[9.440365039544684, -5.419152590295567, 134.77343460662752, -0.4772633717420234, 6.403207256376106, 1.1812086248793443]",26.09246842052207,5.88106429739687e-07,0.0,0.0,"[[-0.13955263315230812, -0.08273905263822062, -0.04156588649253584], [0.12541841157908076, -0.08368338161721237, -0.068849146481119]]","[[-0.13532087688562497, -0.08113212806989303, -0.03004096365136436], [0.12550954320486182, -0.0854282712944427, -0.05144666932527759]]",0.02142925500997102,134.77343460662752,0.010548103154006654,"[[0.18504756360191627, -0.23073508854688204, 0.11469198218376161], [-0.9151773284740239, -0.20770982811694116, -0.59504300906876]]",1.2356320935350207
direction_180,3.5319999999998326,left_foot,3,6,"[-16.633706947748895, -0.8047929271945838, 141.84590351616848, -2.6134496617568006, 7.680906790592597, 0.2302060652346318]","[-5.149814719036996, 5.74298762598689, 124.21861231722866, -2.4830777429367594, 6.139488316687816, -0.6511422183776957]","[-6.483690310266887, -1.0240205744897954, 151.64051463673596, -2.8428862878256695, 7.81652131166358, 0.057515696895370956]",22.03348828273708,0.0,0.0,0.0,"[[0.010020666629700976, 0.029577446234877063, -0.06655044505074698], [-0.04204249414241135, 0.030068429113156644, -0.04917970396330559], [-0.04925174895818665, -0.14656551449593952, -0.0869709651296503]]","[[0.007465255842321571, 0.02719689240650882, -0.01114547175904492], [-0.04430598219391506, 0.027644584314065093, -0.009239370966635484], [-0.05093916616366174, -0.14798316741451684, -0.06684311248636667]]",0.0714011512272956,151.64051463673596,0.004161062562667242,"[[0.2485735343907218, 0.15566720790689392, -0.18537479572897492], [-0.07689691329237763, 0.15792238145827725, -0.07385578259505599], [-0.12088412415342215, -0.9516654474800023, 0.5919711352048509]]",1.1042532193407828
direction_180,3.5319999999998326,right_foot,3,6,"[-16.791200138280324, 0.8531697497374872, 172.09321120108677, -3.988808832075477, 9.18473240679003, -0.31305018778691796]","[-9.130598389640106, 1.7802870633604178, 215.33057311267376, -2.6764572243219864, 9.483967151420359, 0.8337639165331068]","[-8.410269420782992, -0.2936138653073268, 191.71143382858546, -3.8643584079712823, 9.2954787928764, -0.38978868465972205]",43.920539964099284,0.0,0.0,0.0,"[[-0.05214181107505639, -0.0003016414433978532, -0.04447340486017026], [-0.01715102150210543, -0.00021213269622252784, -0.06296076179309756], [-0.013782045448838376, 0.11783559708191307, 0.038826626134646214]]","[[-0.05449395490835131, -0.0022265669511511987, 0.011709769381854572], [-0.019487919785231272, -0.0021800241810088217, -0.02131414193326086], [-0.015763626379772938, 0.116180647249641, 0.059789025653144846]]",0.07318230208506889,191.71143382858546,0.0024851153783429897,"[[-0.16047045601185253, -0.05043248158334993, 0.36490181051540893], [0.142102050688923, -0.048921329318661014, -0.14004722507906958], [0.1741094516028934, 0.9722917924034706, 0.6013445592988625]]",1.1390073496644697
direction_180,3.5679999999998286,left_foot,3,6,"[-18.998484074968538, -0.4058177942642839, 142.13262693098608, -2.8400336758580815, 7.7803374219703185, -0.001970747411172761]","[-7.95942665093696, -0.9248546871322033, 153.35457785022848, -3.0683754587416505, 7.955862586119106, 0.006947371183329429]","[-7.810904268396424, -0.8018215152843908, 152.75316094716968, -3.0190408175786754, 7.9198308852444255, 0.00993880254102962]",15.749995890193434,0.0,0.0,0.0,"[[-0.02438635329536918, 0.014776842281145716, -0.05218633076334664], [-0.042370994108524546, 0.01474308268111188, -0.0134038975939966], [-0.04474559421615797, -0.04589611831062272, -0.11369629730923889]]","[[-0.027913303912172546, 0.011861571047802572, 0.008420465928916489], [-0.04552829930303322, 0.011889154702814205, 0.02845861079279274], [-0.04755840651113744, -0.04724988245519908, -0.09130864683736355]]",0.07730237102289957,152.75316094716968,0.0026951396266284527,"[[0.07757451207150894, 0.039419608509724556, 0.09263733058490019], [-0.01450337023288579, 0.040668086405693395, -0.002194541621419356], [-0.02692946656263294, -0.27485536051281834, 0.3051175952011307]]",0.5115626671034958
direction_180,3.5679999999998286,right_foot,3,6,"[-19.34831616198193, -1.0853128821055051, 168.30815633638514, -2.860168868071783, 9.07851407979947, 0.3251186026643752]","[-9.4478658480575, -1.2562736437293918, 185.85797120368747, -3.3076275932181174, 9.23746844716698, 0.004186414588871486]","[-9.422305330283624, -1.415537726732029, 185.47033277619005, -3.059736783596475, 9.253108394329322, 0.03921380734112562]",20.15053711137962,0.0,0.0,0.0,"[[-0.04130942782320161, 0.0015640447401563881, -0.07377339463937119], [-0.035487069778496506, 0.00152686116558641, -0.06812296431982556], [-0.034839361284738454, 0.021449845164730714, -0.07897788811844181]]","[[-0.044601841000195555, -0.0008587499259987696, -0.013901996120256888], [-0.038499023526898365, -0.0008233449938169213, -0.02503358635416472], [-0.037760468883795036, 0.01999914320958968, -0.056695151294615]]",0.07732879071294614,185.47033277619005,0.0023319036369369,"[[0.002849504139423094, 0.0022027024721275614, 0.03288553504373551], [0.0019434932301916226, 0.002250707573588376, 0.025125102217769434], [0.0018109240089709752, -0.0008745687801653074, 0.029909059841705797]]",0.1926689120145307
direction_180,3.571999999999828,left_foot,3,6,"[-19.300060525707252, -0.6634097949680962, 141.97670039607686, -2.7048298700386386, 7.781639679603888, -0.054586999634877315]","[-7.955006883581488, -0.7732647501091223, 152.62698188542777, -3.024584700007436, 7.918179540395963, 0.010730744710718484]","[-8.011687189182648, -0.8600540540096887, 152.61669551637377, -2.906486325848714, 7.9183389856692905, 0.004784180001230404]",15.561195521433776,0.0,0.0,0.0,"[[-0.030472768243864842, 0.011672663533673758, -0.060211649392544864], [-0.041058316980970046, 0.01154443289199962, -0.013359545906076742], [-0.042514978971052636, -0.023910252766416076, -0.1383514866532995]]","[[-0.034118743950273915, 0.008708559620482708, 0.0010104789224823097], [-0.044365232935271434, 0.008637681602985245, 0.028635120063079268], [-0.04541327478729738, -0.025267017408670128, -0.1157170622290288]]",0.07794692431570674,152.61669551637377,0.0024684137358652633,"[[0.044465178415428436, 0.02352251659910674, 0.021841887633415342], [0.0008123276772927158, 0.023687624684214512, 0.05894621899505454], [-0.005568801949628477, -0.1264658712321636, 0.348332404212474]]",0.5180362090995486
direction_180,3.571999999999828,right_foot,3,6,"[-19.56696464468872, -1.0020126975747585, 167.712881695675, -2.9381308610444865, 9.056432476776168, 0.3729613419042569]","[-9.575957722242237, -1.4459911242998078, 185.21374847879017, -3.058661140899403, 9.250676633096795, 0.043039357464271635]","[-9.512808547939045, -1.440188666883939, 184.94335374425336, -3.1281717712860817, 9.228804223954628, 0.07794015270273497]",20.156826990578512,0.0,0.0,0.0,"[[-0.041418523679516955, 0.0014347467042914175, -0.07684172038515488], [-0.03554085713778353, 0.0013927433996823654, -0.07036434140866207], [-0.03488602297341694, 0.021509859796728925, -0.08153545589492617]]","[[-0.0448300300281909, -0.001034753125296918, -0.016532762441808322], [-0.03865492466085689, -0.001002962082179877, -0.027043521841392776], [-0.03790634656581079, 0.020070220116834205, -0.05908779822839051]]",0.07785967951505057,184.94335374425336,0.0024078331891871827,"[[0.018252613111554385, 0.0025934851736673227, 0.04721385458559071], [0.001972088057519868, 0.002927802602379419, -0.010565746095273781], [7.762777412242775e-05, -0.05294187109939434, 0.015143016892057904]]",0.20012362827758676
direction_180,3.591999999999826,left_foot,3,6,"[-20.242910477922052, 0.8730269489322374, 137.77261584874785, -2.985226341257611, 7.608255980413547, -0.7675012859312621]","[-10.1178458687134, 0.2629587944568902, 143.86954637203885, -2.9791000683765505, 5.803679679986513, -0.09947861090212744]","[-9.456116495568917, 0.6204162281911045, 151.58854818334478, -3.1491937336166975, 7.643968063573611, -0.3738463228779341]",11.834765663062031,0.0,0.0,0.0,"[[-0.019231843973652782, 0.014347231270353714, -0.09538692331761625], [-0.03458485607970225, 0.014273497504770014, -0.056367292059355006], [-0.03733324989173807, -0.0383913815030779, 0.1351921614092383]]","[[-0.02372212976523536, 0.011152918321053525, -0.031218977797265714], [-0.038480335554387526, 0.011159694082590911, -0.012676558625549506], [-0.040660695846545594, -0.039830537590374665, 0.15886428300772248]]",0.08157913128909587,151.58854818334478,0.00511405457506543,"[[-0.01763000535552182, -0.045657576609362135, -0.009204493014569435], [0.15986075165092573, -0.0463081274603576, -0.11631825862507332], [0.178913579818997, 0.5481451347443207, 1.4053325995423525]]",1.435321709242374
direction_180,3.591999999999826,right_foot,3,6,"[-21.830289369167204, -2.4792103940072265, 170.8904056531822, -1.9082988507296406, 9.287697726339367, 1.2491636412889437]","[-12.480182517724531, -0.46886894102315946, 199.02390189347378, -3.3685299346046915, 9.459163648263747, -0.9788313252330719]","[-9.888610042264798, -3.854995038936084, 184.54624841032205, -2.2355631976053645, 9.555138006894246, 0.5446748862070376]",29.714635814586078,0.0,0.0,0.0,"[[-0.02309373290843498, 0.011858239145038425, -0.0829315692551833], [-0.061071087139521855, 0.011918483417759237, -0.05268039068243313], [-0.06551437508593964, -0.11674602267332974, -0.12241436262195504]]","[[-0.0272082129342934, 0.00919111589898585, -0.020325371703407476], [-0.06482746181780193, 0.00926133727161156, -0.008667113749344715], [-0.06882868715554888, -0.11812119602626388, -0.09918836071866954]]",0.08033828923742369,184.54624841032205,0.003947823808508974,"[[0.6207103198897805, 0.12303983940178183, -0.3464730678893795], [-0.34359873750957076, 0.12369104128953001, 0.20817219108329513], [-0.45102590062720227, -3.1500614082887246, 0.1123380538907606]]",3.1719691419468226
direction_180,3.6519999999998194,left_foot,3,6,"[-26.460839269401834, 0.08037281534414925, 136.95985897622538, -3.331071837807253, 7.7862521952140575, -0.6481370539413851]","[-13.485385525269447, -3.207207617417411, 151.72932959045085, -2.4028473298855713, 8.023892997892215, 0.21973766083321503]","[-13.427766288979676, -1.098174907545352, 151.22719199436912, -3.223798585748495, 7.851639051925395, -0.23935924826695043]",19.93258255200428,0.0,0.0,0.0,"[[-0.05895406051998289, 0.010574307815657935, -0.05770283566913237], [-0.05513473458860148, 0.010721365365315066, -0.07459005817504999], [-0.054644438367851766, 0.024102594310774106, -0.12031628768640668]]","[[-0.06566312151752896, 0.0066800208646377104, 0.014116950625521884], [-0.06107767070776676, 0.0068634780965468045, -0.026602920866431005], [-0.06040217977939501, 0.022550358230756205, -0.09294295438261554]]",0.09141163057224991,151.22719199436912,0.004832246245583988,"[[-0.11735500854030399, 0.0018864201888059294, 0.2705618895672399], [0.1661299942811795, 0.002834680001444524, -0.27194994876099826], [0.19942281889229094, 0.9595529077457688, 0.42930466730344813]]",1.2003814979817147
direction_180,3.6519999999998194,right_foot,3,6,"[-25.75492258356271, -2.4084817669913585, 162.76886607376895, -2.4086705082351156, 9.029802604478219, 0.6531522356289761]","[-14.497597625233558, -1.8989343206819724, 184.48150611317368, -3.588104786928818, 9.011803461216433, -0.44480506732296393]","[-14.083506888573796, -2.9244963100823336, 183.0063754409183, -2.624130341296168, 9.159519012009715, 0.27704478790032916]",24.462741900658283,0.0,0.0,0.0,"[[-0.06788955224060789, 0.0032002302778356487, -0.07838738814605956], [-0.05237720656174409, 0.0030676377890670875, -0.062224752108856196], [-0.05067613757896618, 0.05575089902820494, -0.02677094714651501]]","[[-0.07405015996059307, -1.7670406137933192e-05, -0.008481764493997275], [-0.05810697781020813, -7.250298418519374e-05, -0.013910494390834468], [-0.056271294340731366, 0.054034069416052134, -0.0005811866187345992]]",0.08962264943396057,183.0063754409183,0.004188094506172626,"[[0.041262132715419945, 0.07950357357168099, -0.02580986164899001], [-0.007883355140318174, 0.07945575906505002, 0.046332079788923036], [-0.014471820534358693, -0.08888886660447383, 0.45274806576218585]]",0.5406200316054287
direction_270,2.9959999999998916,left_foot,4,6,"[-0.0791701138520458, -0.45775446924219454, 164.9729749493665, -0.7529296944351757, -4.413006661425092, -0.049719790617061076]","[-0.17583708692657601, -0.29515725031582274, 164.91018022852967, -0.7560813901065545, -4.428972950843743, -0.03134982938728833]","[-0.17589148337005406, -0.29495974624858645, 164.909953471485, -0.7562169395522235, -4.428949337706346, -0.031340321571472846]",0.1993126595351047,0.0,0.0,0.0,"[[-0.00045413585269057276, -0.0002506870527352035, -0.0070629656162119045], [-0.000940539932744655, -0.0002495962906417183, -0.008925144670716725], [-0.00040497221760942204, -0.0019083438671124852, -0.003048975307493935], [-0.0009886571136747205, -0.0019070349526003206, -0.005283590172899813]]","[[-0.00039976040740449125, -0.0002647900423630842, -3.808373121183623e-05], [-0.0008976657926228058, -0.0002651925046320372, 5.540304520610555e-05], [-0.0003488383427580286, -0.001957567825191977, -7.067472020632974e-05], [-0.0009463248050199994, -0.0019580507799147203, 4.150941149520072e-05]]",0.012932183435685812,164.909953471485,0.0001086456701671483,"[[-9.24774527889226e-06, 8.285386186458827e-06, 7.746844285115571e-06], [-1.6693849147990578e-05, 8.288415342472849e-06, 1.413234017579181e-05], [-8.52486434907718e-06, -1.7010273658817644e-05, -1.7539251127837434e-05], [-1.7460188991831176e-05, -1.700663867159201e-05, -9.876656059018663e-06]]",0.01327938398487065
direction_270,2.9959999999998916,right_foot,4,6,"[0.18356562252194983, 0.18882716986030726, 178.868429377598, -0.6473782832546086, -4.5527397750488925, -0.0247797476875959]","[0.18417409260198755, 0.3049196033946641, 179.53975573929768, -0.6494254867652745, -4.5666366296176335, -0.011789671674276634]","[0.18368151094396584, 0.3048765294092556, 179.54006109607604, -0.6494877916613386, -4.5667947902219215, -0.011785966942106393]",0.6812906188057218,0.0,0.0,0.0,"[[0.0008344593037449854, 0.001945268774669746, -0.008732126993207398], [0.00033861246617991457, 0.0019461622608266168, -0.010640526154579572], [0.0008843024117389721, 0.0002551069682886685, -0.00370474999532535], [0.00028928620666036534, 0.0002561791516768757, -0.005994828988971954]]","[[0.0009308567549671402, 0.0019525497433326973, -3.23246970968003e-05], [0.00042630512151887974, 0.0019521851640369064, 7.817678615550997e-06], [0.0009824613285132349, 0.00023712326774354543, -2.13302846426167e-05], [0.00037699936837534096, 0.00023668577258859722, 2.6840566212204246e-05]]",0.015457586335307912,179.54006109607604,0.0001080690006368273,"[[8.890253227156727e-06, 1.9468181267679876e-05, 7.566397915816576e-06], [1.4915177790455283e-06, 1.9472239201132842e-05, 1.3465491036100573e-05], [9.607803900851425e-06, -5.669693984712287e-06, -1.618040522483812e-05], [7.293213633710796e-07, -5.664824464584314e-06, -9.101493480492153e-06]]",0.01576468323346372
direction_270,3.055999999999885,left_foot,2,5,"[0.26595386184105824, 15.029139136440744, 21.850313080951373, -0.11970684519172091, -2.631540565157625, 1.8114548636874115]","[0.7747251558116297, 13.027644097763527, 20.762814129926905, -0.15781677645204445, -2.5189138326310996, 1.5863831051544413]","[0.7396024999188783, 12.589658862385587, 19.5860052733689, -0.1378472773719328, -2.376394863536559, 1.5327246381384398]",2.3339847017273527,4.45719567783576e-06,0.0,0.0,"[[-0.0038408543123747657, 0.29305080779783893, -0.3310277340786429], [-0.005475423282955968, 0.2580176953708286, -0.09755000316056317]]","[[-0.0042999010306322884, 0.29331273950728065, -0.32848843042419307], [-0.005124205499067317, 0.25815602962436385, -0.09581701846381457]]",0.003142152354046811,19.5860052733689,0.014835105044431297,"[[-0.06007721427006899, 0.01974326863169634, 0.6068790125837139], [-0.0753942801397846, -0.48132788215225775, 0.17636272605902487]]",1.2586013337656787
direction_270,3.055999999999885,right_foot,4,6,"[-2.759928971529499, 25.629105080745994, 316.4635261831211, -7.663394037291758, -8.564084797545954, -0.9025030204534915]","[-2.4006812348584683, 22.56392329570553, 333.8398566132952, -7.408676303504402, -8.283836241365206, -0.750289773135237]","[-2.456612546943995, 23.139604475007243, 334.612498470402, -7.4471729391649735, -8.583163840725, -0.7067502829906608]",17.648265000567104,3.668891451024772e-09,0.0,0.0,"[[0.011460908890852188, 0.10853092944573582, -0.0740407100125803], [-0.013605850793882528, 0.1096806214310558, 0.11306661501295738], [0.013962928857379802, 0.023197044233727017, -0.09997937240890649], [-0.01611718276430177, 0.024576674616110187, 0.12454941762173873]]","[[0.01144792428128199, 0.10950804904411815, -0.06736135510847624], [-0.01367083248547337, 0.10884637516189928, 0.12106709075551486], [0.0140644394998502, 0.024378178560955456, -0.09680368164371426], [-0.016078068620256285, 0.02358416990229196, 0.12931045339307506]]",0.012059061592614948,334.612498470402,0.005929945671378454,"[[-0.005953670202880179, -0.1065706427363358, 0.15753313695237062], [0.008850902635191442, -0.10464548797754317, 0.1381216935992093], [-0.00760988877413648, -0.056606093784358484, 0.15412099706969315], [0.010155598631548093, -0.05429590807382345, 0.13082726504590006]]",0.47499223594508816
direction_270,3.091999999999881,left_foot,1,3,"[-1.177796813491238e-06, 8.219030786979843, 11.741470783112675, -0.05243174181245543, -1.4075856699432463, 0.9853101298348204]","[0.0, 7.310816823242768, 10.444024033203956, -0.04663801687810992, -1.2520457805662535, 0.8764320463963773]","[0.0, 6.672999442903799, 9.532856347005428, -0.04217019787224985, -1.142727658342767, 0.7999093608399368]",1.583736301527844,1.0479120933269473e-07,0.0,0.0,"[[0.15717627902636877, 0.441602214972914, -0.1815535417603768]]","[[0.15708550941717012, 0.44197100164020675, -0.18119728544645747]]",0.0005207314942792947,9.532856347005428,0.024707769609473327,"[[-0.2654896404364916, -0.23509879626214938, 0.13311836573744262]]",0.8576649389186075
direction_270,3.091999999999881,right_foot,3,6,"[-3.7556453348758474, 29.28539240905019, 319.8007624786096, -7.615623622193994, -10.440212764927178, -0.015426457934246757]","[-3.2489773441246825, 27.21575155471897, 337.5835261874545, -7.851582108754905, -10.213950213237078, 0.07833452645328076]","[-3.266066533092016, 27.76142604121115, 338.08946350577537, -7.851705457440643, -10.346200209555985, 0.15185951241162932]",17.909964010108418,0.0,0.0,0.0,"[[0.001342709970742942, 0.12767555686608298, -0.08787043451869517], [-0.0142448170636329, 0.12758366223566814, 0.010329151019333991], [-0.015740430450628767, 0.07466667002755067, 0.02124253928207108]]","[[0.0011623935186002915, 0.12819839633347044, -0.08628585916104249], [-0.01426609033058843, 0.1275579407491294, 0.01533706259032347], [-0.015706197348292594, 0.0751316813954181, 0.025401442027678245]]",0.006738762955485136,338.08946350577537,0.006415089084990435,"[[0.01713833901044003, 0.0016453361656252373, -0.06928724966464676], [-0.001418237219586733, 0.0011870394621005347, 0.0726094713370984], [-0.0031786006879260223, -0.06168313229655105, 0.06710543641863045]]",0.23947941952993682
direction_270,3.0959999999998806,left_foot,1,3,"[-8.748901345608134e-07, 7.565667631982798, 10.808095284637385, -0.047350568616602445, -1.2954943802707626, 0.9068461876011802]","[0.0, 6.658064521204945, 9.511520744578494, -0.04167027306741858, -1.1400826513058364, 0.7980578559140855]","[0.0, 0.0, 0.0, 0.0, 0.0, 0.0]",1.5826714582070804,8.532378027562795e-08,0.0,0.0,"[[0.17846657059726428, 0.4603374477309428, -0.19217713806534298]]","[[0.17837896446379714, 0.46072975582349324, -0.1918319947827532]]",0.0005298154014545618,0.0,0.0,"[[-3.3024748402666977, -3.4755930544541638, -5.012893851562308]]",7.130765152190028
direction_270,3.0959999999998806,right_foot,3,6,"[-3.806716897417705, 29.750511312028195, 320.3739016642059, -7.614012308750758, -10.589928170874135, 0.06639175473096864]","[-3.2774393519813008, 27.673246538292414, 337.97499050293686, -7.851044399718452, -10.345356684872469, 0.15242404815981503]","[-3.5291326253410586, 28.14718141383483, 336.3719951437971, -7.841504938188743, -10.451950435890693, 0.3114072227707676]",17.7311446886321,0.0,0.0,0.0,"[[-2.5562127940742876e-05, 0.12755786200836977, -0.081371725200517], [-0.014120385138482941, 0.1274161017049143, 0.004324232106867908], [-0.015467244295240686, 0.07955636669354171, 0.016182103034381754]]","[[-0.00020908419789281065, 0.12805198876160157, -0.08073956824399445], [-0.014153125591783076, 0.12746500203295558, 0.009531414048377027], [-0.015452418550140175, 0.0800702487255607, 0.020036129799005375]]",0.006550838710839035,336.3719951437971,0.006390633955784244,"[[0.029347518090324785, 0.006935052792838805, -0.04455532886492105], [0.004751356781729842, 0.006577728980685367, 0.06142496438616149], [0.0024393932770991654, -0.07686040391970801, 0.05548805568494521]]",0.24762561920823645
direction_270,3.1159999999998784,left_foot,1,3,"[1.935931920325015e-06, 3.8067716865980077, 5.438242477823215, -0.021435069403450312, -0.6509115304159052, 0.4556384945270712]","[0.0, 3.1178159061364616, 4.454022723052089, -0.017555770659203773, -0.5331086780842926, 0.3731760746590048]","[0.0, 0.0, 0.0, 0.0, 0.0, 0.0]",1.2013944369426974,4.38312444220191e-07,0.0,0.0,"[[0.381162698570573, 0.6949995087015083, -0.06724277329709497]]","[[0.3811055356861559, 0.695517566190358, -0.06703700023037498]]",0.0005603514183933907,0.0,0.0,"[[-0.7784913365834086, -0.6086684721381662, -1.0220500136157824]]",1.9889707267027572
direction_270,3.1159999999998784,right_foot,3,6,"[-3.96368475656387, 32.993236016749385, 324.53519486133564, -7.613420823871486, -11.336163813286788, 0.5483630769196094]","[-3.151479975535917, 31.34509555363065, 342.2290398353297, -7.846691805730775, -11.012985440788633, 0.5880428557363782]","[-3.494901752355487, 31.306518922675878, 340.314515263618, -7.847962738474965, -11.1461232375263, 0.758893821991014]",17.788990796451262,0.0,0.0,0.0,"[[-0.008798158354141168, 0.12844984669588883, -0.05101251755302111], [-0.014153762076676865, 0.1282892302279883, -0.010142038519634803], [-0.014658358232439567, 0.11005373035576378, 0.006662451796758909]]","[[-0.009025303087252575, 0.1289435330884646, -0.05504577211996573], [-0.014234843696960542, 0.12858163508945852, -0.003991017280259128], [-0.014719043383602318, 0.11082304245886652, 0.00900711864480118]]",0.007783481671658564,340.314515263618,0.006413130369766822,"[[0.03363834075589217, 0.01573106645100892, -0.04706853342455271], [0.007057294404678047, 0.01532898353670017, 0.018657880332346017], [0.004598837372503847, -0.07487925143455018, 0.008689799678469893]]",0.2512696836842135
direction_270,3.1519999999998745,left_foot,0,0,"[-6.185246503750249e-16, 1.411581654370136e-16, 1.1571608840888979e-15, 1.8397345674233225e-14, 1.0822279434432716e-14, 7.205222320269466e-15]","[0.0, 0.0, 0.0, 0.0, 0.0, 0.0]","[0.0, 0.0, 0.0, 0.0, 0.0, 0.0]",1.3196665042564693e-15,2.2528131389343128e-13,0.0,0.0,[],[],0.0,0.0,0.0,[],0.0
direction_270,3.1519999999998745,right_foot,3,6,"[-4.055388349315688, 24.635824097486783, 327.81718628214884, -8.000659915306112, -12.057563606821223, 0.7466501089537644]","[-3.6873785903985596, 22.72890410096693, 332.1955117909943, -8.175996865918838, -11.873185733730724, 0.756874287709986]","[-3.7109032503409862, 24.032203622703783, 332.4836591783575, -8.136656885434435, -11.856444853919497, 0.8081756377630209]",4.7897295661856045,0.0,0.0,0.0,"[[-0.01674892861793683, 0.08212998967310217, -0.024413779818878295], [-0.013425857273213741, 0.08212543076855935, -0.018381412000842208], [-0.013127063690974279, 0.09330088242620009, 0.0036817506230720706]]","[[-0.01708047415115682, 0.08284293232242114, -0.03616797867133304], [-0.013588362844896649, 0.08266395148375254, -0.010850159352312795], [-0.013267606597075106, 0.09445334189199862, 0.0034340120674851773]]",0.014043677186657852,332.4836591783575,0.005123189019012999,"[[0.01323705586794924, -0.10839549209401557, 0.3768212591992902], [0.01908171529983948, -0.10570014032591339, 0.029494955604367684], [0.01961337449315125, -0.086010931626496, 0.0267468988395394]]",0.5201660052563243
direction_270,3.175999999999872,left_foot,0,0,"[-9.810340972880691e-17, -4.415276548283418e-17, 1.536076225359675e-16, 1.6764898982918856e-15, 6.651669908203643e-16, 2.9599929199744556e-15]","[0.0, 0.0, 0.0, 0.0, 0.0, 0.0]","[0.0, 0.0, 0.0, 0.0, 0.0, 0.0]",1.8753412329854157e-16,3.466262436908763e-14,0.0,0.0,[],[],0.0,0.0,0.0,[],0.0
direction_270,3.175999999999872,right_foot,2,5,"[-2.430627726264067, 34.96349594799163, 335.9977131614669, -7.767073124351625, -10.383820640818856, 1.063022918607313]","[-2.2823327935463786, 33.307240050375995, 333.8134648377062, -7.767553455917146, -10.350470601056973, 1.115472185734722]","[-2.212574019611119, 34.76768014072795, 334.17098462444727, -7.718425047590123, -10.258955984260691, 1.1510648822138534]",2.7451986677302145,0.0,0.0,0.0,"[[-0.011891303716898775, 0.13558614920390177, 0.004666059903986476], [-0.011742832911581048, 0.14119947899782317, -0.014404684357972312]]","[[-0.012008755561997968, 0.13602151945433236, 0.005970715459857213], [-0.011850679686185913, 0.1417768953723986, -0.012922591351904461]]",0.0021088168686249913,334.17098462444727,0.007430999333909326,"[[-0.00457479017020996, -0.09782007966208066, -0.009497828580051342], [-0.004092713322780012, -0.07993697619012503, -0.003615596794199742]]",0.32219384744929513
magnitude_80,2.9959999999998916,left_foot,4,6,"[-0.0791701138520458, -0.45775446924219454, 164.9729749493665, -0.7529296944351757, -4.413006661425092, -0.049719790617061076]","[-0.17583708692657601, -0.29515725031582274, 164.91018022852967, -0.7560813901065545, -4.428972950843743, -0.03134982938728833]","[-0.17589148337005406, -0.29495974624858645, 164.909953471485, -0.7562169395522235, -4.428949337706346, -0.031340321571472846]",0.1993126595351047,0.0,0.0,0.0,"[[-0.00045413585269057276, -0.0002506870527352035, -0.0070629656162119045], [-0.000940539932744655, -0.0002495962906417183, -0.008925144670716725], [-0.00040497221760942204, -0.0019083438671124852, -0.003048975307493935], [-0.0009886571136747205, -0.0019070349526003206, -0.005283590172899813]]","[[-0.00039976040740449125, -0.0002647900423630842, -3.808373121183623e-05], [-0.0008976657926228058, -0.0002651925046320372, 5.540304520610555e-05], [-0.0003488383427580286, -0.001957567825191977, -7.067472020632974e-05], [-0.0009463248050199994, -0.0019580507799147203, 4.150941149520072e-05]]",0.012932183435685812,164.909953471485,0.0001086456701671483,"[[-9.24774527889226e-06, 8.285386186458827e-06, 7.746844285115571e-06], [-1.6693849147990578e-05, 8.288415342472849e-06, 1.413234017579181e-05], [-8.52486434907718e-06, -1.7010273658817644e-05, -1.7539251127837434e-05], [-1.7460188991831176e-05, -1.700663867159201e-05, -9.876656059018663e-06]]",0.01327938398487065
magnitude_80,2.9959999999998916,right_foot,4,6,"[0.18356562252194983, 0.18882716986030726, 178.868429377598, -0.6473782832546086, -4.5527397750488925, -0.0247797476875959]","[0.18417409260198755, 0.3049196033946641, 179.53975573929768, -0.6494254867652745, -4.5666366296176335, -0.011789671674276634]","[0.18368151094396584, 0.3048765294092556, 179.54006109607604, -0.6494877916613386, -4.5667947902219215, -0.011785966942106393]",0.6812906188057218,0.0,0.0,0.0,"[[0.0008344593037449854, 0.001945268774669746, -0.008732126993207398], [0.00033861246617991457, 0.0019461622608266168, -0.010640526154579572], [0.0008843024117389721, 0.0002551069682886685, -0.00370474999532535], [0.00028928620666036534, 0.0002561791516768757, -0.005994828988971954]]","[[0.0009308567549671402, 0.0019525497433326973, -3.23246970968003e-05], [0.00042630512151887974, 0.0019521851640369064, 7.817678615550997e-06], [0.0009824613285132349, 0.00023712326774354543, -2.13302846426167e-05], [0.00037699936837534096, 0.00023668577258859722, 2.6840566212204246e-05]]",0.015457586335307912,179.54006109607604,0.0001080690006368273,"[[8.890253227156727e-06, 1.9468181267679876e-05, 7.566397915816576e-06], [1.4915177790455283e-06, 1.9472239201132842e-05, 1.3465491036100573e-05], [9.607803900851425e-06, -5.669693984712287e-06, -1.618040522483812e-05], [7.293213633710796e-07, -5.664824464584314e-06, -9.101493480492153e-06]]",0.01576468323346372
magnitude_80,3.1519999999998745,left_foot,2,5,"[-0.5350944219646571, 2.2996738844719573, 167.2905109562429, -1.445578066078977, -20.007417027279185, -0.2585793713402511]","[-1.441711657280317, 0.6411804437234373, 168.39986065559242, -1.2767414281544474, -20.104376234881737, -0.4334573780083054]","[-1.6049248447627384, 1.644772574819199, 169.27890587706534, -1.2542893399561825, -20.20152974543046, -0.12929252454580753]",2.191623156435458,0.0,0.0,0.0,"[[0.0964871979484163, 0.009127182411254146, 0.009819062312290433], [-0.08718430369815568, 0.008302725955588404, -0.007790921143091906]]","[[0.09527413329394191, 0.009839679662243736, 0.011083197834951698], [-0.0875908837554331, 0.007618293920187962, -0.005807999484334497]]",0.0028535854056054113,169.27890587706534,0.004304298822463916,"[[0.12237655250234729, -0.018705194790485654, -0.013675933834106053], [-0.07786122308835913, -0.019970412407120434, -0.014969009379943226]]",0.05417314721804451
magnitude_80,3.1519999999998745,right_foot,2,5,"[-6.674944473493227, 2.990219204356427, 185.4419994656688, -1.3546852049259819, -21.926162795609134, -0.5412048565788461]","[-7.68477250291294, 2.3113577040945694, 188.37442967118477, -1.1878789903755855, -22.23779488111344, -0.09006950171525853]","[-7.5837202225423095, 1.5755197443585538, 187.38221733860277, -1.1482383890747516, -22.117714707623897, -0.30509278688156527]",3.174862594784524,0.0,0.0,0.0,"[[0.053312491011854715, 0.013933178974925766, -0.005138652109213077], [-0.12171902629263749, 0.013044054233458249, -0.020560780953362057]]","[[0.051872919777431574, 0.014581515732511804, -0.0039012818115268574], [-0.12190981576769261, 0.0124391548057326, -0.018644535055026886]]",0.0028457149239080183,187.38221733860277,0.006247218297569738,"[[-0.049331421946737224, 0.0030450745694329093, -0.01916454220548413], [0.030998945385910956, 0.005367661391798303, 0.0007541909246782227]]",0.18624468632640137
magnitude_80,3.3519999999998524,left_foot,2,5,"[-4.986401976692745, -1.366425221621701, 174.81923205249942, -0.44752761789621015, -20.198209653164035, -0.15533359818876738]","[-5.839802005045061, -1.6182773120427008, 177.0528930329752, -0.36939766992776546, -20.418950467369054, -0.10130300772317075]","[-5.858416902606935, -1.6229605081480514, 177.02914006087204, -0.3671723286306148, -20.40916562281705, -0.10280024517333679]",2.4043632128988257,0.0,0.0,0.0,"[[-0.054800053443418734, -0.01418018777614203, -0.0003323333894316438], [-0.021206055239975374, -0.013610125017140602, -0.0061712098520673025]]","[[-0.05651104155429604, -0.01416670551023548, 0.001826920341322577], [-0.022014600718130994, -0.013633930663330598, -0.003317835183608911]]",0.004047974587181834,177.02914006087204,0.002861539890116023,"[[-0.011132954731549021, -0.00046921867475940767, 0.0031046959452352436], [-0.011658004427374143, -0.00042374755667458813, -0.0014883340407579023]]",0.04892437536619809
magnitude_80,3.3519999999998524,right_foot,2,5,"[-4.164966059633214, -0.47927506102166073, 161.09838717585097, -0.3206721167872913, -18.541941341633876, -0.056158953453910435]","[-4.958769735431162, -0.8301626318192148, 163.12044291881975, -0.23297560517224492, -18.73821091722968, -0.009633085327912405]","[-4.98215628925001, -0.8338796288804292, 163.17621170468874, -0.23129551115203473, -18.7374716410115, -0.010878860869910065]",2.200444452996609,0.0,0.0,0.0,"[[-0.04914908130534637, -0.009479827080412225, -0.00011518989440355287], [-0.01599204763908731, -0.008910001309793393, -0.005182276297247046]]","[[-0.05122796059485846, -0.009460478139234962, 0.0020109504681466855], [-0.016405868612591468, -0.008916444351694874, -0.002523348249305543]]",0.004010458078347547,163.17621170468874,0.0025676195145091256,"[[-0.009479211950104083, -0.0005054804955175442, 0.0018237127355085893], [-0.010153834720438579, -0.00046238421777479026, -0.0022155657825441793]]",0.042098041647931475
magnitude_80,3.3879999999998485,left_foot,2,5,"[-3.5514104173929306, -1.2705207477126783, 174.43543860401806, -0.43956489758045053, -20.114282161540764, -0.14600618992465858]","[-4.4042963807991145, -1.5399540230645905, 176.68710199518068, -0.36318003810765953, -20.33463210890235, -0.09527127389474029]","[-4.403375617803321, -1.5391887740006847, 176.65970231681413, -0.36320849208478245, -20.32561283198768, -0.09649228522193729]",2.4228076241303427,0.0,0.0,0.0,"[[-0.04580654381991304, -0.013445445204964282, -0.0020023216957195666], [-0.013030944991407344, -0.012927177247826521, -0.004981719208981453]]","[[-0.04752507719808452, -0.013432046568703188, 0.0002803720795031134], [-0.013888977501293753, -0.012949232538895933, -0.002007236255575362]]",0.004212894780406112,176.65970231681413,0.0024029166704181795,"[[-0.013928317516271611, -0.0014535937232761625, 0.0024565858531697057], [-0.010775864923693944, -0.0013599354401171032, -0.0007581809801172695]]",0.03655998379478688
magnitude_80,3.3879999999998485,right_foot,2,5,"[-2.9583967185931215, -0.3922662417754217, 161.6775394612599, -0.3140793840323524, -18.561910798195857, -0.04822490936111794]","[-3.7488852909812094, -0.7493901863158907, 163.69144457201048, -0.2309430922537361, -18.755017900262793, -0.0037573340331731597]","[-3.7575022409851053, -0.7482690168366133, 163.77411209950822, -0.23115385321101511, -18.75834640503852, -0.00479747425384542]",2.192766173112771,0.0,0.0,0.0,"[[-0.04142422313697404, -0.008729256665302915, -0.0011180228551912474], [-0.009041207306039304, -0.008209783739449764, -0.0036394511754229697]]","[[-0.04352851030426347, -0.008709044336911009, 0.0011443504145590422], [-0.009490859845036614, -0.008214280073836972, -0.0008602538413861327]]",0.0041800611570509015,163.77411209950822,0.002167016181694332,"[[-0.012061026888139589, -0.0014558111983321157, 0.0019994962433963464], [-0.008969785712195243, -0.0013617678074078262, -0.0008721453235448126]]",0.03129500971666295
magnitude_80,3.391999999999848,left_foot,2,5,"[-3.3872630986359624, -1.257449272366867, 174.3911913120308, -0.4399295656644585, -20.105434274808268, -0.14521164957782418]","[-4.239530166668778, -1.5281351300242576, 176.6442945337061, -0.36413409136611374, -20.325713044434348, -0.0946148383926304]","[-4.237021622115316, -1.52701220927257, 176.616994406356, -0.3643542655908405, -20.316813530625232, -0.0958255855057898]",2.424067679812715,0.0,0.0,0.0,"[[-0.04469323227434119, -0.01332514343661824, -0.00216219435992078], [-0.012163370273134275, -0.012814949425888667, -0.004885012860241178]]","[[-0.04641248551316923, -0.013311947700885632, 0.00013452949721028118], [-0.01302704623994344, -0.012836625217678135, -0.0018962645769139003]]",0.004232017086362297,176.616994406356,0.0023465623189704806,"[[-0.01414819074421567, -0.001519321579992793, 0.002384788926334486], [-0.010670310665852676, -0.001422287204505995, -0.0006862361582238705]]",0.03525200354685917
magnitude_80,3.391999999999848,right_foot,2,5,"[-2.8207796302548407, -0.38037944255885586, 161.75097673015608, -0.31442118862979845, -18.56577165429855, -0.047632930744509146]","[-3.6105834630648275, -0.7376615257731287, 163.76578285706597, -0.23210733930776772, -18.75876532286869, -0.003146850789312712]","[-3.6178800163743148, -0.7362288801384067, 163.84959813915765, -0.2324786638790166, -18.762317433925922, -0.004182769734743803]",2.193372816085059,0.0,0.0,0.0,"[[-0.040458880484479084, -0.008608674680568154, -0.0012387280733675704], [-0.00832048094684424, -0.008097252255808898, -0.003529473978003045]]","[[-0.04256594921576984, -0.008588569281219767, 0.0010391920443569846], [-0.008774202212928905, -0.008101328128498987, -0.0007360214924171521]]",0.0041997999139794856,163.84959813915765,0.0021173063647097557,"[[-0.01227720353414726, -0.001518441169350508, 0.001994054212633688], [-0.008852403888000574, -0.001420804916822123, -0.0007533251546368438]]",0.030124642764026443
magnitude_80,3.411999999999846,left_foot,2,5,"[-2.5589001695640397, -1.1888538199353045, 174.1715964618677, -0.44445097261614525, -20.063065891920246, -0.1421609015768311]","[-3.406784262858519, -1.4639554479421983, 176.43062321259038, -0.3725968806110145, -20.28293348194812, -0.09161611605847987]","[-3.397618736541616, -1.4616209527184707, 176.4049839485574, -0.3736252999617755, -20.27470817851159, -0.09282127087399508]",2.4285366379518605,0.0,0.0,0.0,"[[-0.03888233895695651, -0.012656135421804413, -0.0028871798168046137], [-0.007951917589813097, -0.012190753092957095, -0.004495674238053221]]","[[-0.040605354568873375, -0.012644406509858602, -0.0005190954482290483], [-0.008844076922783772, -0.012210145854269945, -0.0014328667842496146]]",0.004330572455998117,176.4049839485574,0.002053769540366915,"[[-0.015052762507414545, -0.0017479667939778263, 0.002044865163172756], [-0.010152095121275942, -0.001638562450146954, -0.0003592797634946514]]",0.029059614451047138
magnitude_80,3.411999999999846,right_foot,2,5,"[-2.125204522260651, -0.31797657781920785, 162.12171162930014, -0.31844773585409386, -18.587068083413293, -0.04569609214098442]","[-2.910752394998801, -0.6746658679343177, 164.14495309172912, -0.24104198667111287, -18.78002244119544, -0.00044694393022487455]","[-2.9122507006690794, -0.6722012650190429, 164.23049908347684, -0.24209165280363143, -18.784189558358648, -0.0015030910924942742]",2.199504199890973,0.0,0.0,0.0,"[[-0.03538843733260949, -0.007941849751664357, -0.0018444121915844047], [-0.0048534365580901965, -0.007475420563891156, -0.0031281206259387018]]","[[-0.03750983131662111, -0.00792274879738676, 0.0005127064053794123], [-0.0053275456332968485, -0.007476957720331215, -0.00026047445645105416]]",0.004301727756777281,164.23049908347684,0.0018571608163403112,"[[-0.013196219491478572, -0.0017338069069754746, 0.0019278647754672514], [-0.008312645764102733, -0.001622932925499841, -0.00023839634167527869]]",0.02449148114168266
magnitude_80,3.471999999999839,left_foot,2,5,"[-0.04234831152162542, -0.9880418855396997, 173.58836551921326, -0.4745571848164948, -19.958325426881437, -0.14371549308413278]","[-0.8676520923986092, -1.2612136079298841, 175.85661174694292, -0.4216344573575457, -20.176690276842848, -0.08750532452002066]","[-0.8470220679341242, -1.2592638122634883, 175.84391293761567, -0.42397527690404546, -20.170938961091345, -0.08899454629086537]",2.4291336048585936,0.0,0.0,0.0,"[[-0.01985020507772388, -0.010420726001794335, -0.004455747297129206], [0.0035575353962878516, -0.010110025327202732, -0.004078450021007013]]","[[-0.021591230368978864, -0.010416122489898188, -0.001857394585922205], [0.002579113993125548, -0.01012089159774084, -0.0007621013277146413]]",0.004662426647407076,175.84391293761567,0.0011184198843430606,"[[-0.016516758581075916, -0.0017695609151515874, 0.0013191650051694553], [-0.008922045048259258, -0.001652702902839025, 0.0003045874392678521]]",0.01912541197049993
magnitude_80,3.471999999999839,right_foot,2,5,"[0.010202441856212127, -0.13552420064359427, 163.0598828686823, -0.3448621229901288, -18.644540156597877, -0.05119163109833017]","[-0.7554273644576237, -0.4793151622016587, 165.13452207819006, -0.2878020703091777, -18.84097825189484, 0.002267838079694433]","[-0.7457899338750419, -0.4774254398094008, 165.19885113901694, -0.289969197947201, -18.843609253230987, 0.0008836105762382394]",2.237969855738036,0.0,0.0,0.0,"[[-0.018471054577053114, -0.005736930258510794, -0.0035570059879553306], [0.004455772318191993, -0.005427594603693332, -0.0030121866966697497]]","[[-0.020645037823441292, -0.005723630206128055, -0.000943727209181365], [0.003922509982975941, -0.005419391570185088, 0.0001106908219583938]]",0.004646762962195522,165.19885113901694,0.0009997861240775047,"[[-0.014826778185197504, -0.0017356239725722037, 0.0016364295599881928], [-0.0071794395111153125, -0.0016161999821169475, 0.0006955689898889113]]",0.014829541824015111
