case,time_s,foot,release,point_count,relaxed_rows,control_difference_from_saved_Nm,constraint_budget_ratio,force_prediction_error_N,acceleration_difference_from_saved_interval,point_target_residual,predicted_normal_force_N,predicted_inner_cone_residual,max_qdd,torque_peak_Nm,objective_sum
control,2.9959999999998916,right_foot,none,4,0,0.0,2.6645352591003046e-11,0.6812906188057218,0.01576468323346372,0.015457586335307912,178.868429377598,0.0,4.56112267954031,4.4072102840960286,4881.279759727556
control,2.9959999999998916,right_foot,normal,4,4,0.4650188890388218,3.3750779948603615e-11,1.4224045973743793,1.4571122123977462,1.4571319629162371,179.27408227948567,0.0,5.410281933050759,4.789988346652282,4596.385598068664
control,2.9959999999998916,right_foot,tangent,4,8,0.4788392291318857,1.24344978758016e-11,3.3867531211837005,2.3635309526741364,2.3649058437630837,178.93409341407508,0.0,4.405572106395894,4.886049513227914,4870.332044826224
control,2.9959999999998916,right_foot,all,4,12,0.5727970661659185,2.4868995751602886e-11,3.9601847959260725,3.110465134269878,3.109668499299214,178.94897303030731,0.0,5.290030260596813,4.511547139843888,4591.977136009582
control,3.111999999999879,right_foot,none,2,0,0.0,2.7037816430135644e-09,1.8367177048194998,0.09785339374874971,0.002072261467477185,190.81085529767273,0.0,17.260498099000735,21.977736568858475,10126.47820444466
control,3.111999999999879,right_foot,normal,2,2,0.5532908025416532,2.8159696796513177e-09,3.937621160505533,2.600009741364948,2.5672742406049665,189.54604883377445,0.0,16.95449706531686,22.10976718338327,9900.579497410934
control,3.111999999999879,right_foot,tangent,2,4,2.8986715472753595,4.826694599534571e-09,23.41588597356146,15.281532613790702,15.34885824923515,184.8137663579431,0.0,15.23466210710972,22.345204259789256,9600.244008158592
control,3.111999999999879,right_foot,all,2,6,3.05262820123464,6.001421581877728e-09,25.179518939094887,16.79207161378067,16.86135928224919,184.31301052740872,0.0,15.105157705241652,22.333214190861334,9594.783744144279
control,3.147999999999875,right_foot,none,2,0,0.0,1.0738576694420278e-08,1.9183905661927971,0.3222443549173861,0.0024162873854302433,187.17153308586876,0.0,17.964899684384083,21.6641193074915,16349.962970965898
control,3.147999999999875,right_foot,normal,2,2,0.6468176953126701,1.0807132966189404e-08,4.549597958192909,3.0055616211316574,2.977627092446739,185.72912853520964,0.0,17.566147227785233,21.822711106959822,16046.97079633907
control,3.147999999999875,right_foot,tangent,2,4,4.267322145380227,0.046255586094829715,34.14387539581859,22.568564228549505,22.596164307613936,178.94900182111115,1.0638134378121182e-07,16.501642794875895,22.276107588193597,15264.492220182325
control,3.147999999999875,right_foot,all,2,6,4.879890734136293,2.052114034214535e-08,40.344067501501634,28.162491363339022,28.191166797329295,177.68793314644898,0.0,16.52066443683896,22.302168324609642,15198.136952537692
control,3.1519999999998745,right_foot,none,2,0,0.0,1.088723555741437e-08,3.21927381740612,0.21677937504774436,0.0025883992406928323,186.41600852956867,0.0,16.342962950440345,21.56262926678237,16782.59523217058
control,3.1519999999998745,right_foot,normal,2,2,0.6640636052510693,1.0981882070261597e-08,6.14711598852067,3.061864935238606,3.0529057437132616,184.94452598981337,0.0,15.929430753542182,21.726516640620986,16464.161085928543
control,3.1519999999998745,right_foot,tangent,2,4,4.482135663057949,1.244238045912178e-08,37.04377307067009,23.63137801823286,23.750372570281897,177.7075139205129,0.0,15.841129941594133,22.201797354033822,15590.379603023193
control,3.1519999999998745,right_foot,all,2,6,5.155548563084139,1.3149925592697284e-08,43.70779468727378,29.758391216594788,29.87756767107631,176.4939782585255,0.0,15.861739597262565,22.246536365524918,15510.502674903702
control,3.1719999999998723,right_foot,none,2,0,0.0,7.308154081844146e-09,3.261799322752114,0.18305572192523611,0.002652810654780515,180.6252930804861,0.0,11.54583491744764,20.806925465666165,17568.06881721393
control,3.1719999999998723,right_foot,normal,2,2,0.7093506656166895,7.3470118877054574e-09,6.171478029617208,3.2604790209852212,3.2415351272526762,179.08352727579168,0.0,13.168166147557736,20.986256218306,17208.6038735336
control,3.1719999999998723,right_foot,tangent,2,4,5.185577947756746,2.7361446441138335e-08,42.433523993456646,27.51769505192945,27.591206378991266,170.67269823022716,0.0,18.934367211022142,21.573942522987366,16016.299366894837
control,3.1719999999998723,right_foot,all,2,6,6.012583086065748,2.9760194308006424e-08,50.62878985127476,35.11281664368889,35.18728786333196,169.22229809212308,0.0,22.94322893933849,21.634560205154,15889.479984694512
control,3.2319999999998656,right_foot,none,2,0,0.0,1.66243048952046e-10,2.6114294402412908,0.09891500445628511,0.002900072280040834,168.34091350037016,0.0,6.052318948880769,19.696932837273067,19997.49038211185
control,3.2319999999998656,right_foot,normal,2,2,0.7849545604442394,2.2836404701951998e-10,6.008709740744459,3.522672301849781,3.518232385085846,166.75789282140374,0.0,13.986021119287658,19.38759254314839,19567.901625447816
control,3.2319999999998656,right_foot,tangent,2,4,6.541896226633195,0.08646425117047576,52.61177337012647,35.32017410871927,35.408388584616254,155.8448939304831,3.417359587914777e-07,31.091157015134097,20.217494902859436,17717.783104489932
control,3.2319999999998656,right_foot,all,2,6,7.398387309693362,1.6703305405206482e-08,61.30380771204403,43.5838577891379,43.67205488108947,154.17026268983648,0.0,35.18694273993404,20.29817864076815,17546.655501712605
direction_45,2.9959999999998916,right_foot,none,4,0,0.0,2.6645352591003046e-11,0.6812906188057218,0.01576468323346372,0.015457586335307912,178.868429377598,0.0,4.56112267954031,4.4072102840960286,4881.279759727556
direction_45,2.9959999999998916,right_foot,normal,4,4,0.4650188890388218,3.3750779948603615e-11,1.4224045973743793,1.4571122123977462,1.4571319629162371,179.27408227948567,0.0,5.410281933050759,4.789988346652282,4596.385598068664
direction_45,2.9959999999998916,right_foot,tangent,4,8,0.4788392291318857,1.24344978758016e-11,3.3867531211837005,2.3635309526741364,2.3649058437630837,178.93409341407508,0.0,4.405572106395894,4.886049513227914,4870.332044826224
direction_45,2.9959999999998916,right_foot,all,4,12,0.5727970661659185,2.4868995751602886e-11,3.9601847959260725,3.110465134269878,3.109668499299214,178.94897303030731,0.0,5.290030260596813,4.511547139843888,4591.977136009582
direction_45,3.111999999999879,right_foot,none,1,0,0.0,4.56930578898523e-09,3.3252131001653704,0.24349753770208551,0.0012859195631098343,59.50333089331657,0.0,10.954230995190937,28.35447792989208,8763.664020786038
direction_45,3.111999999999879,right_foot,normal,1,1,0.751507801362922,3.557005515316532e-10,4.0728652763140145,1.875848144525528,1.749452933193702,59.22456645928519,0.0,10.436820180283917,28.472691398614444,8553.670608474982
direction_45,3.111999999999879,right_foot,tangent,1,2,3.0085545192810814,0.02071686757106274,18.454316810082776,9.37117213802053,9.354245120161265,61.656050606644556,4.057447259971779e-09,9.353214909276696,28.264420639547172,8336.91556134355
direction_45,3.111999999999879,right_foot,all,1,3,3.053054873858076,0.020839493906289214,18.92277767856814,9.663675322590732,9.645905031000389,61.544918622189456,2.0971160872948618e-09,9.336073133335463,28.2250385618919,8336.556065215638
direction_45,3.147999999999875,right_foot,none,1,0,0.0,6.366843386678262e-10,3.8614341031932407,0.3225889396361124,0.00171781129756664,34.93718090556994,0.0,11.455046030740588,31.779112555023374,11727.005994820742
direction_45,3.147999999999875,right_foot,normal,1,1,1.0026273569836155,0.11403543336191256,5.3012528226196265,2.409361708457003,2.2977413842805214,34.46415445091826,3.808338368159616e-08,11.050477169793544,32.001680536493325,11364.68485773241
direction_45,3.147999999999875,right_foot,tangent,1,2,4.958707225694681,4.269232036696478e-11,28.267897481524777,13.744446429473776,13.783078816108704,45.61303177780079,0.0,10.698337224245744,32.04958523016731,10793.049827474591
direction_45,3.147999999999875,right_foot,all,1,3,5.3187113928749685,0.07770853221266197,30.877920670992573,15.440905171121845,15.477691323900869,47.65472068414475,2.8658199387075764e-08,11.85403808758646,32.059444315797585,10776.790104974458
direction_45,3.1519999999998745,right_foot,none,1,0,0.0,3.4324065544212145e-09,1.750524011819213,0.3743613866180526,0.0017669782164068033,35.59274487435899,0.0,11.06881755275729,32.17145989685298,11940.211283578099
direction_45,3.1519999999998745,right_foot,normal,1,1,0.9966539577128968,0.02772363835733048,4.503969828358606,2.440526375261138,2.367105442255262,35.86908976424458,7.527497333438334e-09,11.219933993777039,32.037949814010744,11556.327931213245
direction_45,3.1519999999998745,right_foot,tangent,1,2,5.120498511206844,8.525713443886999e-11,31.33164832189688,14.169825481478416,14.287788816522333,46.64766242816819,0.0,11.74068966188504,32.20259372314701,10938.506349857389
direction_45,3.1519999999998745,right_foot,all,1,3,5.514051890397869,0.116134252767801,34.17436163933409,15.948427861293684,16.062950629699223,48.76235784724723,3.0486983132494295e-08,12.911845316295041,32.17026915218469,10920.208162850275
direction_45,3.1719999999998723,right_foot,none,1,0,0.0,2.1933060921288518e-10,1.7267015068451461,0.2850835460231095,0.0018859998194126774,55.671353635534416,0.0,7.223789078347346,31.769835756115402,11575.810386173254
direction_45,3.1719999999998723,right_foot,normal,1,1,1.0753535539531773,1.0670863817417308e-10,4.560976355377617,2.3583673692883953,2.529797001066287,56.05807931424687,0.0,11.150442013615892,31.525735152268517,11137.459760681373
direction_45,3.1719999999998723,right_foot,tangent,1,2,5.960829476561351,0.23338823388855753,35.32752709222992,15.212383374766981,15.368269812876937,54.70097078687543,8.489205181090772e-08,15.779836516946974,31.51950879297381,10417.353354342873
direction_45,3.1719999999998723,right_foot,all,1,3,6.420187911803131,0.24343306440518372,38.37343528835835,17.142717835800664,17.29207998394244,56.12030081549485,1.0144092972778187e-07,16.975882535581864,31.37975496654876,10398.448861347337
direction_45,3.2319999999998656,right_foot,none,1,0,0.0,9.6842206313666e-11,1.1830950623241976,0.18307872544384296,0.001997212206807535,111.38570591830505,0.0,7.0940617916707875,26.180240529792744,10278.337200340824
direction_45,3.2319999999998656,right_foot,normal,1,1,1.4437941457161116,9.183380130027282e-11,5.950805335574844,2.76290419647239,2.7939838908726298,110.90546465877635,0.0,15.926024037150924,25.526951761903817,9761.45102363531
direction_45,3.2319999999998656,right_foot,tangent,1,2,7.207289343304469,1.277273705629228e-10,43.189193173050384,16.536842043865597,16.716311693955948,102.40244069138328,0.0,21.44296504953961,25.86935142477906,9023.677206932845
direction_45,3.2319999999998656,right_foot,all,1,3,7.328732360090033,1.35239978083012e-10,44.15395799822021,17.097175474846104,17.276217314780048,102.23518023691996,0.0,21.809732612890524,25.901198223305464,9021.980109147713
direction_90,2.9959999999998916,right_foot,none,4,0,0.0,2.6645352591003046e-11,0.6812906188057218,0.01576468323346372,0.015457586335307912,178.868429377598,0.0,4.56112267954031,4.4072102840960286,4881.279759727556
direction_90,2.9959999999998916,right_foot,normal,4,4,0.4650188890388218,3.3750779948603615e-11,1.4224045973743793,1.4571122123977462,1.4571319629162371,179.27408227948567,0.0,5.410281933050759,4.789988346652282,4596.385598068664
direction_90,2.9959999999998916,right_foot,tangent,4,8,0.4788392291318857,1.24344978758016e-11,3.3867531211837005,2.3635309526741364,2.3649058437630837,178.93409341407508,0.0,4.405572106395894,4.886049513227914,4870.332044826224
direction_90,2.9959999999998916,right_foot,all,4,12,0.5727970661659185,2.4868995751602886e-11,3.9601847959260725,3.110465134269878,3.109668499299214,178.94897303030731,0.0,5.290030260596813,4.511547139843888,4591.977136009582
direction_90,3.047999999999886,right_foot,none,4,0,0.0,0.05775951392627816,3.459084306934923,1.4477158413616207,0.020335374985685047,32.209149292367314,2.5566710757373115e-07,8.117749762671089,9.183387991380062,7033.0683879972985
direction_90,3.047999999999886,right_foot,normal,4,4,0.7306687918974939,0.17212115231651148,3.989485365451843,2.494300893384832,1.6122438949988143,33.861791470393754,1.2177739296104598e-06,5.98655378476524,8.956290910248292,6574.112639787665
direction_90,3.047999999999886,right_foot,tangent,4,8,0.9142805121111388,0.02920535046160991,7.5237074602859035,4.453119122762218,4.981392311538998,34.97663996710229,7.81886375505281e-08,7.675036436673464,9.120291517572284,6985.172441756571
direction_90,3.047999999999886,right_foot,all,4,12,1.373933848273937,1.5759798092847863e-09,7.888543562429868,5.152561228680527,5.855866502360034,37.25471913671963,0.0,5.910006216255448,8.980464611358963,6552.794426748236
direction_90,3.083999999999882,right_foot,none,1,0,0.0,7.395603610907705e-11,1.642061555638715,0.5898379088233636,0.0009062238314867934,12.202419387381546,0.0,11.11668358945891,11.946034509055053,8480.805678804003
direction_90,3.083999999999882,right_foot,normal,1,1,1.0520720607083214,0.18066540752490945,1.650171537332485,1.4007121380382117,1.1913714901805081,12.20959512772206,3.4158277608429087e-07,10.812717993667324,11.674458717228745,8381.88256016809
direction_90,3.083999999999882,right_foot,tangent,1,2,2.830797750003052,0.04953978200981368,10.289856402635081,7.1436092381431555,7.435006511140919,4.489144705566925,6.823516169297073e-07,10.007224729258262,12.201905869936395,8221.277874538588
direction_90,3.083999999999882,right_foot,all,1,3,2.625123499595891,6.221684644801013e-11,12.413280273905137,6.574622789596518,6.993713294561656,1.185186043454574,0.0,9.805060314314316,12.238894636482616,8194.673798785348
direction_90,3.0879999999998815,right_foot,none,1,0,0.0,9.21516336526841e-11,1.619614895556496,7.376235487253948,0.0009279401292239029,11.003901007685624,0.0,11.748753774890087,12.458239670748442,8700.436291005333
direction_90,3.0879999999998815,right_foot,normal,1,1,1.0672276997615384,0.02039555088965644,1.626600670844888,6.5691333933174665,1.207919812096179,11.010033366002773,2.024053566542108e-07,11.440696688160342,12.147861157416918,8598.717023157444
direction_90,3.0879999999998815,right_foot,tangent,1,2,3.7066164955140852,0.014109528935595066,9.548835840623079,8.335096732507116,7.67896146673518,3.2590796710592356,1.045325515520727e-07,10.621948038422378,12.378746750396063,8402.43516806162
direction_90,3.0879999999998815,right_foot,all,1,3,3.474734825640902,0.018806493492791072,11.935286439333106,6.24319630374656,7.311191979295652,3.606973110128876e-05,2.734633720750772e-05,10.414016922974563,12.412987582427961,8370.862491303596
direction_90,3.1079999999998793,right_foot,none,1,0,0.0,1.1636015402114399e-10,0.714639130317219,0.46511307671122365,0.0010281498438197705,5.145335224873133,0.0,14.185760185450638,15.062919930725544,10137.638612924617
direction_90,3.1079999999998793,right_foot,normal,1,1,1.119016216393487,1.6390054667987488e-10,0.7158796776935836,1.6998738282799444,1.261426381600045,5.1473037982556065,0.0,13.86216806388833,14.736443619443069,10026.431660876506
direction_90,3.1079999999998793,right_foot,tangent,1,2,8.30383906778426,0.019735050831920373,5.944272435673137,9.098160771794946,9.091468024756644,-1.4958173861254302e-06,4.466807832923897e-06,13.06615822055689,13.033796378142888,9636.007831081555
direction_90,3.1079999999998793,right_foot,all,1,3,7.884666415565121,0.019473933710565876,5.944272046686657,8.792975275906091,8.771941264064598,-9.612261257269015e-07,2.5415817932586625e-06,12.965521016191495,13.0063222686495,9599.575513750944
direction_90,3.1519999999998745,right_foot,none,0,0,0.0,1.7033222659827815e-10,4.255393467939973e-15,0.0,0.0,3.561820192205303e-15,8.392511478839388e-13,15.405708588200232,13.084819293018217,13677.935015282057
direction_90,3.1519999999998745,right_foot,normal,0,0,0.0,1.7033222659827815e-10,4.255393467939973e-15,0.0,0.0,3.561820192205303e-15,8.392511478839388e-13,15.405708588200232,13.084819293018217,13677.935015282057
direction_90,3.1519999999998745,right_foot,tangent,0,0,0.0,1.7033222659827815e-10,4.255393467939973e-15,0.0,0.0,3.561820192205303e-15,8.392511478839388e-13,15.405708588200232,13.084819293018217,13677.935015282057
direction_90,3.1519999999998745,right_foot,all,0,0,0.0,1.7033222659827815e-10,4.255393467939973e-15,0.0,0.0,3.561820192205303e-15,8.392511478839388e-13,15.405708588200232,13.084819293018217,13677.935015282057
direction_90,3.1679999999998727,right_foot,none,0,0,0.0,1.2537319680865685e-10,1.9745651742727485e-15,0.0,0.0,1.64510252850256e-15,3.857313823273443e-13,12.591398738140688,16.865127016963367,11817.232985350247
direction_90,3.1679999999998727,right_foot,normal,0,0,0.0,1.2537319680865685e-10,1.9745651742727485e-15,0.0,0.0,1.64510252850256e-15,3.857313823273443e-13,12.591398738140688,16.865127016963367,11817.232985350247
direction_90,3.1679999999998727,right_foot,tangent,0,0,0.0,1.2537319680865685e-10,1.9745651742727485e-15,0.0,0.0,1.64510252850256e-15,3.857313823273443e-13,12.591398738140688,16.865127016963367,11817.232985350247
direction_90,3.1679999999998727,right_foot,all,0,0,0.0,1.2537319680865685e-10,1.9745651742727485e-15,0.0,0.0,1.64510252850256e-15,3.857313823273443e-13,12.591398738140688,16.865127016963367,11817.232985350247
direction_270,2.9959999999998916,left_foot,none,4,0,0.0,2.6645352591003046e-11,0.1993126595351047,0.01327938398487065,0.012932183435685812,164.9729749493665,0.0,4.56112267954031,4.4072102840960286,4881.279759727556
direction_270,2.9959999999998916,left_foot,normal,4,4,0.345437515380144,6.394884621840492e-11,7.51072608638503,1.3510426711232768,1.3510495996543201,157.45342123932326,0.0,5.006463549617015,4.702030411696523,4664.649588125309
direction_270,2.9959999999998916,left_foot,tangent,4,8,0.2295519601025413,2.3092638912202726e-11,2.1662186996291926,1.354130322108215,1.3541992175229616,163.64217450891007,0.0,4.474352705608814,4.577450132283953,4877.279096366235
direction_270,2.9959999999998916,left_foot,all,4,12,0.4561288374005832,3.3750779948603615e-11,8.154833229917212,5.381985649416096,5.380762697231143,160.17239561202015,0.0,4.894242370062083,4.538655718640501,4647.7140088324295
direction_270,3.055999999999885,left_foot,none,2,0,0.0,0.13740577615112842,2.3339847017273527,1.2586013337656787,0.003142152354046811,21.850313080951373,4.45719567783576e-06,5.903618044695167,10.009384352386816,4297.580888125582
direction_270,3.055999999999885,left_foot,normal,2,2,0.25203198519271375,0.035240147755187426,1.6382453913768005,1.6091997295534215,0.7384322956254313,21.7671725145309,3.829085691676704e-07,5.64304465040364,10.026149390641551,4229.306243250273
direction_270,3.055999999999885,left_foot,tangent,2,4,1.2545773609857358,0.13418832222549706,9.74062172482198,8.557496639567262,9.172030878554223,19.900818599727085,1.3669466008740742e-05,8.220639197257073,10.280891639422185,4168.1630877102625
direction_270,3.055999999999885,left_foot,all,2,6,1.0317156949304565,0.018548045034982398,9.672135811736117,7.768626309585473,8.27739268701523,17.711361928822143,1.905637796678799e-06,6.615686627187096,10.325286249840083,4134.008189627475
direction_270,3.091999999999881,left_foot,none,1,0,0.0,0.008218849913340915,1.583736301527844,0.8576649389186075,0.0005207314942792947,11.741470783112675,1.0479120933269473e-07,8.758064919790204,13.37087755215321,5152.64428197977
direction_270,3.091999999999881,left_foot,normal,1,1,0.45508289811553815,6.439698615092775e-11,1.464823047541372,1.1473032205069538,0.5101798660219039,11.644053831661827,0.0,8.87973640641901,13.261783599103488,5134.4684959174
direction_270,3.091999999999881,left_foot,tangent,1,2,4.442719463902617,0.006583351464455788,10.43019562524384,8.06831454488745,8.668475605158832,3.3945875813871327,4.781717503274382e-08,10.498109485019821,12.234325266521692,4791.5244710272445
direction_270,3.091999999999881,left_foot,all,1,3,4.438611538523534,0.007186929156933801,11.037023861830136,7.968620699121887,8.598578169590782,2.3393101941737378,8.471262875446287e-08,10.477975226457998,12.260024908055753,4789.237352223045
direction_270,3.0959999999998806,left_foot,none,1,0,0.0,0.008522560065497172,1.5826714582070804,7.130765152190028,0.0005298154014545618,10.808095284637385,8.532378027562795e-08,9.111252021382079,13.804275492991453,5334.809282537009
direction_270,3.0959999999998806,left_foot,normal,1,1,0.44105893992940914,6.394884621840492e-11,1.467247838414903,6.80680030832616,0.4938777911251953,10.713537009120545,0.0,9.229210651405882,13.698414871919843,5317.763162898261
direction_270,3.0959999999998806,left_foot,tangent,1,2,5.126321775938054,0.00674988716284762,9.903108635547428,8.110209219018087,8.886537540585705,2.3709926808471886,1.7751417176383962e-07,10.73541372465816,12.351086838684381,4941.143025136663
direction_270,3.0959999999998806,left_foot,all,1,3,5.122347354964678,0.007395644083541884,10.703833199338813,7.523262233298609,8.834257852154476,1.1706123807105584,2.7996953059211804e-07,10.714006770307833,12.380365565820284,4938.182750343896
direction_270,3.1159999999998784,left_foot,none,1,0,0.0,0.013091908160235225,1.2013944369426974,1.9889707267027572,0.0005603514183933907,5.438242477823215,4.38312444220191e-07,10.91264599635052,16.615697915489985,6538.108622139753
direction_270,3.1159999999998784,left_foot,normal,1,1,0.26340815425915554,0.013255345346023618,1.1317391985485776,1.8662481302383827,0.2927191981769119,5.381178592803446,4.634590021152314e-07,10.983222472379516,16.552080019148846,6532.085263841912
direction_270,3.1159999999998784,left_foot,tangent,1,2,9.238770622594105,0.007271252018629033,5.436829665754232,8.831439060255674,9.993651828125516,-2.4973908313540626e-06,7.3133661244864625e-06,11.65980737140051,12.753430609390703,5973.543049297132
direction_270,3.1159999999998784,left_foot,all,1,3,9.225747173091857,0.007971331074125235,5.4368289216221655,8.787843785527533,9.979709003120083,-1.6319548574360088e-06,4.742450930641721e-06,11.63797457592864,12.75320234007448,5973.234417255478
direction_270,3.1519999999998745,left_foot,none,0,0,0.0,4.9471357034265356e-11,1.3196665042564693e-15,0.0,0.0,1.1571608840888979e-15,2.2528131389343128e-13,13.460483156254414,12.736167346034785,9158.307735560516
direction_270,3.1519999999998745,left_foot,normal,0,0,0.0,4.9471357034265356e-11,1.3196665042564693e-15,0.0,0.0,1.1571608840888979e-15,2.2528131389343128e-13,13.460483156254414,12.736167346034785,9158.307735560516
direction_270,3.1519999999998745,left_foot,tangent,0,0,0.0,4.9471357034265356e-11,1.3196665042564693e-15,0.0,0.0,1.1571608840888979e-15,2.2528131389343128e-13,13.460483156254414,12.736167346034785,9158.307735560516
direction_270,3.1519999999998745,left_foot,all,0,0,0.0,4.9471357034265356e-11,1.3196665042564693e-15,0.0,0.0,1.1571608840888979e-15,2.2528131389343128e-13,13.460483156254414,12.736167346034785,9158.307735560516
direction_270,3.175999999999872,left_foot,none,0,0,0.0,3.552713678800374e-11,1.8753412329854157e-16,0.0,0.0,1.536076225359675e-16,3.466262436908763e-14,11.090495738163142,20.456475205948284,8547.951215830733
direction_270,3.175999999999872,left_foot,normal,0,0,0.0,3.552713678800374e-11,1.8753412329854157e-16,0.0,0.0,1.536076225359675e-16,3.466262436908763e-14,11.090495738163142,20.456475205948284,8547.951215830733
direction_270,3.175999999999872,left_foot,tangent,0,0,0.0,3.552713678800374e-11,1.8753412329854157e-16,0.0,0.0,1.536076225359675e-16,3.466262436908763e-14,11.090495738163142,20.456475205948284,8547.951215830733
direction_270,3.175999999999872,left_foot,all,0,0,0.0,3.552713678800374e-11,1.8753412329854157e-16,0.0,0.0,1.536076225359675e-16,3.466262436908763e-14,11.090495738163142,20.456475205948284,8547.951215830733
