trial_id,stage,direction,distance_m,push_N,push_start_s,combined_success,reach_success,balance_success,failure_reason,final_error_mm,hold_max_error_mm,tracking_rmse_mm,torque_peak,max_foot_displacement_m,max_foot_tangent_velocity_m_s,continuous_double_support,qp_failures,deadline_miss_percent,initial_condition_sha256,source_version,reach_weight
front_12.5cm_w100,regression,,0,0,1.5,False,False,True,TRACKING,16.768317305460254,17.620676193693953,15.024519321398525,2.7784129357535,0.00040169743569216747,0.00014936477449747915,True,0,100.0,03e0aae37f8d362875d2ee58632fcb897270cda3a2937dd86e40ded566595271,fbc0b509402bc8d60a365c0b612d331a120fdc88,100
up_5cm_w100,regression,,0,0,1.5,False,False,True,TRACKING,43.64585468747834,43.756574113065625,36.00066748531633,1.853846339577879,0.00040048523064493193,0.000153074376290375,True,0,100.0,03e0aae37f8d362875d2ee58632fcb897270cda3a2937dd86e40ded566595271,fbc0b509402bc8d60a365c0b612d331a120fdc88,100
front_12.5cm_w300,calibration,,0,0,1.5,True,True,True,PASS,11.700915559370408,12.25606398702915,10.701274765095098,3.4938446113344916,0.0004179376171885339,0.00018746652023759428,True,0,100.0,03e0aae37f8d362875d2ee58632fcb897270cda3a2937dd86e40ded566595271,fbc0b509402bc8d60a365c0b612d331a120fdc88,300
up_5cm_w300,calibration,,0,0,1.5,False,False,True,TRACKING,32.7784956479531,33.08002211162336,28.23102572155597,2.0634389175628884,0.00026119231672288716,0.00023091262929990857,True,0,100.0,03e0aae37f8d362875d2ee58632fcb897270cda3a2937dd86e40ded566595271,fbc0b509402bc8d60a365c0b612d331a120fdc88,300
front_12.5cm_w1000,calibration,,0,0,1.5,True,True,True,PASS,6.382338751233339,6.714429752719642,6.5236504177162615,4.48413780756298,0.0004226903668870722,0.00026072968992241126,True,0,100.0,03e0aae37f8d362875d2ee58632fcb897270cda3a2937dd86e40ded566595271,fbc0b509402bc8d60a365c0b612d331a120fdc88,1000
up_5cm_w1000,calibration,,0,0,1.5,False,False,True,TRACKING,15.277437060725271,15.65796463959045,14.763394172999176,2.337440263887962,0.00023656803390476576,0.00039340484062257516,True,0,100.0,03e0aae37f8d362875d2ee58632fcb897270cda3a2937dd86e40ded566595271,fbc0b509402bc8d60a365c0b612d331a120fdc88,1000
front_12.5cm_w3000,calibration,,0,0,1.5,True,True,True,PASS,3.0541198449244744,3.231129062709014,3.7793119522218372,5.316390534205891,0.0004244733926693659,0.0003234608313541088,True,0,100.0,03e0aae37f8d362875d2ee58632fcb897270cda3a2937dd86e40ded566595271,fbc0b509402bc8d60a365c0b612d331a120fdc88,3000
up_5cm_w3000,calibration,,0,0,1.5,True,True,True,PASS,9.473321837251342,9.9207951434779,10.238578295483428,2.386833663563667,0.0002232142911109102,0.00047036997629572416,True,0,100.0,03e0aae37f8d362875d2ee58632fcb897270cda3a2937dd86e40ded566595271,fbc0b509402bc8d60a365c0b612d331a120fdc88,3000
front_12.5cm_w3000_moving_70N,validation,,0,70,1.5,False,False,False,FALL,810.9794689578283,965.1036263804282,345.29597473252153,139.0,1.3567315717527768,5.25688423371131,False,3,100.0,03e0aae37f8d362875d2ee58632fcb897270cda3a2937dd86e40ded566595271,fbc0b509402bc8d60a365c0b612d331a120fdc88,3000
front_12.5cm_w3000_hold_70N,validation,,0,70,3.0,False,False,False,FALL,701.8352725166726,701.8352725166726,121.25696734854942,88.0,0.511218120559567,3.353564774239903,False,0,100.0,03e0aae37f8d362875d2ee58632fcb897270cda3a2937dd86e40ded566595271,fbc0b509402bc8d60a365c0b612d331a120fdc88,3000
up_5cm_w3000_moving_70N,validation,,0,70,1.5,True,True,True,PASS,7.0078460645538305,7.789367506558061,9.045386457187291,22.717558757118503,0.009526258727180905,0.15340233761579058,True,0,100.0,03e0aae37f8d362875d2ee58632fcb897270cda3a2937dd86e40ded566595271,fbc0b509402bc8d60a365c0b612d331a120fdc88,3000
up_5cm_w3000_hold_70N,validation,,0,70,3.0,True,True,True,PASS,9.2410261770073,10.148324945947184,9.803843478239546,21.927455438239363,0.006061114342692487,0.009803972324985607,True,0,100.0,03e0aae37f8d362875d2ee58632fcb897270cda3a2937dd86e40ded566595271,fbc0b509402bc8d60a365c0b612d331a120fdc88,3000
mixed_8cm_w3000,validation,,0,0,1.5,True,True,True,PASS,3.877398823017828,4.389485413065688,7.1703803387040885,2.041110391771977,0.00038732222036893946,0.00019518363833540505,True,0,100.0,03e0aae37f8d362875d2ee58632fcb897270cda3a2937dd86e40ded566595271,fbc0b509402bc8d60a365c0b612d331a120fdc88,3000
right_5cm_w3000,validation,,0,0,1.5,True,True,True,PASS,5.039420740329938,5.25780553018681,6.7043692088709275,1.8533831089726176,0.00026861655683638674,0.00019912537078721728,True,0,100.0,03e0aae37f8d362875d2ee58632fcb897270cda3a2937dd86e40ded566595271,fbc0b509402bc8d60a365c0b612d331a120fdc88,3000
front_15cm_w3000,validation,,0,0,1.5,True,True,True,PASS,3.993067580500285,4.09476316636479,4.127059053277358,7.0914063415112105,0.00045414692060071957,0.0005124566661987373,True,0,100.0,03e0aae37f8d362875d2ee58632fcb897270cda3a2937dd86e40ded566595271,fbc0b509402bc8d60a365c0b612d331a120fdc88,3000
up_10cm_w3000,validation,,0,0,1.5,True,True,True,PASS,11.422070445596475,12.069754222210713,12.816333385551681,2.860178259726766,0.00045609073009285,0.0007810560024334196,True,0,100.0,03e0aae37f8d362875d2ee58632fcb897270cda3a2937dd86e40ded566595271,fbc0b509402bc8d60a365c0b612d331a120fdc88,3000
