trial_id,controller,push_magnitude_N,push_direction_deg,push_duration_s,impulse_Ns,success,failure_reason,recovered_at_s,recovery_latency_s,max_torso_error_rad,max_com_displacement_m,max_joint_torque_Nm,max_contact_force_N,min_friction_margin,seed,mass_kg,force_over_mg,impulse_over_mass_m_s
pd_10_0,pd,10.0,0.0,0.15,1.5,True,,2.1519999999999846,0.0019999999999846807,0.052198383757076826,0.026897355419900675,5.7696832902442665,172.39873268547848,0.9744534801944383,0,35.112142000000006,0.029031780284012747,0.04272026468792476
pd_10_15,pd,10.0,14.999999999999998,0.15,1.5,True,,2.1519999999999846,0.0019999999999846807,0.05122987876588311,0.026420505439561856,5.669590836855209,181.28259237802993,0.9727565531322647,0,35.112142000000006,0.029031780284012747,0.04272026468792476
pd_10_30,pd,10.0,29.999999999999996,0.15,1.5,True,,2.1519999999999846,0.0019999999999846807,0.04842129106837028,0.025032847318388573,5.369535625971763,188.9581534265138,0.9686715689034547,0,35.112142000000006,0.029031780284012747,0.04272026468792476
pd_10_45,pd,10.0,45.0,0.15,1.5,True,,2.1519999999999846,0.0019999999999846807,0.04400819131249907,0.022852763821195422,4.895804195344406,195.9104793353244,0.9632561807837603,0,35.112142000000006,0.029031780284012747,0.04272026468792476
pd_10_60,pd,10.0,59.99999999999999,0.15,1.5,True,,2.1519999999999846,0.0019999999999846807,0.03849946964999055,0.020119929951366227,4.282711270727277,201.0558579826973,0.9580526905547254,0,35.112142000000006,0.029031780284012747,0.04272026468792476
pd_10_75,pd,10.0,75.0,0.15,1.5,True,,2.1519999999999846,0.0019999999999846807,0.03300050794919442,0.017391343658730136,3.6452961573821376,204.3761805831631,0.9547968615439049,0,35.112142000000006,0.029031780284012747,0.04272026468792476
pd_10_90,pd,10.0,90.0,0.15,1.5,True,,2.1519999999999846,0.0019999999999846807,0.031909607331130165,0.016845268251746,3.5229520416177844,205.55503778150083,0.9533650400691441,0,35.112142000000006,0.029031780284012747,0.04272026468792476
pd_10_105,pd,10.0,105.00000000000001,0.15,1.5,True,,2.1519999999999846,0.0019999999999846807,0.03132164125708315,0.016497471132026317,3.4688570920738813,204.50427999466115,0.9555296571666068,0,35.112142000000006,0.029031780284012747,0.04272026468792476
pd_10_120,pd,10.0,119.99999999999999,0.15,1.5,True,,2.1519999999999846,0.0019999999999846807,0.030754287614517678,0.01616314065311166,3.41655083680409,201.2903323285334,0.9611294086481381,0,35.112142000000006,0.029031780284012747,0.04272026468792476
pd_10_135,pd,10.0,135.0,0.15,1.5,True,,2.1519999999999846,0.0019999999999846807,0.030180157486437043,0.015830021131863548,3.363317639654619,196.0853257116952,0.9671369630551151,0,35.112142000000006,0.029031780284012747,0.04272026468792476
pd_10_150,pd,10.0,150.0,0.15,1.5,True,,2.1519999999999846,0.0019999999999846807,0.02970059746332493,0.01555382525386003,3.3184851237530273,189.47222305851813,0.970886407549908,0,35.112142000000006,0.029031780284012747,0.04272026468792476
pd_10_165,pd,10.0,165.0,0.15,1.5,True,,2.1519999999999846,0.0019999999999846807,0.02938956055230336,0.015375166933080461,3.2888756082881607,181.6637773770167,0.974433033538871,0,35.112142000000006,0.029031780284012747,0.04272026468792476
pd_10_180,pd,10.0,180.0,0.15,1.5,True,,2.1519999999999846,0.0019999999999846807,0.02928315107397599,0.01531404300557664,3.277796494390866,172.5108799305099,0.9765627527618834,0,35.112142000000006,0.029031780284012747,0.04272026468792476
pd_10_195,pd,10.0,195.0,0.15,1.5,True,,2.1519999999999846,0.0019999999999846807,0.029389460699831137,0.015375119925783396,3.287703578231959,181.4499784283728,0.9744211317072299,0,35.112142000000006,0.029031780284012747,0.04272026468792476
pd_10_210,pd,10.0,210.00000000000003,0.15,1.5,True,,2.1519999999999846,0.0019999999999846807,0.02970040563094663,0.015553735465434483,3.317251186905115,189.25866072861123,0.9708666383658267,0,35.112142000000006,0.029031780284012747,0.04272026468792476
pd_10_225,pd,10.0,225.0,0.15,1.5,True,,2.1519999999999846,0.0019999999999846807,0.030179891675049253,0.015829898530545602,3.3620003814399033,195.87179559497557,0.9671095914969017,0,35.112142000000006,0.029031780284012747,0.04272026468792476
pd_10_240,pd,10.0,239.99999999999997,0.15,1.5,True,,2.1519999999999846,0.0019999999999846807,0.030753939214298396,0.016162981491470666,3.415127000596167,201.07714861145718,0.9611818274511104,0,35.112142000000006,0.029031780284012747,0.04272026468792476
pd_10_255,pd,10.0,255.00000000000003,0.15,1.5,True,,2.1519999999999846,0.0019999999999846807,0.03132125104816765,0.016497304965820917,3.467327930563125,204.29149762318156,0.9555973634613971,0,35.112142000000006,0.029031780284012747,0.04272026468792476
pd_10_270,pd,10.0,270.0,0.15,1.5,True,,2.1519999999999846,0.0019999999999846807,0.03190918061222297,0.016845093245757933,3.5213136382664727,205.34273156509204,0.9534397194135618,0,35.112142000000006,0.029031780284012747,0.04272026468792476
pd_10_285,pd,10.0,285.0,0.15,1.5,True,,2.1519999999999846,0.0019999999999846807,0.03299993286904805,0.017391069666625274,3.64430166143547,204.16435319730965,0.9548705816480605,0,35.112142000000006,0.029031780284012747,0.04272026468792476
pd_10_300,pd,10.0,300.0,0.15,1.5,True,,2.1519999999999846,0.0019999999999846807,0.03849890265975107,0.020119670988218354,4.2816954079049045,200.84385056411128,0.9581275685760254,0,35.112142000000006,0.029031780284012747,0.04272026468792476
pd_10_315,pd,10.0,315.0,0.15,1.5,True,,2.1519999999999846,0.0019999999999846807,0.0440077044053035,0.02285252019624094,4.894697596434803,195.6993322740205,0.9633236309524026,0,35.112142000000006,0.029031780284012747,0.04272026468792476
pd_10_330,pd,10.0,330.0,0.15,1.5,True,,2.1519999999999846,0.0019999999999846807,0.04842106516091492,0.025032708644737015,5.3683574157662175,188.74741515578873,0.9687350410490598,0,35.112142000000006,0.029031780284012747,0.04272026468792476
pd_10_345,pd,10.0,345.0,0.15,1.5,True,,2.1519999999999846,0.0019999999999846807,0.05122986576200441,0.026420441878385208,5.668427822212035,181.07178894815644,0.9728169649483753,0,35.112142000000006,0.029031780284012747,0.04272026468792476
pd_20_0,pd,20.0,0.0,0.15,3.0,False,FALL,,,1.6725810140220976,0.7679406232863606,139.0,2229.155132874067,0.0,0,35.112142000000006,0.058063560568025495,0.08544052937584952
pd_20_15,pd,20.0,14.999999999999998,0.15,3.0,False,FALL,,,1.7830614353382461,0.7538853523480471,139.0,2391.2075291383617,0.0,0,35.112142000000006,0.058063560568025495,0.08544052937584952
pd_20_30,pd,20.0,29.999999999999996,0.15,3.0,False,FALL,,,1.6969764136124883,0.8247788268133714,139.0,2160.9896888170683,-2.220446049250313e-16,0,35.112142000000006,0.058063560568025495,0.08544052937584952
pd_20_45,pd,20.0,45.0,0.15,3.0,False,FALL,,,2.189578125522226,0.7183582218806492,139.0,3310.4844498878288,-2.220446049250313e-16,0,35.112142000000006,0.058063560568025495,0.08544052937584952
pd_20_60,pd,20.0,59.99999999999999,0.15,3.0,False,FALL,,,1.756717618365579,0.7291210554576905,139.0,2030.1865248313434,-2.220446049250313e-16,0,35.112142000000006,0.058063560568025495,0.08544052937584952
pd_20_75,pd,20.0,75.0,0.15,3.0,True,,2.1519999999999846,0.0019999999999846807,0.039026089682794876,0.020384389508692487,4.355408721881556,235.75080067431324,0.8771312299876625,0,35.112142000000006,0.058063560568025495,0.08544052937584952
pd_20_90,pd,20.0,90.0,0.15,3.0,True,,2.1519999999999846,0.0019999999999846807,0.03191232335322722,0.01684707618913062,4.008328536959124,238.1116657931833,0.8741501562218953,0,35.112142000000006,0.058063560568025495,0.08544052937584952
pd_20_105,pd,20.0,105.00000000000001,0.15,3.0,True,,2.1519999999999846,0.0019999999999846807,0.030708866853206816,0.016136291531502606,3.8555256107486504,235.88409298932885,0.8837104657458399,0,35.112142000000006,0.058063560568025495,0.08544052937584952
pd_20_120,pd,20.0,119.99999999999999,0.15,3.0,True,,2.1519999999999846,0.0019999999999846807,0.029285319666073346,0.01531426788125973,3.444450055482221,229.37309160488635,0.9011518977504598,0,35.112142000000006,0.058063560568025495,0.08544052937584952
pd_20_135,pd,20.0,135.0,0.15,3.0,False,FALL,,,1.8851455075383186,0.7988784654796037,139.0,3012.1808641630455,0.0,0,35.112142000000006,0.058063560568025495,0.08544052937584952
pd_20_150,pd,20.0,150.0,0.15,3.0,False,FALL,,,1.784434622991552,0.8674725040394718,139.0,2291.8130386767234,0.0,0,35.112142000000006,0.058063560568025495,0.08544052937584952
pd_20_165,pd,20.0,165.0,0.15,3.0,False,FALL,,,1.6657136684437992,0.7181759791045133,139.0,3375.606108556075,0.0,0,35.112142000000006,0.058063560568025495,0.08544052937584952
pd_20_180,pd,20.0,180.0,0.15,3.0,False,FALL,,,1.727630536576686,0.983936164871396,139.0,1990.6654257753185,0.0,0,35.112142000000006,0.058063560568025495,0.08544052937584952
pd_20_195,pd,20.0,195.0,0.15,3.0,False,FALL,,,1.8924888450830855,0.7253863566302686,139.0,2474.8837791677556,0.0,0,35.112142000000006,0.058063560568025495,0.08544052937584952
pd_20_210,pd,20.0,210.00000000000003,0.15,3.0,False,FALL,,,1.9104854943738199,0.9177260598663562,139.0,2025.6046520390978,0.0,0,35.112142000000006,0.058063560568025495,0.08544052937584952
pd_20_225,pd,20.0,225.0,0.15,3.0,False,FALL,,,1.7297528059815541,0.7048256341953834,139.0,3031.4178051320305,-2.220446049250313e-16,0,35.112142000000006,0.058063560568025495,0.08544052937584952
pd_20_240,pd,20.0,239.99999999999997,0.15,3.0,True,,2.1519999999999846,0.0019999999999846807,0.02928479508411657,0.015313952852485711,3.422262050841657,229.16115541092475,0.9013005541246091,0,35.112142000000006,0.058063560568025495,0.08544052937584952
pd_20_255,pd,20.0,255.00000000000003,0.15,3.0,True,,2.1519999999999846,0.0019999999999846807,0.030708153469935863,0.01613590641575123,3.8137950119922266,235.67504477477115,0.8839042989231741,0,35.112142000000006,0.058063560568025495,0.08544052937584952
pd_20_270,pd,20.0,270.0,0.15,3.0,True,,2.1519999999999846,0.0019999999999846807,0.03191149133052712,0.016846699836771305,3.972581818117348,237.90139370861348,0.874359657581556,0,35.112142000000006,0.058063560568025495,0.08544052937584952
pd_20_285,pd,20.0,285.0,0.15,3.0,True,,2.1519999999999846,0.0019999999999846807,0.039024282239294154,0.020383561814032614,4.354272006381799,235.539956377937,0.8773419202950372,0,35.112142000000006,0.058063560568025495,0.08544052937584952
pd_20_300,pd,20.0,300.0,0.15,3.0,False,FALL,,,2.1270799458431986,1.1917199172064203,139.0,2273.3852689302944,0.0,0,35.112142000000006,0.058063560568025495,0.08544052937584952
pd_20_315,pd,20.0,315.0,0.15,3.0,False,FALL,,,1.7970348830112384,0.7429794863052411,139.0,2364.070503328576,-2.220446049250313e-16,0,35.112142000000006,0.058063560568025495,0.08544052937584952
pd_20_330,pd,20.0,330.0,0.15,3.0,False,FALL,,,2.340427947928834,0.7276469385728784,139.0,2414.859524664285,0.0,0,35.112142000000006,0.058063560568025495,0.08544052937584952
pd_20_345,pd,20.0,345.0,0.15,3.0,False,FALL,,,2.2726123288460776,0.6607002326738812,139.0,2324.018783208059,-2.220446049250313e-16,0,35.112142000000006,0.058063560568025495,0.08544052937584952
pd_30_0,pd,30.0,0.0,0.15,4.5,False,FALL,,,1.7472069874479486,1.0288708465328098,139.0,2566.461257684111,0.0,0,35.112142000000006,0.08709534085203824,0.12816079406377426
pd_30_15,pd,30.0,14.999999999999998,0.15,4.5,False,FALL,,,1.8807924923973756,1.0300430166766712,139.0,2518.4717177251123,0.0,0,35.112142000000006,0.08709534085203824,0.12816079406377426
pd_30_30,pd,30.0,29.999999999999996,0.15,4.5,False,FALL,,,1.7191209656598987,1.0384193875479473,139.0,2191.844193971506,-2.220446049250313e-16,0,35.112142000000006,0.08709534085203824,0.12816079406377426
pd_30_45,pd,30.0,45.0,0.15,4.5,False,FALL,,,1.927030697549981,0.9668673514866066,139.0,2040.457404029402,-2.220446049250313e-16,0,35.112142000000006,0.08709534085203824,0.12816079406377426
pd_30_60,pd,30.0,59.99999999999999,0.15,4.5,False,FALL,,,2.1090566497639207,0.9170881728964082,139.0,2562.6576418630416,-2.220446049250313e-16,0,35.112142000000006,0.08709534085203824,0.12816079406377426
pd_30_75,pd,30.0,75.0,0.15,4.5,False,FALL,,,1.8517534957107742,0.7221051001709603,139.0,2657.4864436580265,0.0,0,35.112142000000006,0.08709534085203824,0.12816079406377426
pd_30_90,pd,30.0,90.0,0.15,4.5,False,FALL,,,1.7232284084931369,0.8588421429003348,139.0,2298.925932376937,0.0,0,35.112142000000006,0.08709534085203824,0.12816079406377426
pd_30_105,pd,30.0,105.00000000000001,0.15,4.5,False,FALL,,,1.7920054085767307,0.7493238973069768,139.0,2560.3988783716777,-2.220446049250313e-16,0,35.112142000000006,0.08709534085203824,0.12816079406377426
pd_30_120,pd,30.0,119.99999999999999,0.15,4.5,False,FALL,,,1.8000164166062669,0.6872178966639956,139.0,2805.483207306023,0.0,0,35.112142000000006,0.08709534085203824,0.12816079406377426
pd_30_135,pd,30.0,135.0,0.15,4.5,False,FALL,,,1.7299737873372831,0.7125391373763649,139.0,2166.171028283558,0.0,0,35.112142000000006,0.08709534085203824,0.12816079406377426
pd_30_150,pd,30.0,150.0,0.15,4.5,False,FALL,,,1.9497573499338272,0.8677455337269647,139.0,2322.0935425114003,0.0,0,35.112142000000006,0.08709534085203824,0.12816079406377426
pd_30_165,pd,30.0,165.0,0.15,4.5,False,FALL,,,1.6470002579663046,0.9954374077607621,139.0,2116.6124441834245,-2.220446049250313e-16,0,35.112142000000006,0.08709534085203824,0.12816079406377426
pd_30_180,pd,30.0,180.0,0.15,4.5,False,FALL,,,1.878754326852671,0.7507034981960395,139.0,1982.5229420755902,0.0,0,35.112142000000006,0.08709534085203824,0.12816079406377426
pd_30_195,pd,30.0,195.0,0.15,4.5,False,FALL,,,1.676758376534232,0.7184533781846307,139.0,2111.8676667493455,0.0,0,35.112142000000006,0.08709534085203824,0.12816079406377426
pd_30_210,pd,30.0,210.00000000000003,0.15,4.5,False,FALL,,,1.834808084849646,0.6626590450342458,139.0,2179.247769724523,-2.220446049250313e-16,0,35.112142000000006,0.08709534085203824,0.12816079406377426
pd_30_225,pd,30.0,225.0,0.15,4.5,False,FALL,,,1.8817890587289428,0.8302425372171782,139.0,2260.6943034035485,-2.220446049250313e-16,0,35.112142000000006,0.08709534085203824,0.12816079406377426
pd_30_240,pd,30.0,239.99999999999997,0.15,4.5,False,FALL,,,1.7740589628076249,0.7329867134994458,139.0,2541.472685154661,0.0,0,35.112142000000006,0.08709534085203824,0.12816079406377426
pd_30_255,pd,30.0,255.00000000000003,0.15,4.5,False,FALL,,,1.8309657699671413,0.859984088382681,139.0,2036.2604036236423,0.0,0,35.112142000000006,0.08709534085203824,0.12816079406377426
pd_30_270,pd,30.0,270.0,0.15,4.5,False,FALL,,,1.8350162233952945,0.6855190923196512,139.0,1958.3387462596434,0.0,0,35.112142000000006,0.08709534085203824,0.12816079406377426
pd_30_285,pd,30.0,285.0,0.15,4.5,False,FALL,,,1.7035096594520476,0.7368458318545149,139.0,2042.498221782328,-2.220446049250313e-16,0,35.112142000000006,0.08709534085203824,0.12816079406377426
pd_30_300,pd,30.0,300.0,0.15,4.5,False,FALL,,,2.4000777617815743,0.9021342350904697,139.0,2276.5911998062115,0.0,0,35.112142000000006,0.08709534085203824,0.12816079406377426
pd_30_315,pd,30.0,315.0,0.15,4.5,False,FALL,,,1.677317035571107,0.7268706929316682,139.0,2330.3190974769177,-2.220446049250313e-16,0,35.112142000000006,0.08709534085203824,0.12816079406377426
pd_30_330,pd,30.0,330.0,0.15,4.5,False,FALL,,,1.706348029753692,0.7782356425450763,139.0,2571.6027809086095,0.0,0,35.112142000000006,0.08709534085203824,0.12816079406377426
pd_30_345,pd,30.0,345.0,0.15,4.5,False,FALL,,,1.7043266728536768,0.6931075729490358,139.0,1984.1461576366532,0.0,0,35.112142000000006,0.08709534085203824,0.12816079406377426
pd_40_0,pd,40.0,0.0,0.15,6.0,False,FALL,,,1.686963034436499,0.8335341324408918,139.0,2215.107368711731,0.0,0,35.112142000000006,0.11612712113605099,0.17088105875169904
pd_40_15,pd,40.0,14.999999999999998,0.15,6.0,False,FALL,,,1.6872880230303389,0.7248235782656948,139.0,2594.9157779051216,0.0,0,35.112142000000006,0.11612712113605099,0.17088105875169904
pd_40_30,pd,40.0,29.999999999999996,0.15,6.0,False,FALL,,,1.7383657040697476,0.7155959149129747,139.0,1656.5376010225232,-2.220446049250313e-16,0,35.112142000000006,0.11612712113605099,0.17088105875169904
pd_40_45,pd,40.0,45.0,0.15,6.0,False,FALL,,,1.6565416439940053,0.7019108741123927,139.0,2930.2749951564506,0.0,0,35.112142000000006,0.11612712113605099,0.17088105875169904
pd_40_60,pd,40.0,59.99999999999999,0.15,6.0,False,FALL,,,1.7603378507012206,0.7754591481541635,139.0,2534.504570091698,-2.220446049250313e-16,0,35.112142000000006,0.11612712113605099,0.17088105875169904
pd_40_75,pd,40.0,75.0,0.15,6.0,False,FALL,,,1.6732799621558196,0.950139031570627,139.0,2235.9024034721588,-2.220446049250313e-16,0,35.112142000000006,0.11612712113605099,0.17088105875169904
pd_40_90,pd,40.0,90.0,0.15,6.0,False,FALL,,,1.9609531076933333,1.034772673462696,139.0,2177.6966533800887,0.0,0,35.112142000000006,0.11612712113605099,0.17088105875169904
pd_40_105,pd,40.0,105.00000000000001,0.15,6.0,False,FALL,,,1.8068549128469664,1.0662369955025004,139.0,2216.156940942571,-2.220446049250313e-16,0,35.112142000000006,0.11612712113605099,0.17088105875169904
pd_40_120,pd,40.0,119.99999999999999,0.15,6.0,False,FALL,,,1.6845155506169542,0.7647840089507826,139.0,2051.984510488445,0.0,0,35.112142000000006,0.11612712113605099,0.17088105875169904
pd_40_135,pd,40.0,135.0,0.15,6.0,False,FALL,,,1.8784527133746707,1.1904332965540825,139.0,3052.1569987955054,0.0,0,35.112142000000006,0.11612712113605099,0.17088105875169904
pd_40_150,pd,40.0,150.0,0.15,6.0,False,FALL,,,1.6506798655804182,0.8179267648141998,139.0,2512.1589929696947,-2.220446049250313e-16,0,35.112142000000006,0.11612712113605099,0.17088105875169904
pd_40_165,pd,40.0,165.0,0.15,6.0,False,FALL,,,1.7301121685803036,0.7593898189468788,139.0,2567.896126065986,0.0,0,35.112142000000006,0.11612712113605099,0.17088105875169904
pd_40_180,pd,40.0,180.0,0.15,6.0,False,FALL,,,1.6778067511791874,0.7354227843842033,139.0,2903.504593581686,0.0,0,35.112142000000006,0.11612712113605099,0.17088105875169904
pd_40_195,pd,40.0,195.0,0.15,6.0,False,FALL,,,1.8498780723855004,0.9361599708129175,139.0,3188.507532278898,0.0,0,35.112142000000006,0.11612712113605099,0.17088105875169904
pd_40_210,pd,40.0,210.00000000000003,0.15,6.0,False,FALL,,,1.8200357533244365,0.7116794439745618,139.0,2857.300715131753,0.0,0,35.112142000000006,0.11612712113605099,0.17088105875169904
pd_40_225,pd,40.0,225.0,0.15,6.0,False,FALL,,,1.6935173696928951,0.8104617491876804,139.0,2183.4678557988377,-2.220446049250313e-16,0,35.112142000000006,0.11612712113605099,0.17088105875169904
pd_40_240,pd,40.0,239.99999999999997,0.15,6.0,False,FALL,,,2.215661453434936,0.8052853606316966,139.0,2392.7461377168065,-2.220446049250313e-16,0,35.112142000000006,0.11612712113605099,0.17088105875169904
pd_40_255,pd,40.0,255.00000000000003,0.15,6.0,False,FALL,,,1.9424574531099088,0.7516993152645326,139.0,1836.9567685819407,0.0,0,35.112142000000006,0.11612712113605099,0.17088105875169904
pd_40_270,pd,40.0,270.0,0.15,6.0,False,FALL,,,1.891609984137213,0.8344811774819914,139.0,3003.825727799889,0.0,0,35.112142000000006,0.11612712113605099,0.17088105875169904
pd_40_285,pd,40.0,285.0,0.15,6.0,False,FALL,,,1.9011642128027069,0.7930309709482206,139.0,2218.2426768800124,0.0,0,35.112142000000006,0.11612712113605099,0.17088105875169904
pd_40_300,pd,40.0,300.0,0.15,6.0,False,FALL,,,2.052479189233992,0.7950398720430681,139.0,3153.765014520698,0.0,0,35.112142000000006,0.11612712113605099,0.17088105875169904
pd_40_315,pd,40.0,315.0,0.15,6.0,False,FALL,,,1.8208284081613184,0.7998636720403357,139.0,2461.310478048264,-2.220446049250313e-16,0,35.112142000000006,0.11612712113605099,0.17088105875169904
pd_40_330,pd,40.0,330.0,0.15,6.0,False,FALL,,,2.1184253170296405,0.7066040587424394,139.0,2877.4037486050725,-2.220446049250313e-16,0,35.112142000000006,0.11612712113605099,0.17088105875169904
pd_40_345,pd,40.0,345.0,0.15,6.0,False,FALL,,,1.63840497200788,0.7925064293239583,139.0,3158.4286608005796,0.0,0,35.112142000000006,0.11612712113605099,0.17088105875169904
pd_50_0,pd,50.0,0.0,0.15,7.5,False,FALL,,,2.0854828997898487,0.6944210258649535,139.0,2128.4516327998426,-2.220446049250313e-16,0,35.112142000000006,0.14515890142006374,0.2136013234396238
pd_50_15,pd,50.0,14.999999999999998,0.15,7.5,False,FALL,,,1.6625513194180082,0.6914277460985028,139.0,1980.603847631632,0.0,0,35.112142000000006,0.14515890142006374,0.2136013234396238
pd_50_30,pd,50.0,29.999999999999996,0.15,7.5,False,FALL,,,1.9003790446451059,0.656367999054942,139.0,1869.4288876062212,0.0,0,35.112142000000006,0.14515890142006374,0.2136013234396238
pd_50_45,pd,50.0,45.0,0.15,7.5,False,FALL,,,1.9696109938799535,0.8247587626191727,139.0,2056.2587580356826,0.0,0,35.112142000000006,0.14515890142006374,0.2136013234396238
pd_50_60,pd,50.0,59.99999999999999,0.15,7.5,False,FALL,,,1.811703848870155,0.7675698208137836,139.0,2786.576724665343,-2.220446049250313e-16,0,35.112142000000006,0.14515890142006374,0.2136013234396238
pd_50_75,pd,50.0,75.0,0.15,7.5,False,FALL,,,1.7674766615147168,0.8359644238365116,139.0,2581.874072405055,0.0,0,35.112142000000006,0.14515890142006374,0.2136013234396238
pd_50_90,pd,50.0,90.0,0.15,7.5,False,FALL,,,1.7351032232262484,0.73448774385869,139.0,2927.0222258143176,0.0,0,35.112142000000006,0.14515890142006374,0.2136013234396238
pd_50_105,pd,50.0,105.00000000000001,0.15,7.5,False,FALL,,,1.742303691322881,0.7708357003519153,139.0,3045.299914544089,-2.220446049250313e-16,0,35.112142000000006,0.14515890142006374,0.2136013234396238
pd_50_120,pd,50.0,119.99999999999999,0.15,7.5,False,FALL,,,1.6344318137004787,0.693879192384632,139.0,2898.4027941497757,-2.220446049250313e-16,0,35.112142000000006,0.14515890142006374,0.2136013234396238
pd_50_135,pd,50.0,135.0,0.15,7.5,False,FALL,,,1.7447094262917602,0.7871109522688144,139.0,2404.570913117806,0.0,0,35.112142000000006,0.14515890142006374,0.2136013234396238
pd_50_150,pd,50.0,150.0,0.15,7.5,False,FALL,,,1.9830676606267428,0.7927521361921042,139.0,1895.8445396033217,0.0,0,35.112142000000006,0.14515890142006374,0.2136013234396238
pd_50_165,pd,50.0,165.0,0.15,7.5,False,FALL,,,1.7802710447342742,0.6984465057500084,139.0,2522.670781539821,-2.220446049250313e-16,0,35.112142000000006,0.14515890142006374,0.2136013234396238
pd_50_180,pd,50.0,180.0,0.15,7.5,False,FALL,,,1.8160558102638817,0.914263920277146,139.0,2735.443282950853,0.0,0,35.112142000000006,0.14515890142006374,0.2136013234396238
pd_50_195,pd,50.0,195.0,0.15,7.5,False,FALL,,,1.8470229576769976,0.9252517547969631,139.0,1707.7625874766923,-2.220446049250313e-16,0,35.112142000000006,0.14515890142006374,0.2136013234396238
pd_50_210,pd,50.0,210.00000000000003,0.15,7.5,False,FALL,,,3.039846910578685,0.7866524910881202,139.0,1882.6278123742281,-2.220446049250313e-16,0,35.112142000000006,0.14515890142006374,0.2136013234396238
pd_50_225,pd,50.0,225.0,0.15,7.5,False,FALL,,,1.8225423344378588,0.908642335068991,139.0,2564.202233199827,0.0,0,35.112142000000006,0.14515890142006374,0.2136013234396238
pd_50_240,pd,50.0,239.99999999999997,0.15,7.5,False,FALL,,,1.6882650630252904,0.7609994748654803,139.0,2526.359902238831,-2.220446049250313e-16,0,35.112142000000006,0.14515890142006374,0.2136013234396238
pd_50_255,pd,50.0,255.00000000000003,0.15,7.5,False,FALL,,,1.7532212691827225,0.7869929538747353,139.0,2128.8312018247966,-2.220446049250313e-16,0,35.112142000000006,0.14515890142006374,0.2136013234396238
pd_50_270,pd,50.0,270.0,0.15,7.5,False,FALL,,,1.8380813470216018,0.6848123355063241,139.0,2842.7778684531413,-2.220446049250313e-16,0,35.112142000000006,0.14515890142006374,0.2136013234396238
pd_50_285,pd,50.0,285.0,0.15,7.5,False,FALL,,,1.8953854307583522,1.0691432049614058,139.0,3027.9686904241985,0.0,0,35.112142000000006,0.14515890142006374,0.2136013234396238
pd_50_300,pd,50.0,300.0,0.15,7.5,False,FALL,,,1.957321236659396,0.7933307231903587,139.0,2889.8818941411337,0.0,0,35.112142000000006,0.14515890142006374,0.2136013234396238
pd_50_315,pd,50.0,315.0,0.15,7.5,False,FALL,,,1.7586646054595134,0.8548073874888479,139.0,2637.3528222763307,0.0,0,35.112142000000006,0.14515890142006374,0.2136013234396238
pd_50_330,pd,50.0,330.0,0.15,7.5,False,FALL,,,1.765562226056637,0.6889760165922505,139.0,1705.976271655461,-2.220446049250313e-16,0,35.112142000000006,0.14515890142006374,0.2136013234396238
pd_50_345,pd,50.0,345.0,0.15,7.5,False,FALL,,,1.6837709425547656,0.7702146997329822,139.0,2141.888589271447,0.0,0,35.112142000000006,0.14515890142006374,0.2136013234396238
pd_60_0,pd,60.0,0.0,0.15,9.0,False,FALL,,,1.8911325727635013,0.9752175665089465,139.0,2805.700141143276,-2.220446049250313e-16,0,35.112142000000006,0.17419068170407648,0.2563215881275485
pd_60_15,pd,60.0,14.999999999999998,0.15,9.0,False,FALL,,,1.631171358879165,0.7183183762293478,139.0,3084.67872682513,0.0,0,35.112142000000006,0.17419068170407648,0.2563215881275485
pd_60_30,pd,60.0,29.999999999999996,0.15,9.0,False,FALL,,,1.9309322083738973,0.8314449526757653,139.0,2684.018733154214,0.0,0,35.112142000000006,0.17419068170407648,0.2563215881275485
pd_60_45,pd,60.0,45.0,0.15,9.0,False,FALL,,,1.8395678427382673,1.0246526641335398,139.0,2785.5518051320637,-2.220446049250313e-16,0,35.112142000000006,0.17419068170407648,0.2563215881275485
pd_60_60,pd,60.0,59.99999999999999,0.15,9.0,False,FALL,,,1.8163042614805427,0.6962296583116245,139.0,2254.4724763664813,-2.220446049250313e-16,0,35.112142000000006,0.17419068170407648,0.2563215881275485
pd_60_75,pd,60.0,75.0,0.15,9.0,False,FALL,,,1.6767783299318708,0.843831396991391,139.0,2771.05539794152,0.0,0,35.112142000000006,0.17419068170407648,0.2563215881275485
pd_60_90,pd,60.0,90.0,0.15,9.0,False,FALL,,,1.7399593022004693,0.7153980115185621,139.0,1602.0028674184823,-2.220446049250313e-16,0,35.112142000000006,0.17419068170407648,0.2563215881275485
pd_60_105,pd,60.0,105.00000000000001,0.15,9.0,False,FALL,,,2.2413136866555163,0.7116876174940459,139.0,2264.465831012965,0.0,0,35.112142000000006,0.17419068170407648,0.2563215881275485
pd_60_120,pd,60.0,119.99999999999999,0.15,9.0,False,FALL,,,1.7327112479171263,1.0361591086277293,139.0,1732.3043757068397,-2.220446049250313e-16,0,35.112142000000006,0.17419068170407648,0.2563215881275485
pd_60_135,pd,60.0,135.0,0.15,9.0,False,FALL,,,1.8811789434832509,0.7534680717977968,139.0,2452.8068096077513,-2.220446049250313e-16,0,35.112142000000006,0.17419068170407648,0.2563215881275485
pd_60_150,pd,60.0,150.0,0.15,9.0,False,FALL,,,1.814819759055044,0.842683487028465,139.0,2078.001736083771,-2.220446049250313e-16,0,35.112142000000006,0.17419068170407648,0.2563215881275485
pd_60_165,pd,60.0,165.0,0.15,9.0,False,FALL,,,1.9834500590044675,0.7961196680651038,139.0,2216.1828056635204,-2.220446049250313e-16,0,35.112142000000006,0.17419068170407648,0.2563215881275485
pd_60_180,pd,60.0,180.0,0.15,9.0,False,FALL,,,1.6894391859069773,0.7025850051080829,139.0,3109.1211912068197,0.0,0,35.112142000000006,0.17419068170407648,0.2563215881275485
pd_60_195,pd,60.0,195.0,0.15,9.0,False,FALL,,,1.944715863649895,0.7848390685633336,139.0,2029.5868072320154,-2.220446049250313e-16,0,35.112142000000006,0.17419068170407648,0.2563215881275485
pd_60_210,pd,60.0,210.00000000000003,0.15,9.0,False,FALL,,,2.3923565221376375,0.9548590674588959,139.0,1993.195288126827,0.0,0,35.112142000000006,0.17419068170407648,0.2563215881275485
pd_60_225,pd,60.0,225.0,0.15,9.0,False,FALL,,,1.8090264180617748,0.7259519312309871,139.0,1871.143672117774,0.0,0,35.112142000000006,0.17419068170407648,0.2563215881275485
pd_60_240,pd,60.0,239.99999999999997,0.15,9.0,False,FALL,,,1.8752899244958618,0.9583905051792635,139.0,2895.8630038991037,-2.220446049250313e-16,0,35.112142000000006,0.17419068170407648,0.2563215881275485
pd_60_255,pd,60.0,255.00000000000003,0.15,9.0,False,FALL,,,1.8281073240883716,0.8108934119507233,139.0,2170.6538796610425,0.0,0,35.112142000000006,0.17419068170407648,0.2563215881275485
pd_60_270,pd,60.0,270.0,0.15,9.0,False,FALL,,,1.7233732868354934,0.6942934848628556,139.0,2538.9554014926393,0.0,0,35.112142000000006,0.17419068170407648,0.2563215881275485
pd_60_285,pd,60.0,285.0,0.15,9.0,False,FALL,,,2.8149357188849744,0.894011080652394,139.0,2205.1213399318717,0.0,0,35.112142000000006,0.17419068170407648,0.2563215881275485
pd_60_300,pd,60.0,300.0,0.15,9.0,False,FALL,,,1.8319557831251967,0.7994032372801326,139.0,2379.6879637511433,-2.220446049250313e-16,0,35.112142000000006,0.17419068170407648,0.2563215881275485
pd_60_315,pd,60.0,315.0,0.15,9.0,False,FALL,,,1.764940336457333,1.0796474127577804,139.0,3173.7404475306707,-2.220446049250313e-16,0,35.112142000000006,0.17419068170407648,0.2563215881275485
pd_60_330,pd,60.0,330.0,0.15,9.0,False,FALL,,,1.8853150675965498,0.8683507862306296,139.0,1977.120502775611,0.0,0,35.112142000000006,0.17419068170407648,0.2563215881275485
pd_60_345,pd,60.0,345.0,0.15,9.0,False,FALL,,,1.7301907691125966,0.836206345550423,139.0,2191.5636829241016,0.0,0,35.112142000000006,0.17419068170407648,0.2563215881275485
pd_70_0,pd,70.0,0.0,0.15,10.5,False,FALL,,,1.8634977184644328,0.8393865811631354,139.0,2165.2962541594416,-2.220446049250313e-16,0,35.112142000000006,0.20322246198808921,0.2990418528154733
pd_70_15,pd,70.0,14.999999999999998,0.15,10.5,False,FALL,,,1.7762429838929195,0.7174916673099134,139.0,2387.2877675089903,-2.220446049250313e-16,0,35.112142000000006,0.20322246198808921,0.2990418528154733
pd_70_30,pd,70.0,29.999999999999996,0.15,10.5,False,FALL,,,2.196225029076773,0.944785297829808,139.0,2216.3327857691456,-2.220446049250313e-16,0,35.112142000000006,0.20322246198808921,0.2990418528154733
pd_70_45,pd,70.0,45.0,0.15,10.5,False,FALL,,,1.732851399710318,0.9242281948032859,139.0,2350.301818673656,0.0,0,35.112142000000006,0.20322246198808921,0.2990418528154733
pd_70_60,pd,70.0,59.99999999999999,0.15,10.5,False,FALL,,,1.8296996963066368,0.7200012622165225,139.0,2100.3823992431307,-2.220446049250313e-16,0,35.112142000000006,0.20322246198808921,0.2990418528154733
pd_70_75,pd,70.0,75.0,0.15,10.5,False,FALL,,,1.90956911957154,0.7728805730362058,139.0,2295.9371860916185,-2.220446049250313e-16,0,35.112142000000006,0.20322246198808921,0.2990418528154733
pd_70_90,pd,70.0,90.0,0.15,10.5,False,FALL,,,1.6913848253412531,0.7988454642364271,139.0,2409.5972623226407,0.0,0,35.112142000000006,0.20322246198808921,0.2990418528154733
pd_70_105,pd,70.0,105.00000000000001,0.15,10.5,False,FALL,,,1.80644682824834,0.873715988156568,139.0,3415.4478361350652,0.0,0,35.112142000000006,0.20322246198808921,0.2990418528154733
pd_70_120,pd,70.0,119.99999999999999,0.15,10.5,False,FALL,,,2.986962260637844,1.084281702995891,139.0,2576.263397714469,0.0,0,35.112142000000006,0.20322246198808921,0.2990418528154733
pd_70_135,pd,70.0,135.0,0.15,10.5,False,FALL,,,1.689062482740922,1.2699678502376501,139.0,2279.6623760984467,0.0,0,35.112142000000006,0.20322246198808921,0.2990418528154733
pd_70_150,pd,70.0,150.0,0.15,10.5,False,FALL,,,1.7389930795232145,0.7824393784283775,139.0,2719.027105117422,0.0,0,35.112142000000006,0.20322246198808921,0.2990418528154733
pd_70_165,pd,70.0,165.0,0.15,10.5,False,FALL,,,1.687790786562632,0.8930189811735953,139.0,2537.7041376922484,0.0,0,35.112142000000006,0.20322246198808921,0.2990418528154733
pd_70_180,pd,70.0,180.0,0.15,10.5,False,FALL,,,1.7253895401942365,0.758931911072167,139.0,1963.9560481945887,0.0,0,35.112142000000006,0.20322246198808921,0.2990418528154733
pd_70_195,pd,70.0,195.0,0.15,10.5,False,FALL,,,1.9559573492127684,0.7017712103664971,139.0,2082.2455700950636,0.0,0,35.112142000000006,0.20322246198808921,0.2990418528154733
pd_70_210,pd,70.0,210.00000000000003,0.15,10.5,False,FALL,,,1.9055972517012523,0.9744001495571984,139.0,2221.928611004065,-2.220446049250313e-16,0,35.112142000000006,0.20322246198808921,0.2990418528154733
pd_70_225,pd,70.0,225.0,0.15,10.5,False,FALL,,,1.9523924146908886,0.7290405341984745,139.0,1957.1108047145249,-2.220446049250313e-16,0,35.112142000000006,0.20322246198808921,0.2990418528154733
pd_70_240,pd,70.0,239.99999999999997,0.15,10.5,False,FALL,,,1.9381322775988958,0.9221020335902936,139.0,2967.0792922707797,0.0,0,35.112142000000006,0.20322246198808921,0.2990418528154733
pd_70_255,pd,70.0,255.00000000000003,0.15,10.5,False,FALL,,,1.669264316093779,0.7286858467799563,139.0,2465.244892672361,-2.220446049250313e-16,0,35.112142000000006,0.20322246198808921,0.2990418528154733
pd_70_270,pd,70.0,270.0,0.15,10.5,False,FALL,,,1.9638547983036125,0.6802639214564126,139.0,2411.844467638523,0.0,0,35.112142000000006,0.20322246198808921,0.2990418528154733
pd_70_285,pd,70.0,285.0,0.15,10.5,False,FALL,,,1.815994524638229,1.1972313435154616,139.0,2908.5537788470165,-2.220446049250313e-16,0,35.112142000000006,0.20322246198808921,0.2990418528154733
pd_70_300,pd,70.0,300.0,0.15,10.5,False,FALL,,,1.8228526145644472,0.6843840075803472,139.0,2446.872822963833,-2.220446049250313e-16,0,35.112142000000006,0.20322246198808921,0.2990418528154733
pd_70_315,pd,70.0,315.0,0.15,10.5,False,FALL,,,2.1766871750158447,0.7284507801622868,139.0,1835.3250259600177,0.0,0,35.112142000000006,0.20322246198808921,0.2990418528154733
pd_70_330,pd,70.0,330.0,0.15,10.5,False,FALL,,,1.701803915731498,0.7886610201393188,139.0,2385.4789157486,0.0,0,35.112142000000006,0.20322246198808921,0.2990418528154733
pd_70_345,pd,70.0,345.0,0.15,10.5,False,FALL,,,1.713037753113572,0.8190892912444373,139.0,1911.568608934125,-2.220446049250313e-16,0,35.112142000000006,0.20322246198808921,0.2990418528154733
pd_80_0,pd,80.0,0.0,0.15,12.0,False,FALL,,,1.8137589808505017,0.7805059327720204,139.0,3059.0277824100303,-2.220446049250313e-16,0,35.112142000000006,0.23225424227210198,0.3417621175033981
pd_80_15,pd,80.0,14.999999999999998,0.15,12.0,False,FALL,,,1.8278017736788017,1.0929796079507805,139.0,2702.316081887983,-2.220446049250313e-16,0,35.112142000000006,0.23225424227210198,0.3417621175033981
pd_80_30,pd,80.0,29.999999999999996,0.15,12.0,False,FALL,,,1.9891792887536417,0.8235203464305938,139.0,2372.0548235547717,0.0,0,35.112142000000006,0.23225424227210198,0.3417621175033981
pd_80_45,pd,80.0,45.0,0.15,12.0,False,FALL,,,2.108432265593968,0.6774960137721462,139.0,2484.516261833578,-2.220446049250313e-16,0,35.112142000000006,0.23225424227210198,0.3417621175033981
pd_80_60,pd,80.0,59.99999999999999,0.15,12.0,False,FALL,,,1.6411357719001292,0.9765387273776076,139.0,2401.503034616074,0.0,0,35.112142000000006,0.23225424227210198,0.3417621175033981
pd_80_75,pd,80.0,75.0,0.15,12.0,False,FALL,,,2.0439917591931103,0.8154298998032076,139.0,1896.753009958493,-2.220446049250313e-16,0,35.112142000000006,0.23225424227210198,0.3417621175033981
pd_80_90,pd,80.0,90.0,0.15,12.0,False,FALL,,,1.7795138008863183,0.6921140696836525,139.0,2304.643302439998,-2.220446049250313e-16,0,35.112142000000006,0.23225424227210198,0.3417621175033981
pd_80_105,pd,80.0,105.00000000000001,0.15,12.0,False,FALL,,,3.1409919564019106,0.6786811647626458,139.0,1894.8395106029957,0.0,0,35.112142000000006,0.23225424227210198,0.3417621175033981
pd_80_120,pd,80.0,119.99999999999999,0.15,12.0,False,FALL,,,1.7444825039842808,0.9596620692741549,139.0,2040.2837828211873,0.0,0,35.112142000000006,0.23225424227210198,0.3417621175033981
pd_80_135,pd,80.0,135.0,0.15,12.0,False,FALL,,,1.788149811485703,1.1308477730871012,139.0,2150.530022828699,0.0,0,35.112142000000006,0.23225424227210198,0.3417621175033981
pd_80_150,pd,80.0,150.0,0.15,12.0,False,FALL,,,1.9510912686360908,0.7003120989202671,139.0,2146.5812115081926,0.0,0,35.112142000000006,0.23225424227210198,0.3417621175033981
pd_80_165,pd,80.0,165.0,0.15,12.0,False,FALL,,,1.949096997430071,1.0396850244814968,139.0,2215.8921242710094,0.0,0,35.112142000000006,0.23225424227210198,0.3417621175033981
pd_80_180,pd,80.0,180.0,0.15,12.0,False,FALL,,,1.7286372296747767,0.9939209003240062,139.0,3309.069608068498,0.0,0,35.112142000000006,0.23225424227210198,0.3417621175033981
pd_80_195,pd,80.0,195.0,0.15,12.0,False,FALL,,,1.8168256069184616,0.9535079498586945,139.0,2909.898614864651,-2.220446049250313e-16,0,35.112142000000006,0.23225424227210198,0.3417621175033981
pd_80_210,pd,80.0,210.00000000000003,0.15,12.0,False,FALL,,,1.8536087635747516,0.8504081254983815,139.0,2483.456782835597,0.0,0,35.112142000000006,0.23225424227210198,0.3417621175033981
pd_80_225,pd,80.0,225.0,0.15,12.0,False,FALL,,,1.7310866925221204,1.3725725771058788,139.0,2646.3710099158534,0.0,0,35.112142000000006,0.23225424227210198,0.3417621175033981
pd_80_240,pd,80.0,239.99999999999997,0.15,12.0,False,FALL,,,1.8573581906869656,0.8255232501446919,139.0,1679.085530727474,0.0,0,35.112142000000006,0.23225424227210198,0.3417621175033981
pd_80_255,pd,80.0,255.00000000000003,0.15,12.0,False,FALL,,,1.7520771901904098,0.820059767025748,139.0,1653.2552929216088,-2.220446049250313e-16,0,35.112142000000006,0.23225424227210198,0.3417621175033981
pd_80_270,pd,80.0,270.0,0.15,12.0,False,FALL,,,2.1588559700114516,0.7409766901363981,139.0,1755.2817524012444,0.0,0,35.112142000000006,0.23225424227210198,0.3417621175033981
pd_80_285,pd,80.0,285.0,0.15,12.0,False,FALL,,,1.8567234197477418,0.7456979937613191,139.0,2095.726840461749,0.0,0,35.112142000000006,0.23225424227210198,0.3417621175033981
pd_80_300,pd,80.0,300.0,0.15,12.0,False,FALL,,,1.7065975185774531,0.799042435423252,139.0,2521.170954017778,-2.220446049250313e-16,0,35.112142000000006,0.23225424227210198,0.3417621175033981
pd_80_315,pd,80.0,315.0,0.15,12.0,False,FALL,,,1.97188411206975,0.6668815817634799,139.0,2835.2937968860797,0.0,0,35.112142000000006,0.23225424227210198,0.3417621175033981
pd_80_330,pd,80.0,330.0,0.15,12.0,False,FALL,,,1.8675888319904401,0.7450266121515319,139.0,2969.3639657712424,-2.220446049250313e-16,0,35.112142000000006,0.23225424227210198,0.3417621175033981
pd_80_345,pd,80.0,345.0,0.15,12.0,False,FALL,,,1.8080656091539749,0.746110409891875,139.0,2215.9032688805846,-2.220446049250313e-16,0,35.112142000000006,0.23225424227210198,0.3417621175033981
se3_wbc_10_0,se3_wbc,10.0,0.0,0.15,1.5,True,,2.1519999999999846,0.0019999999999846807,0.007407415089802981,0.008104287608734682,3.9908210555028707,172.37846277125018,0.9768601891602243,0,35.112142000000006,0.029031780284012747,0.04272026468792476
se3_wbc_10_15,se3_wbc,10.0,14.999999999999998,0.15,1.5,True,,2.1519999999999846,0.0019999999999846807,0.007274199436026584,0.00784663210302636,3.9132476442639375,181.05392472829158,0.9754517427808712,0,35.112142000000006,0.029031780284012747,0.04272026468792476
se3_wbc_10_30,se3_wbc,10.0,29.999999999999996,0.15,1.5,True,,2.1519999999999846,0.0019999999999846807,0.00649342163033948,0.007180661634263128,3.6446795078429575,187.96030795162108,0.9730924223725568,0,35.112142000000006,0.029031780284012747,0.04272026468792476
se3_wbc_10_45,se3_wbc,10.0,45.0,0.15,1.5,True,,2.1519999999999846,0.0019999999999846807,0.005835508270184715,0.0062081220374725025,3.2081261019492864,193.93645092735406,0.968784067078222,0,35.112142000000006,0.029031780284012747,0.04272026468792476
se3_wbc_10_60,se3_wbc,10.0,59.99999999999999,0.15,1.5,True,,2.1519999999999846,0.0019999999999846807,0.005877033296301804,0.004896237751433112,2.6170582565932388,198.5417439328835,0.9646443037892062,0,35.112142000000006,0.029031780284012747,0.04272026468792476
se3_wbc_10_75,se3_wbc,10.0,75.0,0.15,1.5,True,,2.1519999999999846,0.0019999999999846807,0.006712170110619429,0.004156539750796503,1.9027847583103983,201.42066480291382,0.9624796698798594,0,35.112142000000006,0.029031780284012747,0.04272026468792476
se3_wbc_10_90,se3_wbc,10.0,90.0,0.15,1.5,True,,2.1519999999999846,0.0019999999999846807,0.007572744348800698,0.004156539750796503,1.902668302356395,202.41236359992627,0.9615595534863005,0,35.112142000000006,0.029031780284012747,0.04272026468792476
se3_wbc_10_105,se3_wbc,10.0,105.00000000000001,0.15,1.5,True,,2.1519999999999846,0.0019999999999846807,0.00848794012143764,0.004261973899996278,1.8316281130324685,201.4639846867826,0.96208715877394,0,35.112142000000006,0.029031780284012747,0.04272026468792476
se3_wbc_10_120,se3_wbc,10.0,119.99999999999999,0.15,1.5,True,,2.1519999999999846,0.0019999999999846807,0.009065514713085589,0.005172036057900602,1.9239869913070031,198.62459573734037,0.9642835079926004,0,35.112142000000006,0.029031780284012747,0.04272026468792476
se3_wbc_10_135,se3_wbc,10.0,135.0,0.15,1.5,True,,2.1519999999999846,0.0019999999999846807,0.009420355165310706,0.006109553341183356,2.1234026314832675,194.04725912686692,0.9678655995601564,0,35.112142000000006,0.029031780284012747,0.04272026468792476
se3_wbc_10_150,se3_wbc,10.0,150.0,0.15,1.5,True,,2.1519999999999846,0.0019999999999846807,0.009757835946811561,0.006241096407497681,2.1580039912110314,188.07865594699274,0.9715729528626588,0,35.112142000000006,0.029031780284012747,0.04272026468792476
se3_wbc_10_165,se3_wbc,10.0,165.0,0.15,1.5,True,,2.1519999999999846,0.0019999999999846807,0.010129243367591025,0.006600195328494112,2.1683010317752864,181.16528822713656,0.9735085436385328,0,35.112142000000006,0.029031780284012747,0.04272026468792476
se3_wbc_10_180,se3_wbc,10.0,180.0,0.15,1.5,True,,2.1519999999999846,0.0019999999999846807,0.01034733687415136,0.006825442997127195,2.2609782078029115,172.39271102737314,0.9737079849505491,0,35.112142000000006,0.029031780284012747,0.04272026468792476
se3_wbc_10_195,se3_wbc,10.0,195.0,0.15,1.5,True,,2.1519999999999846,0.0019999999999846807,0.010129193184149232,0.0066000827947571405,2.1680079667316416,180.95526658191974,0.97347679512113,0,35.112142000000006,0.029031780284012747,0.04272026468792476
se3_wbc_10_210,se3_wbc,10.0,210.00000000000003,0.15,1.5,True,,2.1519999999999846,0.0019999999999846807,0.009756944853290272,0.006241220510679892,2.1577355707256793,187.86806264778005,0.971590026769387,0,35.112142000000006,0.029031780284012747,0.04272026468792476
se3_wbc_10_225,se3_wbc,10.0,225.0,0.15,1.5,True,,2.1519999999999846,0.0019999999999846807,0.009418877981815317,0.0061093099636900265,2.1237415163492623,193.8364024914585,0.9678904165518348,0,35.112142000000006,0.029031780284012747,0.04272026468792476
se3_wbc_10_240,se3_wbc,10.0,239.99999999999997,0.15,1.5,True,,2.1519999999999846,0.0019999999999846807,0.00906377632763673,0.005171010561403333,1.9241735197996122,198.4135419827279,0.964324066236575,0,35.112142000000006,0.029031780284012747,0.04272026468792476
se3_wbc_10_255,se3_wbc,10.0,255.00000000000003,0.15,1.5,True,,2.1519999999999846,0.0019999999999846807,0.008486315459305475,0.004260600328169175,1.7818374867444295,201.25260620972347,0.9621387341309197,0,35.112142000000006,0.029031780284012747,0.04272026468792476
se3_wbc_10_270,se3_wbc,10.0,270.0,0.15,1.5,True,,2.1519999999999846,0.0019999999999846807,0.007571698843682977,0.004156539750796503,1.8528854864214226,202.20059629723934,0.9616164406836651,0,35.112142000000006,0.029031780284012747,0.04272026468792476
se3_wbc_10_285,se3_wbc,10.0,285.0,0.15,1.5,True,,2.1519999999999846,0.0019999999999846807,0.006711808807233209,0.004156539750796503,1.9021528003728163,201.2085688485579,0.9625357755903828,0,35.112142000000006,0.029031780284012747,0.04272026468792476
se3_wbc_10_300,se3_wbc,10.0,300.0,0.15,1.5,True,,2.1519999999999846,0.0019999999999846807,0.005877566444305853,0.004896884971000359,2.6161740813741847,198.32932215143347,0.9646984948760108,0,35.112142000000006,0.029031780284012747,0.04272026468792476
se3_wbc_10_315,se3_wbc,10.0,315.0,0.15,1.5,True,,2.1519999999999846,0.0019999999999846807,0.005837109013028582,0.006209057874194658,3.2070361436228905,193.72375044066288,0.9688334200346606,0,35.112142000000006,0.029031780284012747,0.04272026468792476
se3_wbc_10_330,se3_wbc,10.0,330.0,0.15,1.5,True,,2.1519999999999846,0.0019999999999846807,0.006493613217801483,0.0071812947656803095,3.6435129882178616,187.74732249211064,0.9730724234237546,0,35.112142000000006,0.029031780284012747,0.04272026468792476
se3_wbc_10_345,se3_wbc,10.0,345.0,0.15,1.5,True,,2.1519999999999846,0.0019999999999846807,0.007274235863111926,0.007846940661537443,3.912097295518081,180.84043648285703,0.9754322347629281,0,35.112142000000006,0.029031780284012747,0.04272026468792476
se3_wbc_20_0,se3_wbc,20.0,0.0,0.15,3.0,True,,2.1519999999999846,0.0019999999999846807,0.015116254208276659,0.01629131197320323,7.732117213140859,172.51063187098123,0.950558111975184,0,35.112142000000006,0.058063560568025495,0.08544052937584952
se3_wbc_20_15,se3_wbc,20.0,14.999999999999998,0.15,3.0,True,,2.1519999999999846,0.0019999999999846807,0.014791713033989618,0.01581095448377936,7.480038988159162,188.2253365539476,0.9489255584554815,0,35.112142000000006,0.058063560568025495,0.08544052937584952
se3_wbc_20_30,se3_wbc,20.0,29.999999999999996,0.15,3.0,True,,2.1519999999999846,0.0019999999999846807,0.01438302094228963,0.014524906660045777,6.718911911668052,202.06793500756925,0.9428270859999524,0,35.112142000000006,0.058063560568025495,0.08544052937584952
se3_wbc_20_45,se3_wbc,20.0,45.0,0.15,3.0,True,,2.1519999999999846,0.0019999999999846807,0.014034309569813353,0.012559712312594676,5.524637362862745,214.01868654307845,0.9307140882283136,0,35.112142000000006,0.058063560568025495,0.08544052937584952
se3_wbc_20_60,se3_wbc,20.0,59.99999999999999,0.15,3.0,True,,2.1519999999999846,0.0019999999999846807,0.013929949872240976,0.010279661691736573,4.135833321469949,223.34106759888851,0.914708913439416,0,35.112142000000006,0.058063560568025495,0.08544052937584952
se3_wbc_20_75,se3_wbc,20.0,75.0,0.15,3.0,True,,2.1519999999999846,0.0019999999999846807,0.014252603460041131,0.00853066928632114,3.8495640039622985,229.25771633694603,0.9038262587784023,0,35.112142000000006,0.058063560568025495,0.08544052937584952
se3_wbc_20_90,se3_wbc,20.0,90.0,0.15,3.0,True,,2.1519999999999846,0.0019999999999846807,0.015083537524185396,0.007943415780073402,3.9903337746416385,231.3392848960364,0.901826972944238,0,35.112142000000006,0.058063560568025495,0.08544052937584952
se3_wbc_20_105,se3_wbc,20.0,105.00000000000001,0.15,3.0,True,,2.1519999999999846,0.0019999999999846807,0.015845323464454924,0.008202542706298397,3.840173535409196,229.4202824923461,0.9071452043120702,0,35.112142000000006,0.058063560568025495,0.08544052937584952
se3_wbc_20_120,se3_wbc,20.0,119.99999999999999,0.15,3.0,True,,2.1519999999999846,0.0019999999999846807,0.016346141993181833,0.009392460697192372,3.41958641848436,223.62746959947265,0.9175130233019483,0,35.112142000000006,0.058063560568025495,0.08544052937584952
se3_wbc_20_135,se3_wbc,20.0,135.0,0.15,3.0,True,,2.1519999999999846,0.0019999999999846807,0.01718534004192633,0.011296332337650417,3.880776039374656,214.35697618855917,0.9307693824788444,0,35.112142000000006,0.058063560568025495,0.08544052937584952
se3_wbc_20_150,se3_wbc,20.0,150.0,0.15,3.0,True,,2.1519999999999846,0.0019999999999846807,0.018062252108273315,0.013084131904859799,5.117268140078808,202.3791379702457,0.9405574696477949,0,35.112142000000006,0.058063560568025495,0.08544052937584952
se3_wbc_20_165,se3_wbc,20.0,165.0,0.15,3.0,True,,2.1519999999999846,0.0019999999999846807,0.01869876723308715,0.014285863586828195,5.875883812280053,188.50800458200044,0.9442243232599588,0,35.112142000000006,0.058063560568025495,0.08544052937584952
se3_wbc_20_180,se3_wbc,20.0,180.0,0.15,3.0,True,,2.1519999999999846,0.0019999999999846807,0.01904887636882254,0.01474379668504311,6.1445770206353405,172.44172725541472,0.9456656301793781,0,35.112142000000006,0.058063560568025495,0.08544052937584952
se3_wbc_20_195,se3_wbc,20.0,195.0,0.15,3.0,True,,2.1519999999999846,0.0019999999999846807,0.018697576148688732,0.01428521130516728,5.876846033111431,188.29854723252274,0.9442948946544188,0,35.112142000000006,0.058063560568025495,0.08544052937584952
se3_wbc_20_210,se3_wbc,20.0,210.00000000000003,0.15,3.0,True,,2.1519999999999846,0.0019999999999846807,0.018059318718052542,0.013082954509166682,5.118413644687237,202.16958721465988,0.9405978391378923,0,35.112142000000006,0.058063560568025495,0.08544052937584952
se3_wbc_20_225,se3_wbc,20.0,225.0,0.15,3.0,True,,2.1519999999999846,0.0019999999999846807,0.017181108195858635,0.011294861920456227,3.8817172522386283,214.14624166334312,0.9308309902520806,0,35.112142000000006,0.058063560568025495,0.08544052937584952
se3_wbc_20_240,se3_wbc,20.0,239.99999999999997,0.15,3.0,True,,2.1519999999999846,0.0019999999999846807,0.016342562474614682,0.00939144819354954,3.3699238202111674,223.4160486700781,0.9176210343760205,0,35.112142000000006,0.058063560568025495,0.08544052937584952
se3_wbc_20_255,se3_wbc,20.0,255.00000000000003,0.15,3.0,True,,2.1519999999999846,0.0019999999999846807,0.015843175124465154,0.008202113292551274,3.7905930989382948,229.20755314830276,0.9072790570540593,0,35.112142000000006,0.058063560568025495,0.08544052937584952
se3_wbc_20_270,se3_wbc,20.0,270.0,0.15,3.0,True,,2.1519999999999846,0.0019999999999846807,0.015082787333169607,0.007943318940435947,3.940705849189639,231.12719642383323,0.9019905126636958,0,35.112142000000006,0.058063560568025495,0.08544052937584952
se3_wbc_20_285,se3_wbc,20.0,285.0,0.15,3.0,True,,2.1519999999999846,0.0019999999999846807,0.014253799042293016,0.008531297815422152,3.799864529484949,229.04504701931054,0.9040056893127437,0,35.112142000000006,0.058063560568025495,0.08544052937584952
se3_wbc_20_300,se3_wbc,20.0,300.0,0.15,3.0,True,,2.1519999999999846,0.0019999999999846807,0.013933830066793442,0.010280913481336636,4.134355921038236,223.12763446355405,0.9148647496391049,0,35.112142000000006,0.058063560568025495,0.08544052937584952
se3_wbc_20_315,se3_wbc,20.0,315.0,0.15,3.0,True,,2.1519999999999846,0.0019999999999846807,0.014039131193805728,0.012561139329257861,5.523408106727869,213.80451663492738,0.9308369587917121,0,35.112142000000006,0.058063560568025495,0.08544052937584952
se3_wbc_20_330,se3_wbc,20.0,330.0,0.15,3.0,True,,2.1519999999999846,0.0019999999999846807,0.014386693240316746,0.014526248122044366,6.717458795950297,201.8530177278179,0.9429250113683006,0,35.112142000000006,0.058063560568025495,0.08544052937584952
se3_wbc_20_345,se3_wbc,20.0,345.0,0.15,3.0,True,,2.1519999999999846,0.0019999999999846807,0.014793175643699061,0.015811710440113137,7.47850667262764,188.01022067442938,0.9490051112381445,0,35.112142000000006,0.058063560568025495,0.08544052937584952
se3_wbc_30_0,se3_wbc,30.0,0.0,0.15,4.5,True,,2.1599999999999837,0.0099999999999838,0.024236502153286824,0.02432072983882138,11.80099634182279,172.72569707821543,0.9206473452443312,0,35.112142000000006,0.08709534085203824,0.12816079406377426
se3_wbc_30_15,se3_wbc,30.0,14.999999999999998,0.15,4.5,True,,2.1599999999999837,0.0099999999999838,0.023854946733981985,0.02364996983635205,11.410945006480421,195.25618343775307,0.9164825164273571,0,35.112142000000006,0.08709534085203824,0.12816079406377426
se3_wbc_30_30,se3_wbc,30.0,29.999999999999996,0.15,4.5,True,,2.1599999999999837,0.0099999999999838,0.023254582708057157,0.02180812942094674,10.225495274195412,216.01102068275094,0.9049305973954149,0,35.112142000000006,0.08709534085203824,0.12816079406377426
se3_wbc_30_45,se3_wbc,30.0,45.0,0.15,4.5,True,,2.155999999999984,0.00599999999998424,0.02257085261123898,0.019004914233187096,8.324688183869238,234.1613459965339,0.8785697931427676,0,35.112142000000006,0.08709534085203824,0.12816079406377426
se3_wbc_30_60,se3_wbc,30.0,59.99999999999999,0.15,4.5,True,,2.155999999999984,0.00599999999998424,0.022016240796214157,0.01571605654732378,5.939868434485613,248.15442318505205,0.8458338204468892,0,35.112142000000006,0.08709534085203824,0.12816079406377426
se3_wbc_30_75,se3_wbc,30.0,75.0,0.15,4.5,True,,2.1519999999999846,0.0019999999999846807,0.02204051995072405,0.013221185811123345,5.842811214249028,257.19105295059705,0.8229044080456065,0,35.112142000000006,0.08709534085203824,0.12816079406377426
se3_wbc_30_90,se3_wbc,30.0,90.0,0.15,4.5,True,,2.1519999999999846,0.0019999999999846807,0.022726201469690427,0.012346196179268694,5.994739396786614,260.56809684575694,0.8141012784153734,0,35.112142000000006,0.08709534085203824,0.12816079406377426
se3_wbc_30_105,se3_wbc,30.0,105.00000000000001,0.15,4.5,True,,2.1519999999999846,0.0019999999999846807,0.023368092354715,0.012801258900702535,5.809933724251442,258.13840324729614,0.8260215069094361,0,35.112142000000006,0.08709534085203824,0.12816079406377426
se3_wbc_30_120,se3_wbc,30.0,119.99999999999999,0.15,4.5,True,,2.155999999999984,0.00599999999998424,0.02424935696960152,0.014835921907347274,5.197105373479383,249.47796675376827,0.8513629539894286,0,35.112142000000006,0.08709534085203824,0.12816079406377426
se3_wbc_30_135,se3_wbc,30.0,135.0,0.15,4.5,True,,2.155999999999984,0.00599999999998424,0.025477066108193662,0.01782769042740734,7.3429941559878085,235.4840503296359,0.8887260345241396,0,35.112142000000006,0.08709534085203824,0.12816079406377426
se3_wbc_30_150,se3_wbc,30.0,150.0,0.15,4.5,True,,2.155999999999984,0.00599999999998424,0.02652972171633005,0.0212441474733605,9.479235590385818,217.1479850468779,0.9203398571537131,0,35.112142000000006,0.08709534085203824,0.12816079406377426
se3_wbc_30_165,se3_wbc,30.0,165.0,0.15,4.5,True,,2.155999999999984,0.00599999999998424,0.02736274696572076,0.025168046277247495,9.15358016541891,200.55372265426587,0.9261514953849033,0,35.112142000000006,0.08709534085203824,0.12816079406377426
se3_wbc_30_180,se3_wbc,30.0,180.0,0.15,4.5,True,,2.155999999999984,0.00599999999998424,0.02779880385477212,0.026976321893156335,8.514182521168483,211.583985129583,0.9238766521690933,0,35.112142000000006,0.08709534085203824,0.12816079406377426
se3_wbc_30_195,se3_wbc,30.0,195.0,0.15,4.5,True,,2.155999999999984,0.00599999999998424,0.027360695964450097,0.025163168379734983,9.176445663512272,200.3045335367472,0.9261584110764801,0,35.112142000000006,0.08709534085203824,0.12816079406377426
se3_wbc_30_210,se3_wbc,30.0,210.00000000000003,0.15,4.5,True,,2.155999999999984,0.00599999999998424,0.026530215067604074,0.02124019585176389,9.468843908496412,216.93755669912005,0.9193663475297477,0,35.112142000000006,0.08709534085203824,0.12816079406377426
se3_wbc_30_225,se3_wbc,30.0,225.0,0.15,4.5,True,,2.155999999999984,0.00599999999998424,0.025471102798112148,0.017823657982754083,7.220461990332599,235.27800309524372,0.8887833431288458,0,35.112142000000006,0.08709534085203824,0.12816079406377426
se3_wbc_30_240,se3_wbc,30.0,239.99999999999997,0.15,4.5,True,,2.155999999999984,0.00599999999998424,0.024243655280702922,0.014833986471960372,5.147458317914517,249.2650995557653,0.8515939190474445,0,35.112142000000006,0.08709534085203824,0.12816079406377426
se3_wbc_30_255,se3_wbc,30.0,255.00000000000003,0.15,4.5,True,,2.1519999999999846,0.0019999999999846807,0.023365044705463807,0.012800369134879794,5.760197166912412,257.92549513893397,0.8262489341619177,0,35.112142000000006,0.08709534085203824,0.12816079406377426
se3_wbc_30_270,se3_wbc,30.0,270.0,0.15,4.5,True,,2.1519999999999846,0.0019999999999846807,0.022727257221125938,0.012344232716692174,5.945511273200983,260.35791705771805,0.8145260456847394,0,35.112142000000006,0.08709534085203824,0.12816079406377426
se3_wbc_30_285,se3_wbc,30.0,285.0,0.15,4.5,True,,2.1519999999999846,0.0019999999999846807,0.022069076587760486,0.013172706296726396,5.784883487702067,256.973400370017,0.8231645653457946,0,35.112142000000006,0.08709534085203824,0.12816079406377426
se3_wbc_30_300,se3_wbc,30.0,300.0,0.15,4.5,True,,2.155999999999984,0.00599999999998424,0.022023215810453366,0.015718058220544662,5.93828033806882,247.9430925262467,0.8460917803317327,0,35.112142000000006,0.08709534085203824,0.12816079406377426
se3_wbc_30_315,se3_wbc,30.0,315.0,0.15,4.5,True,,2.155999999999984,0.00599999999998424,0.022577549137721763,0.019006880999595476,8.323032871276215,233.9477672778941,0.8787696010532002,0,35.112142000000006,0.08709534085203824,0.12816079406377426
se3_wbc_30_330,se3_wbc,30.0,330.0,0.15,4.5,True,,2.1599999999999837,0.0099999999999838,0.02325991426487632,0.02180973380821429,10.223797731829263,215.79491000466072,0.905108561761924,0,35.112142000000006,0.08709534085203824,0.12816079406377426
se3_wbc_30_345,se3_wbc,30.0,345.0,0.15,4.5,True,,2.1599999999999837,0.0099999999999838,0.023857547924929265,0.02365097160704762,11.408888552199008,195.03955983847726,0.9166157413170548,0,35.112142000000006,0.08709534085203824,0.12816079406377426
se3_wbc_40_0,se3_wbc,40.0,0.0,0.15,6.0,True,,2.1639999999999833,0.013999999999983359,0.03326929781621236,0.03229572946811347,15.895965184521625,173.02209870638833,0.8903121690004125,0,35.112142000000006,0.11612712113605099,0.17088105875169904
se3_wbc_40_15,se3_wbc,40.0,14.999999999999998,0.15,6.0,True,,2.1639999999999833,0.013999999999983359,0.03283178415596754,0.03142996252913859,15.393040349422481,202.04504155961035,0.8809643765941935,0,35.112142000000006,0.11612712113605099,0.17088105875169904
se3_wbc_40_30,se3_wbc,40.0,29.999999999999996,0.15,6.0,True,,2.1639999999999833,0.013999999999983359,0.032014579981830625,0.029037460670001358,13.875789924225215,229.60024891021573,0.8625620296777428,0,35.112142000000006,0.11612712113605099,0.17088105875169904
se3_wbc_40_45,se3_wbc,40.0,45.0,0.15,6.0,True,,2.1639999999999833,0.013999999999983359,0.030985511562973325,0.025426887503321366,11.366080415888131,253.599458452478,0.8215811320998841,0,35.112142000000006,0.11612712113605099,0.17088105875169904
se3_wbc_40_60,se3_wbc,40.0,59.99999999999999,0.15,6.0,True,,2.1639999999999833,0.013999999999983359,0.03001664104338087,0.021348202210990232,8.425066810352595,272.14236835756986,0.6919804730647037,0,35.112142000000006,0.11612712113605099,0.17088105875169904
se3_wbc_40_75,se3_wbc,40.0,75.0,0.15,6.0,True,,2.1599999999999837,0.0099999999999838,0.02944973078662172,0.018040876445289823,7.809769574784486,285.14987854674234,0.48880128568310754,0,35.112142000000006,0.11612712113605099,0.17088105875169904
se3_wbc_40_90,se3_wbc,40.0,90.0,0.15,6.0,True,,2.1599999999999837,0.0099999999999838,0.02996383231982712,0.016857706262678223,8.082641286357898,294.9130731950578,0.1430513198214105,0,35.112142000000006,0.11612712113605099,0.17088105875169904
se3_wbc_40_105,se3_wbc,40.0,105.00000000000001,0.15,6.0,True,,2.1599999999999837,0.0099999999999838,0.03082591795411642,0.017672460275766494,7.7086288766863875,287.00676121434395,0.3792887769571277,0,35.112142000000006,0.11612712113605099,0.17088105875169904
se3_wbc_40_120,se3_wbc,40.0,119.99999999999999,0.15,6.0,True,,2.1639999999999833,0.013999999999983359,0.032218078115351885,0.021060074717014526,7.378049433024757,273.59616615905435,0.4909257937911191,0,35.112142000000006,0.11612712113605099,0.17088105875169904
se3_wbc_40_135,se3_wbc,40.0,135.0,0.15,6.0,True,,2.1639999999999833,0.013999999999983359,0.033539667899252806,0.027628808957528953,10.892525423252913,253.23773412971354,0.8555538635210499,0,35.112142000000006,0.11612712113605099,0.17088105875169904
se3_wbc_40_150,se3_wbc,40.0,150.0,0.15,6.0,True,,2.311999999999967,0.16199999999996706,0.03494134704465079,0.04495245396229376,12.423258298947417,250.23676355438005,0.8313552055097327,0,35.112142000000006,0.11612712113605099,0.17088105875169904
se3_wbc_40_165,se3_wbc,40.0,165.0,0.15,6.0,False,FALL,2.3319999999999648,0.18199999999996486,1.423151432456662,1.1949533553977647,53.42162452112204,214.48674452558697,0.0,0,35.112142000000006,0.11612712113605099,0.17088105875169904
se3_wbc_40_180,se3_wbc,40.0,180.0,0.15,6.0,False,FALL,2.3359999999999643,0.18599999999996442,1.4197011817885898,1.1915342555710953,50.0,262.8406722839229,0.0,0,35.112142000000006,0.11612712113605099,0.17088105875169904
se3_wbc_40_195,se3_wbc,40.0,195.0,0.15,6.0,False,FALL,2.3319999999999648,0.18199999999996486,1.4206753712938969,1.1959325340677287,50.0,242.0385855628989,0.0,0,35.112142000000006,0.11612712113605099,0.17088105875169904
se3_wbc_40_210,se3_wbc,40.0,210.00000000000003,0.15,6.0,True,,2.311999999999967,0.16199999999996706,0.03493571261524266,0.044944598396462636,12.410379048700072,242.34492594211713,0.8318744266943228,0,35.112142000000006,0.11612712113605099,0.17088105875169904
se3_wbc_40_225,se3_wbc,40.0,225.0,0.15,6.0,True,,2.1639999999999833,0.013999999999983359,0.03353119088645504,0.027621953359854352,10.88306196824883,253.03283582794882,0.8557318828014467,0,35.112142000000006,0.11612712113605099,0.17088105875169904
se3_wbc_40_240,se3_wbc,40.0,239.99999999999997,0.15,6.0,True,,2.1639999999999833,0.013999999999983359,0.032212857201140296,0.021111372081870618,8.111203824472174,273.3954432967928,0.49426467839226995,0,35.112142000000006,0.11612712113605099,0.17088105875169904
se3_wbc_40_255,se3_wbc,40.0,255.00000000000003,0.15,6.0,True,,2.1599999999999837,0.0099999999999838,0.030890432382508572,0.017815920983322065,7.659344130216648,286.8022419655233,0.44595651035460193,0,35.112142000000006,0.11612712113605099,0.17088105875169904
se3_wbc_40_270,se3_wbc,40.0,270.0,0.15,6.0,True,,2.1599999999999837,0.0099999999999838,0.02999145687762686,0.016878905064319175,7.993186994058976,294.89589363880646,0.0784318134902916,0,35.112142000000006,0.11612712113605099,0.17088105875169904
se3_wbc_40_285,se3_wbc,40.0,285.0,0.15,6.0,True,,2.1599999999999837,0.0099999999999838,0.029463254324923208,0.018084156365399028,7.73908296130628,284.8492499102549,0.48768057838949697,0,35.112142000000006,0.11612712113605099,0.17088105875169904
se3_wbc_40_300,se3_wbc,40.0,300.0,0.15,6.0,True,,2.1639999999999833,0.013999999999983359,0.030016133097311683,0.021348853819790212,8.380869496428936,271.98064185075975,0.688199419904356,0,35.112142000000006,0.11612712113605099,0.17088105875169904
se3_wbc_40_315,se3_wbc,40.0,315.0,0.15,6.0,True,,2.1639999999999833,0.013999999999983359,0.030995315169312147,0.025429245345445068,11.363592634332631,253.38485931026526,0.8218068091747835,0,35.112142000000006,0.11612712113605099,0.17088105875169904
se3_wbc_40_330,se3_wbc,40.0,330.0,0.15,6.0,True,,2.1639999999999833,0.013999999999983359,0.032022738346148084,0.02903928832680593,13.872983978404664,229.38706693080192,0.8627914229783918,0,35.112142000000006,0.11612712113605099,0.17088105875169904
se3_wbc_40_345,se3_wbc,40.0,345.0,0.15,6.0,True,,2.1639999999999833,0.013999999999983359,0.03283584025032388,0.031431097100048024,15.389971212777029,201.82646388347086,0.881119849457819,0,35.112142000000006,0.11612712113605099,0.17088105875169904
se3_wbc_50_0,se3_wbc,50.0,0.0,0.15,7.5,True,,2.3639999999999612,0.21399999999996133,0.041530381510746825,0.040435872458129254,19.60263870516717,190.23987536305185,0.8649660326709552,0,35.112142000000006,0.14515890142006374,0.2136013234396238
se3_wbc_50_15,se3_wbc,50.0,14.999999999999998,0.15,7.5,True,,2.3639999999999612,0.21399999999996133,0.04145037494607412,0.03959974753943645,19.837565950405068,208.48592337560905,0.8590285981739154,0,35.112142000000006,0.14515890142006374,0.2136013234396238
se3_wbc_50_30,se3_wbc,50.0,29.999999999999996,0.15,7.5,True,,2.347999999999963,0.1979999999999631,0.040660271719386964,0.03694394206695515,18.488484402437813,240.94922915822778,0.8509359163442434,0,35.112142000000006,0.14515890142006374,0.2136013234396238
se3_wbc_50_45,se3_wbc,50.0,45.0,0.15,7.5,True,,2.3159999999999665,0.16599999999996662,0.0391965921566881,0.032548780967469645,15.944680184738141,268.5609426667756,0.5439428514515472,0,35.112142000000006,0.14515890142006374,0.2136013234396238
se3_wbc_50_60,se3_wbc,50.0,59.99999999999999,0.15,7.5,True,,2.167999999999983,0.01799999999998292,0.03760127867894724,0.027472149950517142,12.24302695596192,297.2673162024834,0.5863680455490816,0,35.112142000000006,0.14515890142006374,0.2136013234396238
se3_wbc_50_75,se3_wbc,50.0,75.0,0.15,7.5,True,,2.167999999999983,0.01799999999998292,0.036727068423598117,0.023514430307752333,10.989795237670421,316.65570282463756,0.2872182182002473,0,35.112142000000006,0.14515890142006374,0.2136013234396238
se3_wbc_50_90,se3_wbc,50.0,90.0,0.15,7.5,True,,2.1639999999999833,0.013999999999983359,0.03700296878207631,0.021897369184488015,10.771617906935026,316.70414408783654,-2.220446049250313e-16,0,35.112142000000006,0.14515890142006374,0.2136013234396238
se3_wbc_50_105,se3_wbc,50.0,105.00000000000001,0.15,7.5,True,,2.167999999999983,0.01799999999998292,0.037873151492031853,0.023101540857747228,9.583522666004946,314.417578431969,0.17768152837355844,0,35.112142000000006,0.14515890142006374,0.2136013234396238
se3_wbc_50_120,se3_wbc,50.0,119.99999999999999,0.15,7.5,True,,2.327999999999965,0.1779999999999653,0.03948253278652511,0.028482840998412345,11.983398292943608,296.55313495980045,0.0,0,35.112142000000006,0.14515890142006374,0.2136013234396238
se3_wbc_50_135,se3_wbc,50.0,135.0,0.15,7.5,False,FALL,2.3519999999999626,0.20199999999996265,1.4175558653239813,1.1763320182799006,55.7161301084531,289.11967705671555,0.0,0,35.112142000000006,0.14515890142006374,0.2136013234396238
se3_wbc_50_150,se3_wbc,50.0,150.0,0.15,7.5,False,FALL,,,1.426919454933326,1.1943228034282198,50.0,246.22136874302464,0.0,0,35.112142000000006,0.14515890142006374,0.2136013234396238
se3_wbc_50_165,se3_wbc,50.0,165.0,0.15,7.5,False,FALL,,,1.427670552414912,1.190437648564479,78.07057937204598,339.1734804632142,0.0,0,35.112142000000006,0.14515890142006374,0.2136013234396238
se3_wbc_50_180,se3_wbc,50.0,180.0,0.15,7.5,False,FALL,,,1.4269261584440782,1.1892861980697231,50.05178050977335,331.42651958681535,0.0,0,35.112142000000006,0.14515890142006374,0.2136013234396238
se3_wbc_50_195,se3_wbc,50.0,195.0,0.15,7.5,False,FALL,,,1.423136170825346,1.1913039809518513,81.61338431161984,339.45866882371445,0.0,0,35.112142000000006,0.14515890142006374,0.2136013234396238
se3_wbc_50_210,se3_wbc,50.0,210.00000000000003,0.15,7.5,False,FALL,,,1.419654616260117,1.1922745312292375,50.0,242.69727326804605,0.0,0,35.112142000000006,0.14515890142006374,0.2136013234396238
se3_wbc_50_225,se3_wbc,50.0,225.0,0.15,7.5,False,FALL,2.3599999999999617,0.20999999999996177,1.4162473569657492,1.181882861289798,81.42471348019343,288.43143321958723,0.0,0,35.112142000000006,0.14515890142006374,0.2136013234396238
se3_wbc_50_240,se3_wbc,50.0,239.99999999999997,0.15,7.5,True,,2.3319999999999648,0.18199999999996486,0.03953876908590868,0.028443360590774715,12.475587287511514,298.1017168524053,0.0,0,35.112142000000006,0.14515890142006374,0.2136013234396238
se3_wbc_50_255,se3_wbc,50.0,255.00000000000003,0.15,7.5,True,,2.167999999999983,0.01799999999998292,0.0378695760114954,0.023041037293756693,9.534799445823484,314.2336655418911,0.18443901136474616,0,35.112142000000006,0.14515890142006374,0.2136013234396238
se3_wbc_50_270,se3_wbc,50.0,270.0,0.15,7.5,True,,2.1639999999999833,0.013999999999983359,0.03694663896303714,0.021739764151994655,9.88808699677771,321.1010849845304,0.0,0,35.112142000000006,0.14515890142006374,0.2136013234396238
se3_wbc_50_285,se3_wbc,50.0,285.0,0.15,7.5,True,,2.167999999999983,0.01799999999998292,0.036735968704218525,0.023544405172897832,10.529434254520726,310.74363503848167,0.31029740461339894,0,35.112142000000006,0.14515890142006374,0.2136013234396238
se3_wbc_50_300,se3_wbc,50.0,300.0,0.15,7.5,True,,2.167999999999983,0.01799999999998292,0.03761375955814776,0.027461602821965487,11.623343929111375,297.05458797398063,0.5941301452959993,0,35.112142000000006,0.14515890142006374,0.2136013234396238
se3_wbc_50_315,se3_wbc,50.0,315.0,0.15,7.5,True,,2.3159999999999665,0.16599999999996662,0.03930455866111455,0.03248611931317298,15.662975639666186,268.38009218239426,0.5249511533809139,0,35.112142000000006,0.14515890142006374,0.2136013234396238
se3_wbc_50_330,se3_wbc,50.0,330.0,0.15,7.5,True,,2.347999999999963,0.1979999999999631,0.04067303959071904,0.03693781031233715,18.475768122010976,240.77782275772356,0.850846819712096,0,35.112142000000006,0.14515890142006374,0.2136013234396238
se3_wbc_50_345,se3_wbc,50.0,345.0,0.15,7.5,True,,2.3639999999999612,0.21399999999996133,0.041458588655261336,0.039594965870427976,19.827734361697154,208.2709969386721,0.8589386631086335,0,35.112142000000006,0.14515890142006374,0.2136013234396238
se3_wbc_60_0,se3_wbc,60.0,0.0,0.15,9.0,True,,2.383999999999959,0.23399999999995913,0.04633892391038791,0.056409377314207365,20.26788441059997,346.0518893984431,0.8512599830564788,0,35.112142000000006,0.17419068170407648,0.2563215881275485
se3_wbc_60_15,se3_wbc,60.0,14.999999999999998,0.15,9.0,True,,2.3799999999999595,0.22999999999995957,0.04679375509093305,0.05366053295575577,22.052454663824427,285.77189238070036,0.8459823397006325,0,35.112142000000006,0.17419068170407648,0.2563215881275485
se3_wbc_60_30,se3_wbc,60.0,29.999999999999996,0.15,9.0,True,,2.3959999999999577,0.2459999999999578,0.047913707207851645,0.04766940743426922,23.759082700738528,247.0880804558582,0.5502641413411626,0,35.112142000000006,0.17419068170407648,0.2563215881275485
se3_wbc_60_45,se3_wbc,60.0,45.0,0.15,9.0,True,,2.3719999999999604,0.22199999999996045,0.046914943835389966,0.04168601416545595,21.466464059706766,279.5823502886326,0.6423671174385788,0,35.112142000000006,0.17419068170407648,0.2563215881275485
se3_wbc_60_60,se3_wbc,60.0,59.99999999999999,0.15,9.0,True,,2.347999999999963,0.1979999999999631,0.044597842817621004,0.035603701908109756,16.73481606343622,309.49526519697565,0.5310440510686656,0,35.112142000000006,0.17419068170407648,0.2563215881275485
se3_wbc_60_75,se3_wbc,60.0,75.0,0.15,9.0,True,,2.355999999999962,0.2059999999999622,0.043509941661250884,0.030927382554065515,14.185091436413085,338.2412507088227,0.11984853822911301,0,35.112142000000006,0.17419068170407648,0.2563215881275485
se3_wbc_60_90,se3_wbc,60.0,90.0,0.15,9.0,True,,2.347999999999963,0.1979999999999631,0.044188446252953185,0.028764496761411455,15.359804739931514,359.218406418835,0.0,0,35.112142000000006,0.17419068170407648,0.2563215881275485
se3_wbc_60_105,se3_wbc,60.0,105.00000000000001,0.15,9.0,True,,2.3519999999999626,0.20199999999996265,0.045531264528284224,0.030091011054193824,15.083782886332719,360.92943288258164,0.0,0,35.112142000000006,0.17419068170407648,0.2563215881275485
se3_wbc_60_120,se3_wbc,60.0,119.99999999999999,0.15,9.0,True,,2.3799999999999595,0.22999999999995957,0.046558638692672405,0.038443107642982165,15.05861643304336,321.9445159931188,0.04603197680477844,0,35.112142000000006,0.17419068170407648,0.2563215881275485
se3_wbc_60_135,se3_wbc,60.0,135.0,0.15,9.0,False,FALL,,,1.4292124507440291,1.19024037485395,65.04776008208637,298.64098153514345,0.0,0,35.112142000000006,0.17419068170407648,0.2563215881275485
se3_wbc_60_150,se3_wbc,60.0,150.0,0.15,9.0,False,FALL,,,1.423923711653537,1.1853354712310655,50.0,340.5351189862972,0.0,0,35.112142000000006,0.17419068170407648,0.2563215881275485
se3_wbc_60_165,se3_wbc,60.0,165.0,0.15,9.0,False,FALL,,,1.4278744607405736,1.1927098805613356,53.58278193564634,341.2895682454439,0.0,0,35.112142000000006,0.17419068170407648,0.2563215881275485
se3_wbc_60_180,se3_wbc,60.0,180.0,0.15,9.0,False,FALL,,,1.4215740742232468,1.1918354443985988,50.0,329.52887947406134,0.0,0,35.112142000000006,0.17419068170407648,0.2563215881275485
se3_wbc_60_195,se3_wbc,60.0,195.0,0.15,9.0,False,FALL,,,1.4222635637662469,1.1915909044134325,50.0,340.1266204423762,0.0,0,35.112142000000006,0.17419068170407648,0.2563215881275485
se3_wbc_60_210,se3_wbc,60.0,210.00000000000003,0.15,9.0,False,FALL,,,1.4351986491503383,1.1828207957714938,50.0,357.442209368712,0.0,0,35.112142000000006,0.17419068170407648,0.2563215881275485
se3_wbc_60_225,se3_wbc,60.0,225.0,0.15,9.0,False,FALL,,,1.4297036698639138,1.1920528987981196,58.16157531543116,289.78913138028054,0.0,0,35.112142000000006,0.17419068170407648,0.2563215881275485
se3_wbc_60_240,se3_wbc,60.0,239.99999999999997,0.15,9.0,True,,2.3719999999999604,0.22199999999996045,0.046544319813766874,0.038605046265341364,14.302266513147373,363.92286489899493,0.06333875655239407,0,35.112142000000006,0.17419068170407648,0.2563215881275485
se3_wbc_60_255,se3_wbc,60.0,255.00000000000003,0.15,9.0,True,,2.3359999999999643,0.18599999999996442,0.0454395585111898,0.030072546119248117,16.5920001528366,352.2210481476533,0.0,0,35.112142000000006,0.17419068170407648,0.2563215881275485
se3_wbc_60_270,se3_wbc,60.0,270.0,0.15,9.0,True,,2.3239999999999656,0.17399999999996574,0.044330585787984635,0.02856017413042632,16.341833175957376,362.315747212763,-2.220446049250313e-16,0,35.112142000000006,0.17419068170407648,0.2563215881275485
se3_wbc_60_285,se3_wbc,60.0,285.0,0.15,9.0,True,,2.367999999999961,0.2179999999999609,0.04354453561027954,0.030911690863198112,13.261703908747187,333.9831748714466,0.11755928325194875,0,35.112142000000006,0.17419068170407648,0.2563215881275485
se3_wbc_60_300,se3_wbc,60.0,300.0,0.15,9.0,True,,2.3519999999999626,0.20199999999996265,0.044548317861552604,0.03557615606180841,16.255715927527426,311.17725214195013,0.5063158117545574,0,35.112142000000006,0.17419068170407648,0.2563215881275485
se3_wbc_60_315,se3_wbc,60.0,315.0,0.15,9.0,True,,2.37599999999996,0.22599999999996,0.0469346734817068,0.04167669142415915,22.511965793280034,279.50542617230747,0.7297813326755456,0,35.112142000000006,0.17419068170407648,0.2563215881275485
se3_wbc_60_330,se3_wbc,60.0,330.0,0.15,9.0,True,,2.3799999999999595,0.22999999999995957,0.04793560870996126,0.04766164032089084,23.696339864431614,246.91202307026515,0.5418199435806574,0,35.112142000000006,0.17419068170407648,0.2563215881275485
se3_wbc_60_345,se3_wbc,60.0,345.0,0.15,9.0,True,,2.383999999999959,0.23399999999995913,0.04680654213883783,0.05365648136533757,22.037959088156935,285.5984855525375,0.845940418583692,0,35.112142000000006,0.17419068170407648,0.2563215881275485
se3_wbc_70_0,se3_wbc,70.0,0.0,0.15,10.5,True,,2.419999999999955,0.26999999999995516,0.0506938800006407,0.0917886025530881,20.27994140886634,511.3941201450376,0.8207642280777439,0,35.112142000000006,0.20322246198808921,0.2990418528154733
se3_wbc_70_15,se3_wbc,70.0,14.999999999999998,0.15,10.5,True,,2.4079999999999564,0.2579999999999565,0.05131382318898323,0.08172944521407652,23.172295683072225,456.54351999428525,0.8210717419010748,0,35.112142000000006,0.20322246198808921,0.2990418528154733
se3_wbc_70_30,se3_wbc,70.0,29.999999999999996,0.15,10.5,True,,2.3959999999999577,0.2459999999999578,0.05299648267422425,0.06444308785443988,25.36487571795898,295.3260165115404,0.49823313480643827,0,35.112142000000006,0.20322246198808921,0.2990418528154733
se3_wbc_70_45,se3_wbc,70.0,45.0,0.15,10.5,True,,2.3879999999999586,0.2379999999999587,0.05392492267032729,0.05250336860624144,26.88779534089375,288.1245850353839,0.5499057378272159,0,35.112142000000006,0.20322246198808921,0.2990418528154733
se3_wbc_70_60,se3_wbc,70.0,59.99999999999999,0.15,10.5,True,,2.3799999999999595,0.22999999999995957,0.051658314787102796,0.04550852273286517,20.557521284702002,333.18788573855795,0.35203128441843323,0,35.112142000000006,0.20322246198808921,0.2990418528154733
se3_wbc_70_75,se3_wbc,70.0,75.0,0.15,10.5,True,,2.391999999999958,0.24199999999995825,0.0505999783759778,0.04053506995551858,16.93212136899516,359.5417039512346,0.11971626358871579,0,35.112142000000006,0.20322246198808921,0.2990418528154733
se3_wbc_70_90,se3_wbc,70.0,90.0,0.15,10.5,False,SLIP,2.3799999999999595,0.22999999999995957,0.051326521010452104,0.03776856262860816,22.11110144881627,375.57134041444806,-2.220446049250313e-16,0,35.112142000000006,0.20322246198808921,0.2990418528154733
se3_wbc_70_105,se3_wbc,70.0,105.00000000000001,0.15,10.5,True,,2.367999999999961,0.2179999999999609,0.052575798384534425,0.03931131362367797,21.98371753147185,376.80031842197155,0.0,0,35.112142000000006,0.20322246198808921,0.2990418528154733
se3_wbc_70_120,se3_wbc,70.0,119.99999999999999,0.15,10.5,False,FALL,2.403999999999957,0.2539999999999569,1.423569092517592,1.1878391415791354,60.92708403417178,388.39092727016344,0.0,0,35.112142000000006,0.20322246198808921,0.2990418528154733
se3_wbc_70_135,se3_wbc,70.0,135.0,0.15,10.5,False,FALL,,,1.4303688574156272,1.1914386392724567,58.23289008061606,315.3457968448696,0.0,0,35.112142000000006,0.20322246198808921,0.2990418528154733
se3_wbc_70_150,se3_wbc,70.0,150.0,0.15,10.5,False,FALL,,,1.434337840999878,1.1880809416438636,58.92088621665222,347.157645194093,0.0,0,35.112142000000006,0.20322246198808921,0.2990418528154733
se3_wbc_70_165,se3_wbc,70.0,165.0,0.15,10.5,False,FALL,,,1.4300736820891582,1.19230283320619,62.54859789705638,269.16718266478364,0.0,0,35.112142000000006,0.20322246198808921,0.2990418528154733
se3_wbc_70_180,se3_wbc,70.0,180.0,0.15,10.5,False,FALL,,,1.4221070955495387,1.1900178732711744,59.208245942133864,359.19924781960106,0.0,0,35.112142000000006,0.20322246198808921,0.2990418528154733
se3_wbc_70_195,se3_wbc,70.0,195.0,0.15,10.5,False,FALL,,,1.4244719654677995,1.1927008405159731,50.0,275.89804615841666,0.0,0,35.112142000000006,0.20322246198808921,0.2990418528154733
se3_wbc_70_210,se3_wbc,70.0,210.00000000000003,0.15,10.5,False,FALL,,,1.4255429851218684,1.185460142905524,57.1359777865306,338.6823053283968,0.0,0,35.112142000000006,0.20322246198808921,0.2990418528154733
se3_wbc_70_225,se3_wbc,70.0,225.0,0.15,10.5,False,FALL,,,1.4208790432096328,1.1879383823602068,74.45207541275818,357.7708586136289,-2.220446049250313e-16,0,35.112142000000006,0.20322246198808921,0.2990418528154733
se3_wbc_70_240,se3_wbc,70.0,239.99999999999997,0.15,10.5,False,FALL,2.3959999999999577,0.2459999999999578,1.4234771279255929,1.1915964649491695,66.38864685470581,391.027448211581,0.0,0,35.112142000000006,0.20322246198808921,0.2990418528154733
se3_wbc_70_255,se3_wbc,70.0,255.00000000000003,0.15,10.5,True,,2.37599999999996,0.22599999999996,0.05249113682382047,0.03917391360429641,20.549879541285243,380.8541785081104,0.0,0,35.112142000000006,0.20322246198808921,0.2990418528154733
se3_wbc_70_270,se3_wbc,70.0,270.0,0.15,10.5,False,SLIP,2.3879999999999586,0.2379999999999587,0.051403212607494975,0.0377314495041603,22.337570871858908,378.1719802053083,0.0,0,35.112142000000006,0.20322246198808921,0.2990418528154733
se3_wbc_70_285,se3_wbc,70.0,285.0,0.15,10.5,True,,2.391999999999958,0.24199999999995825,0.05032535919921189,0.040527829996359524,17.12418630106639,356.3827251655436,0.11846508393184507,0,35.112142000000006,0.20322246198808921,0.2990418528154733
se3_wbc_70_300,se3_wbc,70.0,300.0,0.15,10.5,True,,2.3799999999999595,0.22999999999995957,0.051706962693421496,0.04547505427321593,20.531800925197825,333.0311276133996,0.3508850579008519,0,35.112142000000006,0.20322246198808921,0.2990418528154733
se3_wbc_70_315,se3_wbc,70.0,315.0,0.15,10.5,True,,2.391999999999958,0.24199999999995825,0.05403748467959809,0.05246407236293086,27.020731468276846,286.42468323043346,0.5530566382812829,0,35.112142000000006,0.20322246198808921,0.2990418528154733
se3_wbc_70_330,se3_wbc,70.0,330.0,0.15,10.5,True,,2.391999999999958,0.24199999999995825,0.05302462348129742,0.06445134189990037,25.345852966850828,302.62106815360727,0.531747648570373,0,35.112142000000006,0.20322246198808921,0.2990418528154733
se3_wbc_70_345,se3_wbc,70.0,345.0,0.15,10.5,True,,2.4079999999999564,0.2579999999999565,0.05132887751093427,0.08172819383327358,23.154712412370024,456.1599895784398,0.8210719280427987,0,35.112142000000006,0.20322246198808921,0.2990418528154733
se3_wbc_80_0,se3_wbc,80.0,0.0,0.15,12.0,False,FALL,,,1.6359161812728344,1.498173804726097,139.0,1982.645599218848,-2.220446049250313e-16,0,35.112142000000006,0.23225424227210198,0.3417621175033981
se3_wbc_80_15,se3_wbc,80.0,14.999999999999998,0.15,12.0,False,FALL,,,1.9642837278900138,1.5169402114160875,139.0,1447.2279094268279,-2.220446049250313e-16,0,35.112142000000006,0.23225424227210198,0.3417621175033981
se3_wbc_80_30,se3_wbc,80.0,29.999999999999996,0.15,12.0,True,,2.455999999999951,0.3059999999999512,0.057996685167739204,0.10016826998158818,27.31740722630585,457.5538863772471,0.46059220463282424,0,35.112142000000006,0.23225424227210198,0.3417621175033981
se3_wbc_80_45,se3_wbc,80.0,45.0,0.15,12.0,True,,2.3999999999999573,0.24999999999995737,0.059697610434492905,0.06649862315927971,30.32084594792008,304.07494249016577,0.44639848161271845,0,35.112142000000006,0.23225424227210198,0.3417621175033981
se3_wbc_80_60,se3_wbc,80.0,59.99999999999999,0.15,12.0,True,,2.4079999999999564,0.2579999999999565,0.05878628366742487,0.057271459637401656,25.696524035260524,340.8927085570584,0.2980859722579683,0,35.112142000000006,0.23225424227210198,0.3417621175033981
se3_wbc_80_75,se3_wbc,80.0,75.0,0.15,12.0,False,SLIP,2.4439999999999524,0.2939999999999525,0.05703024239201134,0.052135982160505176,22.26340437214429,370.04097564355106,0.0,0,35.112142000000006,0.23225424227210198,0.3417621175033981
se3_wbc_80_90,se3_wbc,80.0,90.0,0.15,12.0,False,CONTACT_LOSS,2.4359999999999533,0.2859999999999534,0.05772428088973216,0.050282831955087044,31.037813605384894,389.9842852033364,-2.220446049250313e-16,0,35.112142000000006,0.23225424227210198,0.3417621175033981
se3_wbc_80_105,se3_wbc,80.0,105.00000000000001,0.15,12.0,False,CONTACT_LOSS,2.4239999999999546,0.2739999999999547,0.05879842525805,0.05113751250193057,27.896617191542994,451.4549043284438,0.0,0,35.112142000000006,0.23225424227210198,0.3417621175033981
se3_wbc_80_120,se3_wbc,80.0,119.99999999999999,0.15,12.0,False,FALL,,,1.451783200061821,1.1804072446616907,76.47957585698286,434.6949522695633,0.0,0,35.112142000000006,0.23225424227210198,0.3417621175033981
se3_wbc_80_135,se3_wbc,80.0,135.0,0.15,12.0,False,FALL,,,1.4254883421457603,1.187361544019837,56.98851885425092,336.53723681400766,-2.220446049250313e-16,0,35.112142000000006,0.23225424227210198,0.3417621175033981
se3_wbc_80_150,se3_wbc,80.0,150.0,0.15,12.0,False,FALL,,,1.437766214009104,1.185509012735544,71.75753430881515,310.3388107502389,0.0,0,35.112142000000006,0.23225424227210198,0.3417621175033981
se3_wbc_80_165,se3_wbc,80.0,165.0,0.15,12.0,False,FALL,,,1.4311827819789233,1.1840448123450285,61.00902437079094,267.33715893678254,0.0,0,35.112142000000006,0.23225424227210198,0.3417621175033981
se3_wbc_80_180,se3_wbc,80.0,180.0,0.15,12.0,False,FALL,,,1.4259278035407428,1.1950698914583149,50.0,255.1281224112791,0.0,0,35.112142000000006,0.23225424227210198,0.3417621175033981
se3_wbc_80_195,se3_wbc,80.0,195.0,0.15,12.0,False,FALL,,,1.425507378083107,1.1895467981062784,67.41874810528688,283.82455690683173,0.0,0,35.112142000000006,0.23225424227210198,0.3417621175033981
se3_wbc_80_210,se3_wbc,80.0,210.00000000000003,0.15,12.0,False,FALL,,,1.436660028036094,1.1847595295877413,66.00008597953125,326.0680692876961,0.0,0,35.112142000000006,0.23225424227210198,0.3417621175033981
se3_wbc_80_225,se3_wbc,80.0,225.0,0.15,12.0,False,FALL,,,1.4273393654041173,1.185315261059546,80.01083923073418,345.0840763565337,0.0,0,35.112142000000006,0.23225424227210198,0.3417621175033981
se3_wbc_80_240,se3_wbc,80.0,239.99999999999997,0.15,12.0,False,FALL,,,1.4369087019018791,1.1820580330500503,58.95217890794586,426.9771602829666,0.0,0,35.112142000000006,0.23225424227210198,0.3417621175033981
se3_wbc_80_255,se3_wbc,80.0,255.00000000000003,0.15,12.0,False,CONTACT_LOSS,2.439999999999953,0.28999999999995296,0.05881964308717761,0.05074944434767517,28.93786109895839,416.5902403042987,0.0,0,35.112142000000006,0.23225424227210198,0.3417621175033981
se3_wbc_80_270,se3_wbc,80.0,270.0,0.15,12.0,False,CONTACT_LOSS,2.4319999999999538,0.28199999999995384,0.05773076343705646,0.050283345139472926,31.30119043566764,391.58903777834473,-2.220446049250313e-16,0,35.112142000000006,0.23225424227210198,0.3417621175033981
se3_wbc_80_285,se3_wbc,80.0,285.0,0.15,12.0,False,SLIP,2.4439999999999524,0.2939999999999525,0.057106661238244635,0.052095466711722015,21.517000785341317,369.93599891680526,0.0,0,35.112142000000006,0.23225424227210198,0.3417621175033981
se3_wbc_80_300,se3_wbc,80.0,300.0,0.15,12.0,True,,2.403999999999957,0.2539999999999569,0.058839713731210615,0.05721323871581164,25.64276304458584,340.6568327558323,0.29959786079098194,0,35.112142000000006,0.23225424227210198,0.3417621175033981
se3_wbc_80_315,se3_wbc,80.0,315.0,0.15,12.0,True,,2.403999999999957,0.2539999999999569,0.059759104821128575,0.06627683355051164,30.012391597511233,297.39864623553103,0.5706479958349904,0,35.112142000000006,0.23225424227210198,0.3417621175033981
se3_wbc_80_330,se3_wbc,80.0,330.0,0.15,12.0,True,,2.447999999999952,0.2979999999999521,0.058027672135740636,0.09996726154887048,27.25974885405572,446.64203012542237,0.4485782239010213,0,35.112142000000006,0.23225424227210198,0.3417621175033981
se3_wbc_80_345,se3_wbc,80.0,345.0,0.15,12.0,False,FALL,,,1.22183305846868,1.3057024417780476,74.01196324991145,872.587581845095,0.0,0,35.112142000000006,0.23225424227210198,0.3417621175033981
