policy,phase,combined_success,angular_band,orientation_band,com_band,slip_velocity,slip_displacement,contact_loss,torque_bound,qp_failure,fall_height,sustained_slip_onset,sustained_contact_loss_onset,pre_loss_max_foot_speed_m_s,pre_loss_max_foot_displacement_m,pre_loss_max_torque_utilization
fixed_100,no_push,False,,,,,,,,,,,,0.00014936477449747915,0.00040144945654855006,0.05695993329130277
fixed_100,moving,True,1.5200000000000011,,,,,,,,,,,0.012071335245040591,0.020660488017319456,0.4099910901325841
fixed_100,hold,False,3.019999999999889,,3.6439999999998203,,4.007999999999781,,,,,,,0.01259462144220797,0.02502930995266758,0.4150992126056385
fixed_3000,no_push,True,,,,,,,,,,,,0.0003234608313541088,0.00042427702124172006,0.10632781068411783
fixed_3000,moving,False,1.5200000000000011,3.2159999999998674,2.0639999999999943,2.8959999999999027,2.3439999999999634,2.9039999999999018,3.5959999999998256,4.227999999999756,3.799999999999803,2.3439999999999634,3.611999999999824,0.1751586033232237,0.09665047581074268,0.5198974891658148
fixed_3000,hold,False,3.019999999999889,4.131999999999767,3.4319999999998436,3.8439999999997982,3.6679999999998176,3.8239999999998004,4.447999999999732,,4.639999999999711,3.6679999999998176,4.347999999999743,0.04725127201656029,0.0586823812507301,0.5542783651970248
guard,moving,False,1.5200000000000011,3.9759999999997837,2.091999999999991,3.3399999999998538,2.2999999999999683,3.2439999999998643,4.095999999999771,4.447999999999732,4.0639999999997745,2.2999999999999683,4.087999999999772,0.061980640159918624,0.08689920460827563,0.5397094272872967
guard,hold,False,3.019999999999889,4.603999999999715,3.4519999999998414,3.871999999999795,3.627999999999822,3.855999999999797,4.723999999999702,4.991999999999672,4.691999999999705,3.627999999999822,4.691999999999705,0.07454071701406927,0.0746648326012207,0.4436293330493031
guard_arm,moving,False,1.5200000000000011,4.311999999999747,2.0999999999999903,4.223999999999757,2.311999999999967,4.10399999999977,4.359999999999742,4.503999999999726,4.327999999999745,2.311999999999967,4.359999999999742,0.07143246920736987,0.17337479099209,0.6269471968994533
guard_arm,hold,False,3.019999999999889,4.675999999999707,3.455999999999841,3.8799999999997943,3.6319999999998216,3.863999999999796,4.731999999999701,4.875999999999685,4.699999999999704,3.6319999999998216,4.727999999999701,0.06350920403733835,0.0745000449860192,0.44349151345792054
