time_s,component,residual,weighted_squared_residual
2.9959999999998916,torso_linear,"[1.7574271023916868, -0.14079885328790154, -0.04352653336498913]",622.0537792829602
2.9959999999998916,torso_angular,"[0.9706679393623032, 0.23236776037651358, 0.24214335599903336]",210.96488588454628
2.9959999999998916,pelvis_linear,"[-0.27049435726420573, -0.920677658652693, -0.019050496135135833]",92.11774698569754
2.9959999999998916,pelvis_angular,"[-0.008997191703383985, 0.047277582881364744, 0.010066662208607247]",0.24174569896739553
3.019999999999889,torso_linear,"[1.728699617324454, -0.004021215226910263, -0.07191713114447781]",598.7181221723333
3.019999999999889,torso_angular,"[0.6837644051693386, 0.21344799949123994, 0.17891657537873829]",109.02099024172949
3.019999999999889,pelvis_linear,"[-0.3170277819411354, -0.7481696161235551, -0.040444066048554425]",66.19001114915237
3.019999999999889,pelvis_angular,"[-0.0028171544977054677, -0.04013093321449368, 0.008876028033348748]",0.1697212033778887
3.0799999999998824,torso_linear,"[1.7454481580756174, 0.1503649436503232, -0.18201256957051437]",620.4654928580384
3.0799999999998824,torso_angular,"[0.028652457832948366, 0.21510667792382598, 0.032558237436180804]",9.630377010448843
3.0799999999998824,pelvis_linear,"[-0.55984204388249, -0.2900557113441119, -0.1274468295624822]",41.379812414739106
3.0799999999998824,pelvis_angular,"[0.021058951146079613, -0.12444751133530474, -0.0009683526819466159]",1.5931600207840402
3.1519999999998745,torso_linear,"[3.1467768782927896, 0.04983257344084979, 0.41205059474075273]",2014.8947399520118
3.1519999999998745,torso_angular,"[0.18232081169196857, 0.5217179371381118, 0.010965314678580196]",61.110144486733056
3.1519999999998745,pelvis_linear,"[-0.03421424157715336, -0.3453510308757469, 0.4535775576124636]",32.617054962332865
3.1519999999998745,pelvis_angular,"[0.10889287886124999, -0.11086179592230216, -0.006888662389905376]",2.4195450531331137
3.2399999999998648,torso_linear,"[5.1037460513598, 0.020086757094623237, 0.4490371446980061]",5250.052318379974
3.2399999999998648,torso_angular,"[0.23586918979045984, 0.8737081275714533, -0.01772081009657034]",163.86283879746034
3.2399999999998648,pelvis_linear,"[1.3838568841368506, -0.3496627494445563, 0.4468125140295763]",223.69653368155093
3.2399999999998648,pelvis_angular,"[0.0954508011534515, 0.15315773251448217, 0.0017383989181570803]",3.2571168500612058
3.319999999999856,torso_linear,"[6.963861246381535, -0.00812521139389756, 0.37617046503044876]",9727.386739335201
3.319999999999856,torso_angular,"[0.2836436616053163, 1.173855027820052, -0.04974450546058751]",292.17277378616086
3.319999999999856,pelvis_linear,"[2.6359364211276786, -0.3758734525946949, 0.398891157705742]",724.8555824288678
3.319999999999856,pelvis_angular,"[0.08024885908066381, 0.0756283825328361, 0.005300117701335871]",1.218762287592924
3.399999999999847,torso_linear,"[8.499660740791763, -0.03186326927651362, 0.2962906044967014]",14466.607219759757
3.399999999999847,torso_angular,"[0.3212202866661839, 1.413887239670904, -0.08284762798665449]",421.82466570662564
3.399999999999847,pelvis_linear,"[3.718391585378632, -0.4098236156768313, 0.35850769602569077]",1412.2919146290694
3.399999999999847,pelvis_angular,"[0.07374563359715924, -0.03739368491171868, 0.011188786784485871]",0.6961895095632046
3.435999999999843,torso_linear,"[9.08789315364643, -0.04252706621717221, 0.2607456103862543]",16531.91975935808
3.435999999999843,torso_angular,"[0.33596734256253086, 1.5067367469634143, -0.0969598770721738]",478.50617953605445
3.435999999999843,pelvis_linear,"[4.147482570884272, -0.42394497417169597, 0.340614929787771]",1749.7359547308583
3.435999999999843,pelvis_angular,"[0.07328847109833059, -0.08403577435839793, 0.013823486618966263]",1.2624300150251149
