time_s,preserved_attained_tasks,success,status,minimum_com_L1_residual,acceleration_minimization_first_status,acceleration_minimization_retry_count,acceleration_minimization_success,acceleration_minimization_status,lexicographic_com_L1_allowance,achieved_com_L1_residual,com_residual_norm,constraint_budget_ratio,torque_peak_Nm,max_qdd
2.9959999999998916,['reach'],True,Optimization terminated successfully. (HiGHS Status 7: Optimal),0.0,Optimization terminated successfully. (HiGHS Status 7: Optimal),0,True,Optimization terminated successfully. (HiGHS Status 7: Optimal),1e-09,1.0000003394794454e-09,1.0000000064125689e-09,1.1931486069935062e-09,18.685461191617186,2.1580302683094756
2.9959999999998916,"['reach', 'torso_linear']",True,Optimization terminated successfully. (HiGHS Status 7: Optimal),0.0,Optimization terminated successfully. (HiGHS Status 7: Optimal),0,True,Optimization terminated successfully. (HiGHS Status 7: Optimal),1e-09,1.0000006517296711e-09,9.999999855959796e-10,9.404971452741815e-09,37.33160341331568,9.525753427090262
2.9959999999998916,"['reach', 'torso_angular']",True,Optimization terminated successfully. (HiGHS Status 7: Optimal),0.0,Optimization terminated successfully. (HiGHS Status 7: Optimal),0,True,Optimization terminated successfully. (HiGHS Status 7: Optimal),1e-09,1.000000950102109e-09,9.999998398794417e-10,2.009841875424276e-09,54.891884957534415,6.727219731846638
2.9959999999998916,"['reach', 'pelvis_linear']",True,Optimization terminated successfully. (HiGHS Status 7: Optimal),0.0,Optimization terminated successfully. (HiGHS Status 7: Optimal),0,True,Optimization terminated successfully. (HiGHS Status 7: Optimal),1e-09,1.0000001035570527e-09,9.999999925347565e-10,6.755342332639314e-10,45.34581543667367,9.68597969915224
2.9959999999998916,"['reach', 'pelvis_angular']",True,Optimization terminated successfully. (HiGHS Status 7: Optimal),0.0,Optimization terminated successfully. (HiGHS Status 7: Optimal),0,True,Optimization terminated successfully. (HiGHS Status 7: Optimal),1e-09,1.0000005996879668e-09,1.0000001555988186e-09,2.333385387018277e-09,39.6094411264919,4.55386360859067
2.9959999999998916,"['reach', 'torso_linear', 'torso_angular']",True,Optimization terminated successfully. (HiGHS Status 7: Optimal),0.0,Optimization terminated successfully. (HiGHS Status 7: Optimal),0,True,Optimization terminated successfully. (HiGHS Status 7: Optimal),1e-09,1.00000023192659e-09,1.0000000098819974e-09,1.7686936013616732e-09,39.88176507946147,19.44882258908188
2.9959999999998916,"['reach', 'torso_linear', 'pelvis_linear']",True,Optimization terminated successfully. (HiGHS Status 7: Optimal),0.0,Optimization terminated successfully. (HiGHS Status 7: Optimal),0,True,Optimization terminated successfully. (HiGHS Status 7: Optimal),1e-09,1.0000006968324815e-09,9.99999975187708e-10,3.2505564916786442e-09,23.546142946245766,33.149849690043254
2.9959999999998916,"['reach', 'torso_linear', 'pelvis_angular']",True,Optimization terminated successfully. (HiGHS Status 7: Optimal),0.0,Optimization terminated successfully. (HiGHS Status 7: Optimal),0,True,Optimization terminated successfully. (HiGHS Status 7: Optimal),1e-09,1.0000002804988473e-09,1.0000000584542547e-09,8.051581478872012e-11,34.0759416255678,15.824528250956883
2.9959999999998916,"['reach', 'torso_angular', 'pelvis_linear']",True,Optimization terminated successfully. (HiGHS Status 7: Optimal),0.0,Optimization terminated successfully. (HiGHS Status 7: Optimal),0,True,Optimization terminated successfully. (HiGHS Status 7: Optimal),1e-09,1.0000174612001533e-09,1.0000000308467569e-09,5.3822176515649465e-08,43.36634266245521,24.632524009628888
2.9959999999998916,"['reach', 'torso_angular', 'pelvis_angular']",True,Optimization terminated successfully. (HiGHS Status 7: Optimal),0.0,Optimization terminated successfully. (HiGHS Status 7: Optimal),0,True,Optimization terminated successfully. (HiGHS Status 7: Optimal),1e-09,1.0000008494881474e-09,1.0000000723321842e-09,2.7182992262446394e-09,15.113765446636549,9.167064092169547
2.9959999999998916,"['reach', 'pelvis_linear', 'pelvis_angular']",True,Optimization terminated successfully. (HiGHS Status 7: Optimal),0.0,Optimization terminated successfully. (HiGHS Status 7: Optimal),0,True,Optimization terminated successfully. (HiGHS Status 7: Optimal),1e-09,1.000000304784976e-09,9.999999717180993e-10,1.3133824174749736e-09,24.792582325391486,17.360981465985
2.9959999999998916,"['reach', 'torso_linear', 'torso_angular', 'pelvis_linear']",True,Optimization terminated successfully. (HiGHS Status 7: Optimal),0.0,Optimization terminated successfully. (HiGHS Status 7: Optimal),0,True,Optimization terminated successfully. (HiGHS Status 7: Optimal),1e-09,1.000000009881985e-09,1.000000009881985e-09,1.048673941216267e-09,25.89369647139784,50.244891744488065
2.9959999999998916,"['reach', 'torso_linear', 'torso_angular', 'pelvis_angular']",True,Optimization terminated successfully. (HiGHS Status 7: Optimal),0.0,Optimization terminated successfully. (HiGHS Status 7: Optimal),0,True,Optimization terminated successfully. (HiGHS Status 7: Optimal),1e-09,1.000000228457143e-09,1.000000061923697e-09,2.4300561562936374e-09,39.04991422717254,53.097168582139275
2.9959999999998916,"['reach', 'torso_linear', 'pelvis_linear', 'pelvis_angular']",True,Optimization terminated successfully. (HiGHS Status 7: Optimal),0.0,Optimization terminated successfully. (HiGHS Status 7: Optimal),0,True,Optimization terminated successfully. (HiGHS Status 7: Optimal),1e-09,1.0000003498877863e-09,9.999999613097723e-10,2.409371088836851e-09,65.71177877990797,35.797837237501355
2.9959999999998916,"['reach', 'torso_angular', 'pelvis_linear', 'pelvis_angular']",True,Optimization terminated successfully. (HiGHS Status 7: Optimal),0.0,Optimization terminated successfully. (HiGHS Status 7: Optimal),0,True,Optimization terminated successfully. (HiGHS Status 7: Optimal),1e-09,1.0000000272292198e-09,9.9999997171807e-10,2.3248338908887507e-10,39.04991422717182,53.09716858213764
2.9959999999998916,"['reach', 'torso_linear', 'torso_angular', 'pelvis_linear', 'pelvis_angular']",True,Optimization terminated successfully. (HiGHS Status 7: Optimal),0.0,Optimization terminated successfully. (HiGHS Status 7: Optimal),0,True,Optimization terminated successfully. (HiGHS Status 7: Optimal),1e-09,1.000000592749073e-09,9.999999821265095e-10,3.59534624293318e-09,39.04991422717265,53.097168582130884
3.019999999999889,['reach'],True,Optimization terminated successfully. (HiGHS Status 7: Optimal),0.0,Optimization terminated successfully. (HiGHS Status 7: Optimal),0,True,Optimization terminated successfully. (HiGHS Status 7: Optimal),1e-09,1.0000005476462626e-09,9.999999370236991e-10,3.1401530270889316e-09,24.18028125178427,4.311750354276756
3.019999999999889,"['reach', 'torso_linear']",True,Optimization terminated successfully. (HiGHS Status 7: Optimal),0.0,Optimization terminated successfully. (HiGHS Status 7: Optimal),0,True,Optimization terminated successfully. (HiGHS Status 7: Optimal),1e-09,1.0000003186627637e-09,1.0000000827403888e-09,1.6075937443917208e-09,28.036930571985593,14.850264510093757
3.019999999999889,"['reach', 'torso_angular']",True,Optimization terminated successfully. (HiGHS Status 7: Optimal),0.0,Optimization terminated successfully. (HiGHS Status 7: Optimal),0,True,Optimization terminated successfully. (HiGHS Status 7: Optimal),1e-09,1.0000024350254044e-09,1.0000007488753542e-09,3.720357739514518e-10,55.687013919768106,8.840096695662782
3.019999999999889,"['reach', 'pelvis_linear']",True,Optimization terminated successfully. (HiGHS Status 7: Optimal),0.0,Optimization terminated successfully. (HiGHS Status 7: Optimal),0,True,Optimization terminated successfully. (HiGHS Status 7: Optimal),1e-09,9.999997080401002e-10,9.999996386511628e-10,4.4535689712178054e-10,24.95469854070035,13.525013882121716
3.019999999999889,"['reach', 'pelvis_angular']",True,Optimization terminated successfully. (HiGHS Status 7: Optimal),0.0,The HiGHS status code was not recognized. (HiGHS Status 15: model_status is Unknown; primal_status is Basic),1,True,Optimization terminated successfully. (HiGHS Status 7: Optimal),1e-09,1.000000811324231e-09,1.0000003047851006e-09,5.302073086015984e-09,24.654471539688007,9.184586944772894
3.019999999999889,"['reach', 'torso_linear', 'torso_angular']",True,Optimization terminated successfully. (HiGHS Status 7: Optimal),0.0,Optimization terminated successfully. (HiGHS Status 7: Optimal),0,True,Optimization terminated successfully. (HiGHS Status 7: Optimal),1e-09,1.0000009154076395e-09,1.0000000827406746e-09,5.650146396964896e-09,22.89121851100172,17.046039318131445
3.019999999999889,"['reach', 'torso_linear', 'pelvis_linear']",True,Optimization terminated successfully. (HiGHS Status 7: Optimal),0.0,Optimization terminated successfully. (HiGHS Status 7: Optimal),0,True,Optimization terminated successfully. (HiGHS Status 7: Optimal),1e-09,1.00000116520782e-09,9.999999994739907e-10,4.1541736874791245e-09,25.971864660234814,55.62322657626377
3.019999999999889,"['reach', 'torso_linear', 'pelvis_angular']",True,Optimization terminated successfully. (HiGHS Status 7: Optimal),0.0,Optimization terminated successfully. (HiGHS Status 7: Optimal),0,True,Optimization terminated successfully. (HiGHS Status 7: Optimal),1e-09,1.0000010541855175e-09,9.99999416607689e-10,2.522426711947719e-10,39.76936964756631,35.3037493271536
3.019999999999889,"['reach', 'torso_angular', 'pelvis_linear']",True,Optimization terminated successfully. (HiGHS Status 7: Optimal),0.0,Optimization terminated successfully. (HiGHS Status 7: Optimal),0,True,Optimization terminated successfully. (HiGHS Status 7: Optimal),1e-09,1.000010838025922e-09,9.999999578905952e-10,8.298529898597059e-11,25.297465262226975,28.303856350108504
3.019999999999889,"['reach', 'torso_angular', 'pelvis_angular']",True,Optimization terminated successfully. (HiGHS Status 7: Optimal),0.0,The HiGHS status code was not recognized. (HiGHS Status 15: model_status is Unknown; primal_status is Basic),1,True,Optimization terminated successfully. (HiGHS Status 7: Optimal),1e-09,9.99999728856782e-10,9.999989725175341e-10,7.105427357600497e-11,47.336476484052405,18.12409700502277
3.019999999999889,"['reach', 'pelvis_linear', 'pelvis_angular']",True,Optimization terminated successfully. (HiGHS Status 7: Optimal),0.0,Optimization terminated successfully. (HiGHS Status 7: Optimal),0,True,Optimization terminated successfully. (HiGHS Status 7: Optimal),1e-09,1.0000010125521541e-09,9.999996386518006e-10,3.870524216467582e-08,49.72188447839131,45.36169703330467
3.019999999999889,"['reach', 'torso_linear', 'torso_angular', 'pelvis_linear']",True,Optimization terminated successfully. (HiGHS Status 7: Optimal),0.0,Optimization terminated successfully. (HiGHS Status 7: Optimal),0,True,Optimization terminated successfully. (HiGHS Status 7: Optimal),1e-09,1.0000004158072784e-09,1.0000000827403987e-09,5.315124609522543e-09,29.09195349417958,92.68446367126465
3.019999999999889,"['reach', 'torso_linear', 'torso_angular', 'pelvis_angular']",True,Optimization terminated successfully. (HiGHS Status 7: Optimal),0.16658243351148636,Optimization terminated successfully. (HiGHS Status 7: Optimal),0,True,Optimization terminated successfully. (HiGHS Status 7: Optimal),1e-09,0.16658243451148658,0.1665824345114859,6.645383672346489e-11,23.96408573709964,149.99999969651142
3.019999999999889,"['reach', 'torso_linear', 'pelvis_linear', 'pelvis_angular']",True,Optimization terminated successfully. (HiGHS Status 7: Optimal),0.0,Optimization terminated successfully. (HiGHS Status 7: Optimal),0,True,Optimization terminated successfully. (HiGHS Status 7: Optimal),1e-09,9.999999647791746e-10,9.999998606957688e-10,1.2511770187906518e-09,34.487948258764895,64.16898280852094
3.019999999999889,"['reach', 'torso_angular', 'pelvis_linear', 'pelvis_angular']",True,Optimization terminated successfully. (HiGHS Status 7: Optimal),0.16658243359379935,Optimization terminated successfully. (HiGHS Status 7: Optimal),0,True,Optimization terminated successfully. (HiGHS Status 7: Optimal),1e-09,0.16658243459380095,0.16658243459380007,2.513291162425417e-08,23.96408573696589,149.99999961043906
3.019999999999889,"['reach', 'torso_linear', 'torso_angular', 'pelvis_linear', 'pelvis_angular']",True,Optimization terminated successfully. (HiGHS Status 7: Optimal),0.16658243337708992,The HiGHS status code was not recognized. (HiGHS Status 15: model_status is Unknown; primal_status is Basic),1,False,The HiGHS status code was not recognized. (HiGHS Status 15: model_status is Unknown; primal_status is Basic),1e-09,,,,,
3.0799999999998824,['reach'],False,The problem is infeasible. (HiGHS Status 8: model_status is Infeasible; primal_status is At lower/fixed bound),,,,,,,,,,,
3.0799999999998824,"['reach', 'torso_linear']",False,The problem is infeasible. (HiGHS Status 8: model_status is Infeasible; primal_status is At lower/fixed bound),,,,,,,,,,,
3.0799999999998824,"['reach', 'torso_angular']",False,The problem is infeasible. (HiGHS Status 8: model_status is Infeasible; primal_status is At lower/fixed bound),,,,,,,,,,,
3.0799999999998824,"['reach', 'pelvis_linear']",False,The problem is infeasible. (HiGHS Status 8: model_status is Infeasible; primal_status is At lower/fixed bound),,,,,,,,,,,
3.0799999999998824,"['reach', 'pelvis_angular']",False,The problem is infeasible. (HiGHS Status 8: model_status is Infeasible; primal_status is At lower/fixed bound),,,,,,,,,,,
3.0799999999998824,"['reach', 'torso_linear', 'torso_angular']",False,The problem is infeasible. (HiGHS Status 8: model_status is Infeasible; primal_status is At lower/fixed bound),,,,,,,,,,,
3.0799999999998824,"['reach', 'torso_linear', 'pelvis_linear']",False,The problem is infeasible. (HiGHS Status 8: model_status is Infeasible; primal_status is At lower/fixed bound),,,,,,,,,,,
3.0799999999998824,"['reach', 'torso_linear', 'pelvis_angular']",False,The problem is infeasible. (HiGHS Status 8: model_status is Infeasible; primal_status is At lower/fixed bound),,,,,,,,,,,
3.0799999999998824,"['reach', 'torso_angular', 'pelvis_linear']",False,The problem is infeasible. (HiGHS Status 8: model_status is Infeasible; primal_status is At lower/fixed bound),,,,,,,,,,,
3.0799999999998824,"['reach', 'torso_angular', 'pelvis_angular']",False,The problem is infeasible. (HiGHS Status 8: model_status is Infeasible; primal_status is At lower/fixed bound),,,,,,,,,,,
3.0799999999998824,"['reach', 'pelvis_linear', 'pelvis_angular']",False,The problem is infeasible. (HiGHS Status 8: model_status is Infeasible; primal_status is At lower/fixed bound),,,,,,,,,,,
3.0799999999998824,"['reach', 'torso_linear', 'torso_angular', 'pelvis_linear']",False,The problem is infeasible. (HiGHS Status 8: model_status is Infeasible; primal_status is At lower/fixed bound),,,,,,,,,,,
3.0799999999998824,"['reach', 'torso_linear', 'torso_angular', 'pelvis_angular']",False,The problem is infeasible. (HiGHS Status 8: model_status is Infeasible; primal_status is At lower/fixed bound),,,,,,,,,,,
3.0799999999998824,"['reach', 'torso_linear', 'pelvis_linear', 'pelvis_angular']",False,The problem is infeasible. (HiGHS Status 8: model_status is Infeasible; primal_status is At lower/fixed bound),,,,,,,,,,,
3.0799999999998824,"['reach', 'torso_angular', 'pelvis_linear', 'pelvis_angular']",False,The problem is infeasible. (HiGHS Status 8: model_status is Infeasible; primal_status is At lower/fixed bound),,,,,,,,,,,
3.0799999999998824,"['reach', 'torso_linear', 'torso_angular', 'pelvis_linear', 'pelvis_angular']",False,The problem is infeasible. (HiGHS Status 8: model_status is Infeasible; primal_status is At lower/fixed bound),,,,,,,,,,,
3.1519999999998745,['reach'],True,Optimization terminated successfully. (HiGHS Status 7: Optimal),0.0,Optimization terminated successfully. (HiGHS Status 7: Optimal),0,True,Optimization terminated successfully. (HiGHS Status 7: Optimal),1e-09,1.0000009986743663e-09,9.999983063870819e-10,3.5165989714759336e-10,53.061333906246894,42.86516490509225
3.1519999999998745,"['reach', 'torso_linear']",True,Optimization terminated successfully. (HiGHS Status 7: Optimal),0.0,Optimization terminated successfully. (HiGHS Status 7: Optimal),0,True,Optimization terminated successfully. (HiGHS Status 7: Optimal),1e-09,1.000007660012514e-09,9.999997774538946e-10,6.521899755377544e-09,46.30487506683261,76.19687596344414
3.1519999999998745,"['reach', 'torso_angular']",True,Optimization terminated successfully. (HiGHS Status 7: Optimal),0.0,Optimization terminated successfully. (HiGHS Status 7: Optimal),0,True,Optimization terminated successfully. (HiGHS Status 7: Optimal),1e-09,1.0000099359697145e-09,1.0000062999956232e-09,4.493804478506131e-09,25.0,113.88656622292163
3.1519999999998745,"['reach', 'pelvis_linear']",True,Optimization terminated successfully. (HiGHS Status 7: Optimal),0.0,Optimization terminated successfully. (HiGHS Status 7: Optimal),0,True,Optimization terminated successfully. (HiGHS Status 7: Optimal),1e-09,1.000010269036622e-09,1.0000001660499491e-09,2.3092638912197923e-10,51.44359167228817,100.56567790676165
3.1519999999998745,"['reach', 'pelvis_angular']",True,Optimization terminated successfully. (HiGHS Status 7: Optimal),0.0,Optimization terminated successfully. (HiGHS Status 7: Optimal),0,True,Optimization terminated successfully. (HiGHS Status 7: Optimal),1e-09,1.0000009986743663e-09,9.999974182110442e-10,3.7061127059672137e-10,48.01724110012744,95.18391182281768
3.1519999999998745,"['reach', 'torso_linear', 'torso_angular']",True,Optimization terminated successfully. (HiGHS Status 7: Optimal),1.1129614117720732,Optimization terminated successfully. (HiGHS Status 7: Optimal),0,True,Optimization terminated successfully. (HiGHS Status 7: Optimal),1e-09,1.1129614127720764,1.1129614127720737,8.09836316896713e-10,36.65637253661621,149.99999993281003
3.1519999999998745,"['reach', 'torso_linear', 'pelvis_linear']",True,Optimization terminated successfully. (HiGHS Status 7: Optimal),0.05315888552541014,Optimization terminated successfully. (HiGHS Status 7: Optimal),0,True,Optimization terminated successfully. (HiGHS Status 7: Optimal),1e-09,0.053158886525412063,0.05315888652541023,6.927791673660497e-11,42.53115901185803,150.0
3.1519999999998745,"['reach', 'torso_linear', 'pelvis_angular']",True,Optimization terminated successfully. (HiGHS Status 7: Optimal),0.1040840515381444,Optimization terminated successfully. (HiGHS Status 7: Optimal),0,True,Optimization terminated successfully. (HiGHS Status 7: Optimal),1e-09,0.1040840525381477,0.09285636516935093,1.857071494409903e-08,48.00206369117251,150.0
3.1519999999998745,"['reach', 'torso_angular', 'pelvis_linear']",True,Optimization terminated successfully. (HiGHS Status 7: Optimal),0.0,Optimization terminated successfully. (HiGHS Status 7: Optimal),0,True,Optimization terminated successfully. (HiGHS Status 7: Optimal),1e-09,1.000006938367548e-09,1.0000001660223389e-09,1.0103699766555287e-09,24.742717632086116,124.05442791999583
3.1519999999998745,"['reach', 'torso_angular', 'pelvis_angular']",True,Optimization terminated successfully. (HiGHS Status 7: Optimal),1.1142713122061414,Optimization terminated successfully. (HiGHS Status 7: Optimal),0,True,Optimization terminated successfully. (HiGHS Status 7: Optimal),1e-09,1.1142713132061461,1.1142713132061415,7.57753287222543e-10,35.24208426170856,150.0
3.1519999999998745,"['reach', 'pelvis_linear', 'pelvis_angular']",True,Optimization terminated successfully. (HiGHS Status 7: Optimal),0.08307914795963575,Optimization terminated successfully. (HiGHS Status 7: Optimal),0,True,Optimization terminated successfully. (HiGHS Status 7: Optimal),1e-09,0.08307914895964523,0.08307914895963897,6.908748934274325e-09,49.034009959637096,150.0
3.1519999999998745,"['reach', 'torso_linear', 'torso_angular', 'pelvis_linear']",True,Optimization terminated successfully. (HiGHS Status 7: Optimal),1.2083929018514812,Optimization terminated successfully. (HiGHS Status 7: Optimal),0,True,Optimization terminated successfully. (HiGHS Status 7: Optimal),1e-09,1.208392902851489,1.2083929028514815,6.014171926055391e-11,42.40762545092278,150.0
3.1519999999998745,"['reach', 'torso_linear', 'torso_angular', 'pelvis_angular']",True,Optimization terminated successfully. (HiGHS Status 7: Optimal),1.2112378430197908,Optimization terminated successfully. (HiGHS Status 7: Optimal),0,True,Optimization terminated successfully. (HiGHS Status 7: Optimal),1e-09,1.211237844019801,1.2112378440197888,4.5335471787594626e-10,41.93287708062515,150.0
3.1519999999998745,"['reach', 'torso_linear', 'pelvis_linear', 'pelvis_angular']",True,Optimization terminated successfully. (HiGHS Status 7: Optimal),0.14600841241344495,Optimization terminated successfully. (HiGHS Status 7: Optimal),0,True,Optimization terminated successfully. (HiGHS Status 7: Optimal),1e-09,0.14600841341344825,0.14600841341344406,6.737627466409191e-09,50.666321949187,150.0
3.1519999999998745,"['reach', 'torso_angular', 'pelvis_linear', 'pelvis_angular']",True,Optimization terminated successfully. (HiGHS Status 7: Optimal),1.21123784301995,Optimization terminated successfully. (HiGHS Status 7: Optimal),0,True,Optimization terminated successfully. (HiGHS Status 7: Optimal),1e-09,1.2112378440199503,1.2112378440199478,3.704272034091292e-10,41.93287708062396,150.0
3.1519999999998745,"['reach', 'torso_linear', 'torso_angular', 'pelvis_linear', 'pelvis_angular']",True,Optimization terminated successfully. (HiGHS Status 7: Optimal),1.2112378430057564,Optimization terminated successfully. (HiGHS Status 7: Optimal),0,True,Optimization terminated successfully. (HiGHS Status 7: Optimal),1e-09,1.211237844005757,1.2112378440057547,1.877863453165555e-09,41.932877079501544,150.0
3.2399999999998648,['reach'],True,Optimization terminated successfully. (HiGHS Status 7: Optimal),0.0,Optimization terminated successfully. (HiGHS Status 7: Optimal),0,True,Optimization terminated successfully. (HiGHS Status 7: Optimal),1e-09,9.999954198036676e-10,9.999947536700408e-10,1.359239785583338e-08,68.03614666104721,49.39317899527263
3.2399999999998648,"['reach', 'torso_linear']",True,Optimization terminated successfully. (HiGHS Status 7: Optimal),0.0,Optimization terminated successfully. (HiGHS Status 7: Optimal),0,True,Optimization terminated successfully. (HiGHS Status 7: Optimal),1e-09,1.000004634654772e-09,1.0000002492804823e-09,7.958573534464146e-11,60.014988434041335,77.88575792457523
3.2399999999998648,"['reach', 'torso_angular']",True,Optimization terminated successfully. (HiGHS Status 7: Optimal),0.0,Optimization terminated successfully. (HiGHS Status 7: Optimal),0,True,Optimization terminated successfully. (HiGHS Status 7: Optimal),1e-09,1.0000055783443429e-09,1.0000018591033504e-09,2.930988785009554e-10,28.201544082159156,120.74539267500836
3.2399999999998648,"['reach', 'pelvis_linear']",True,Optimization terminated successfully. (HiGHS Status 7: Optimal),0.0,Optimization terminated successfully. (HiGHS Status 7: Optimal),0,True,Optimization terminated successfully. (HiGHS Status 7: Optimal),1e-09,1.000001526030303e-09,1.000000582341128e-09,1.0170085357194446e-10,76.58954592297795,99.64904943243053
3.2399999999998648,"['reach', 'pelvis_angular']",True,Optimization terminated successfully. (HiGHS Status 7: Optimal),0.0,Optimization terminated successfully. (HiGHS Status 7: Optimal),0,True,Optimization terminated successfully. (HiGHS Status 7: Optimal),1e-09,1.0000036354540498e-09,9.99999194567575e-10,1.0909702858774129e-10,56.567253254057604,99.86462372991767
3.2399999999998648,"['reach', 'torso_linear', 'torso_angular']",True,Optimization terminated successfully. (HiGHS Status 7: Optimal),1.2379440589845778,Optimization terminated successfully. (HiGHS Status 7: Optimal),0,True,Optimization terminated successfully. (HiGHS Status 7: Optimal),1e-09,1.2379440599845948,1.2379440599845815,6.208182357741562e-09,26.76424697899303,149.99999993276845
3.2399999999998648,"['reach', 'torso_linear', 'pelvis_linear']",True,Optimization terminated successfully. (HiGHS Status 7: Optimal),0.27313823623801936,Optimization terminated successfully. (HiGHS Status 7: Optimal),0,True,Optimization terminated successfully. (HiGHS Status 7: Optimal),1e-09,0.27313823723802116,0.2731382372380162,1.3855583347320033e-10,30.357198802664342,150.0
3.2399999999998648,"['reach', 'torso_linear', 'pelvis_angular']",True,Optimization terminated successfully. (HiGHS Status 7: Optimal),0.3219408602428096,Optimization terminated successfully. (HiGHS Status 7: Optimal),0,True,Optimization terminated successfully. (HiGHS Status 7: Optimal),1e-09,0.32194086124281013,0.3219408612428101,2.8551266853214705e-10,52.11727283249509,150.0
3.2399999999998648,"['reach', 'torso_angular', 'pelvis_linear']",True,Optimization terminated successfully. (HiGHS Status 7: Optimal),0.0,Optimization terminated successfully. (HiGHS Status 7: Optimal),0,True,Optimization terminated successfully. (HiGHS Status 7: Optimal),1e-09,1.0000107963925586e-09,1.000000193810253e-09,6.608719726696987e-11,25.11555724983831,126.10651067404807
3.2399999999998648,"['reach', 'torso_angular', 'pelvis_angular']",True,Optimization terminated successfully. (HiGHS Status 7: Optimal),1.3308022950378464,Optimization terminated successfully. (HiGHS Status 7: Optimal),0,True,Optimization terminated successfully. (HiGHS Status 7: Optimal),1e-09,1.330802296037851,1.3308022960378474,4.03722735350055e-10,43.291944201428,150.0
3.2399999999998648,"['reach', 'pelvis_linear', 'pelvis_angular']",True,Optimization terminated successfully. (HiGHS Status 7: Optimal),0.2929199130015467,Optimization terminated successfully. (HiGHS Status 7: Optimal),0,True,Optimization terminated successfully. (HiGHS Status 7: Optimal),1e-09,0.29291991400154854,0.29291991400154505,5.103935457017192e-09,29.99838276187288,150.0
3.2399999999998648,"['reach', 'torso_linear', 'torso_angular', 'pelvis_linear']",True,Optimization terminated successfully. (HiGHS Status 7: Optimal),1.3898696144109335,Optimization terminated successfully. (HiGHS Status 7: Optimal),0,True,Optimization terminated successfully. (HiGHS Status 7: Optimal),1e-09,1.3898696154109342,1.389869615410933,3.508304757815371e-11,38.74815970275741,150.0
3.2399999999998648,"['reach', 'torso_linear', 'torso_angular', 'pelvis_angular']",True,Optimization terminated successfully. (HiGHS Status 7: Optimal),1.397713327396687,Optimization terminated successfully. (HiGHS Status 7: Optimal),0,True,Optimization terminated successfully. (HiGHS Status 7: Optimal),1e-09,1.3977133283966872,1.3977133283966863,1.7769923126979782e-10,35.167289819879954,149.9999999419503
3.2399999999998648,"['reach', 'torso_linear', 'pelvis_linear', 'pelvis_angular']",True,Optimization terminated successfully. (HiGHS Status 7: Optimal),0.37171691890850095,Optimization terminated successfully. (HiGHS Status 7: Optimal),0,True,Optimization terminated successfully. (HiGHS Status 7: Optimal),1e-09,0.37171691990850303,0.37171691990850064,1.4206636556486914e-08,59.62401905663454,150.0
3.2399999999998648,"['reach', 'torso_angular', 'pelvis_linear', 'pelvis_angular']",True,Optimization terminated successfully. (HiGHS Status 7: Optimal),1.3977133273966744,Optimization terminated successfully. (HiGHS Status 7: Optimal),0,True,Optimization terminated successfully. (HiGHS Status 7: Optimal),1e-09,1.3977133283966772,1.3977133283966712,8.728381436914703e-09,35.16728981988594,149.9999999419523
3.2399999999998648,"['reach', 'torso_linear', 'torso_angular', 'pelvis_linear', 'pelvis_angular']",True,Optimization terminated successfully. (HiGHS Status 7: Optimal),1.397713327395743,Optimization terminated successfully. (HiGHS Status 7: Optimal),0,True,Optimization terminated successfully. (HiGHS Status 7: Optimal),1e-09,1.397713328395743,1.397713328395743,1.990994687878034e-10,35.16728981980994,149.99999994193888
3.319999999999856,['reach'],True,Optimization terminated successfully. (HiGHS Status 7: Optimal),0.0,Optimization terminated successfully. (HiGHS Status 7: Optimal),0,True,Optimization terminated successfully. (HiGHS Status 7: Optimal),1e-09,1.0000000549847954e-09,9.999991945622059e-10,9.869614194072692e-10,83.53103721801561,53.47878965209002
3.319999999999856,"['reach', 'torso_linear']",True,Optimization terminated successfully. (HiGHS Status 7: Optimal),0.0,Optimization terminated successfully. (HiGHS Status 7: Optimal),0,True,Optimization terminated successfully. (HiGHS Status 7: Optimal),1e-09,1.0000027750312057e-09,1.0000000827438489e-09,1.1096882252977779e-10,60.28308474403015,78.79959713998949
3.319999999999856,"['reach', 'torso_angular']",True,Optimization terminated successfully. (HiGHS Status 7: Optimal),0.0,Optimization terminated successfully. (HiGHS Status 7: Optimal),0,True,Optimization terminated successfully. (HiGHS Status 7: Optimal),1e-09,1.0000637262752576e-09,1.0000027486649602e-09,8.47828835403475e-10,42.261697018015695,128.27375199262102
3.319999999999856,"['reach', 'pelvis_linear']",True,Optimization terminated successfully. (HiGHS Status 7: Optimal),0.0,Optimization terminated successfully. (HiGHS Status 7: Optimal),0,True,Optimization terminated successfully. (HiGHS Status 7: Optimal),1e-09,1.0000032191204156e-09,1.0000000827451184e-09,4.5030637486262857e-10,56.2121212220747,104.01624769689896
3.319999999999856,"['reach', 'pelvis_angular']",True,Optimization terminated successfully. (HiGHS Status 7: Optimal),0.0,Optimization terminated successfully. (HiGHS Status 7: Optimal),0,True,Optimization terminated successfully. (HiGHS Status 7: Optimal),1e-09,9.999996664067368e-10,9.999991945620396e-10,4.1801412097031283e-10,46.11266254452109,106.56979806317159
3.319999999999856,"['reach', 'torso_linear', 'torso_angular']",True,Optimization terminated successfully. (HiGHS Status 7: Optimal),1.4720475503788053,Optimization terminated successfully. (HiGHS Status 7: Optimal),0,True,Optimization terminated successfully. (HiGHS Status 7: Optimal),1e-09,1.4720475513788087,1.4720475513788083,2.455613210930264e-09,28.659126365927605,149.9999999332443
3.319999999999856,"['reach', 'torso_linear', 'pelvis_linear']",True,Optimization terminated successfully. (HiGHS Status 7: Optimal),0.51405347638329,Optimization terminated successfully. (HiGHS Status 7: Optimal),0,True,Optimization terminated successfully. (HiGHS Status 7: Optimal),1e-09,0.5140534773832941,0.514053477383289,1.7472817487749164e-10,32.73899111337483,150.0
3.319999999999856,"['reach', 'torso_linear', 'pelvis_angular']",True,Optimization terminated successfully. (HiGHS Status 7: Optimal),0.5081631008069472,Optimization terminated successfully. (HiGHS Status 7: Optimal),0,True,Optimization terminated successfully. (HiGHS Status 7: Optimal),1e-09,0.5081631018069594,0.5081631018069519,2.010144379581658e-09,33.2112741798802,150.0
3.319999999999856,"['reach', 'torso_angular', 'pelvis_linear']",True,Optimization terminated successfully. (HiGHS Status 7: Optimal),0.0,Optimization terminated successfully. (HiGHS Status 7: Optimal),0,True,Optimization terminated successfully. (HiGHS Status 7: Optimal),1e-09,1.0000109351704367e-09,1.0000089645256237e-09,9.035389025142707e-11,32.45412414759527,130.08680615882886
3.319999999999856,"['reach', 'torso_angular', 'pelvis_angular']",True,Optimization terminated successfully. (HiGHS Status 7: Optimal),1.5896301703225841,Optimization terminated successfully. (HiGHS Status 7: Optimal),0,True,Optimization terminated successfully. (HiGHS Status 7: Optimal),1e-09,1.5896301713225838,1.5896301713225833,1.1973800920737126e-10,61.29151393316889,149.99999994263257
3.319999999999856,"['reach', 'pelvis_linear', 'pelvis_angular']",True,Optimization terminated successfully. (HiGHS Status 7: Optimal),0.4838978641182755,Optimization terminated successfully. (HiGHS Status 7: Optimal),0,True,Optimization terminated successfully. (HiGHS Status 7: Optimal),1e-09,0.4838978651182794,0.48389786511827815,3.5404662432544366e-10,33.874900418474304,150.0
3.319999999999856,"['reach', 'torso_linear', 'torso_angular', 'pelvis_linear']",True,Optimization terminated successfully. (HiGHS Status 7: Optimal),1.6393317460896188,Optimization terminated successfully. (HiGHS Status 7: Optimal),0,True,Optimization terminated successfully. (HiGHS Status 7: Optimal),1e-09,1.6393317470896316,1.639331747089618,8.985361173309055e-11,37.6930548016348,150.0
3.319999999999856,"['reach', 'torso_linear', 'torso_angular', 'pelvis_angular']",True,Optimization terminated successfully. (HiGHS Status 7: Optimal),1.6511813555259265,Optimization terminated successfully. (HiGHS Status 7: Optimal),0,True,Optimization terminated successfully. (HiGHS Status 7: Optimal),1e-09,1.6511813565259235,1.6511813565259228,4.656926746411145e-10,35.46760189689383,150.0
3.319999999999856,"['reach', 'torso_linear', 'pelvis_linear', 'pelvis_angular']",True,Optimization terminated successfully. (HiGHS Status 7: Optimal),0.610075413047832,Optimization terminated successfully. (HiGHS Status 7: Optimal),0,True,Optimization terminated successfully. (HiGHS Status 7: Optimal),1e-09,0.6100754140478353,0.6100754140478326,1.6763762185196363e-08,66.12861051015003,150.0
3.319999999999856,"['reach', 'torso_angular', 'pelvis_linear', 'pelvis_angular']",True,Optimization terminated successfully. (HiGHS Status 7: Optimal),1.6511813555259194,Optimization terminated successfully. (HiGHS Status 7: Optimal),0,True,Optimization terminated successfully. (HiGHS Status 7: Optimal),1e-09,1.6511813565259188,1.6511813565259184,7.761974651302001e-11,35.467601896892866,150.0
3.319999999999856,"['reach', 'torso_linear', 'torso_angular', 'pelvis_linear', 'pelvis_angular']",True,Optimization terminated successfully. (HiGHS Status 7: Optimal),1.6511813555743848,Optimization terminated successfully. (HiGHS Status 7: Optimal),0,True,Optimization terminated successfully. (HiGHS Status 7: Optimal),1e-09,1.6511813565743818,1.6511813565743818,3.335223482981329e-10,35.46760189827398,150.0
3.399999999999847,['reach'],True,Optimization terminated successfully. (HiGHS Status 7: Optimal),0.0,Optimization terminated successfully. (HiGHS Status 7: Optimal),0,True,Optimization terminated successfully. (HiGHS Status 7: Optimal),1e-09,9.999984729169853e-10,9.999983063835393e-10,2.135570026086626e-08,88.0,57.04844877857138
3.399999999999847,"['reach', 'torso_linear']",True,Optimization terminated successfully. (HiGHS Status 7: Optimal),0.0,Optimization terminated successfully. (HiGHS Status 7: Optimal),0,True,Optimization terminated successfully. (HiGHS Status 7: Optimal),1e-09,1.0000043015878646e-09,1.0000018591000609e-09,1.136868377216031e-10,76.06288440147304,84.3083950173588
3.399999999999847,"['reach', 'torso_angular']",True,Optimization terminated successfully. (HiGHS Status 7: Optimal),0.0,Optimization terminated successfully. (HiGHS Status 7: Optimal),0,True,Optimization terminated successfully. (HiGHS Status 7: Optimal),1e-09,1.0000028027867813e-09,1.0000018590975632e-09,7.456964838144919e-11,55.11197129209188,136.10334042792687
3.399999999999847,"['reach', 'pelvis_linear']",True,Optimization terminated successfully. (HiGHS Status 7: Optimal),0.0,Optimization terminated successfully. (HiGHS Status 7: Optimal),0,True,Optimization terminated successfully. (HiGHS Status 7: Optimal),1e-09,1.0000012207189712e-09,1.0000000827410185e-09,3.631320330219048e-11,78.7725475716336,108.87546896491776
3.399999999999847,"['reach', 'pelvis_angular']",True,Optimization terminated successfully. (HiGHS Status 7: Optimal),0.0,Optimization terminated successfully. (HiGHS Status 7: Optimal),0,True,Optimization terminated successfully. (HiGHS Status 7: Optimal),1e-09,1.0000026362533276e-09,9.999974182152746e-10,9.45046835420992e-10,52.90377784039269,113.61144353186046
3.399999999999847,"['reach', 'torso_linear', 'torso_angular']",True,Optimization terminated successfully. (HiGHS Status 7: Optimal),1.741530337710841,Optimization terminated successfully. (HiGHS Status 7: Optimal),0,True,Optimization terminated successfully. (HiGHS Status 7: Optimal),1e-09,1.74153033871084,1.741530338710839,4.9422260006330046e-11,29.310552238338115,150.0
3.399999999999847,"['reach', 'torso_linear', 'pelvis_linear']",True,Optimization terminated successfully. (HiGHS Status 7: Optimal),0.7813616140559615,Optimization terminated successfully. (HiGHS Status 7: Optimal),0,True,Optimization terminated successfully. (HiGHS Status 7: Optimal),1e-09,0.7813616150559877,0.781361615055963,7.850792889347675e-10,34.115144472274594,150.0
3.399999999999847,"['reach', 'torso_linear', 'pelvis_angular']",True,Optimization terminated successfully. (HiGHS Status 7: Optimal),0.7073737518924141,Optimization terminated successfully. (HiGHS Status 7: Optimal),0,True,Optimization terminated successfully. (HiGHS Status 7: Optimal),1e-09,0.7073737528924151,0.7073737528924129,2.056330893080204e-09,36.69497269098222,150.0
3.399999999999847,"['reach', 'torso_angular', 'pelvis_linear']",True,Optimization terminated successfully. (HiGHS Status 7: Optimal),0.0,Optimization terminated successfully. (HiGHS Status 7: Optimal),0,True,Optimization terminated successfully. (HiGHS Status 7: Optimal),1e-09,1.0000233974238881e-09,1.0000018592202847e-09,4.811688039312342e-09,36.36509849089802,138.006352279588
3.399999999999847,"['reach', 'torso_angular', 'pelvis_angular']",True,Optimization terminated successfully. (HiGHS Status 7: Optimal),1.868010439310372,Optimization terminated successfully. (HiGHS Status 7: Optimal),0,True,Optimization terminated successfully. (HiGHS Status 7: Optimal),1e-09,1.8680104403103726,1.8680104403103712,1.2769772620508243e-10,60.576341982739685,150.0
3.399999999999847,"['reach', 'pelvis_linear', 'pelvis_angular']",True,Optimization terminated successfully. (HiGHS Status 7: Optimal),0.6898139878732368,Optimization terminated successfully. (HiGHS Status 7: Optimal),0,True,Optimization terminated successfully. (HiGHS Status 7: Optimal),1e-09,0.689813988873244,0.6898139888732384,1.5142272522017856e-09,37.15731703732017,150.0
3.399999999999847,"['reach', 'torso_linear', 'torso_angular', 'pelvis_linear']",True,Optimization terminated successfully. (HiGHS Status 7: Optimal),1.9255167885940305,Optimization terminated successfully. (HiGHS Status 7: Optimal),0,True,Optimization terminated successfully. (HiGHS Status 7: Optimal),1e-09,1.92551678959407,1.925516789594032,2.751740075603893e-09,36.64865125515966,149.99999994238004
3.399999999999847,"['reach', 'torso_linear', 'torso_angular', 'pelvis_angular']",True,Optimization terminated successfully. (HiGHS Status 7: Optimal),1.9452470799383543,Optimization terminated successfully. (HiGHS Status 7: Optimal),0,True,Optimization terminated successfully. (HiGHS Status 7: Optimal),1e-09,1.9452470809383502,1.9452470809383495,6.822087593794245e-10,37.79288999399998,150.0
3.399999999999847,"['reach', 'torso_linear', 'pelvis_linear', 'pelvis_angular']",True,Optimization terminated successfully. (HiGHS Status 7: Optimal),0.9057102943432349,Optimization terminated successfully. (HiGHS Status 7: Optimal),0,True,Optimization terminated successfully. (HiGHS Status 7: Optimal),1e-09,0.9057102953432523,0.9057102953432357,1.2109072377585074e-08,69.58135857215971,149.9999999423618
3.399999999999847,"['reach', 'torso_angular', 'pelvis_linear', 'pelvis_angular']",True,Optimization terminated successfully. (HiGHS Status 7: Optimal),1.9452470799383499,Optimization terminated successfully. (HiGHS Status 7: Optimal),0,True,Optimization terminated successfully. (HiGHS Status 7: Optimal),1e-09,1.9452470809383495,1.9452470809383495,1.5753487295309306e-09,37.792889994001165,150.0
3.399999999999847,"['reach', 'torso_linear', 'torso_angular', 'pelvis_linear', 'pelvis_angular']",True,Optimization terminated successfully. (HiGHS Status 7: Optimal),1.945247080005724,Optimization terminated successfully. (HiGHS Status 7: Optimal),0,True,Optimization terminated successfully. (HiGHS Status 7: Optimal),1e-09,1.9452470810057236,1.9452470810057232,2.359477010091742e-10,37.792889991873956,149.99999994186012
3.435999999999843,['reach'],True,Optimization terminated successfully. (HiGHS Status 7: Optimal),0.0,Optimization terminated successfully. (HiGHS Status 7: Optimal),0,True,Optimization terminated successfully. (HiGHS Status 7: Optimal),1e-09,1.0000018590972104e-09,1.0000009709190256e-09,1.6449475534616025e-08,88.0,58.69395141424141
3.435999999999843,"['reach', 'torso_linear']",True,Optimization terminated successfully. (HiGHS Status 7: Optimal),0.0,Optimization terminated successfully. (HiGHS Status 7: Optimal),0,True,Optimization terminated successfully. (HiGHS Status 7: Optimal),1e-09,9.99998500672561e-10,9.999983063835428e-10,1.7016304377199618e-10,78.71615497666352,87.00010978803209
3.435999999999843,"['reach', 'torso_angular']",True,Optimization terminated successfully. (HiGHS Status 7: Optimal),0.0,Optimization terminated successfully. (HiGHS Status 7: Optimal),0,True,Optimization terminated successfully. (HiGHS Status 7: Optimal),1e-09,1.000010990681588e-09,1.0000071881717688e-09,4.553212190949872e-09,71.21805739881829,139.90500141443275
3.435999999999843,"['reach', 'pelvis_linear']",True,Optimization terminated successfully. (HiGHS Status 7: Optimal),0.0,Optimization terminated successfully. (HiGHS Status 7: Optimal),0,True,Optimization terminated successfully. (HiGHS Status 7: Optimal),1e-09,1.0000020533862397e-09,1.0000000827415038e-09,1.2680134991607868e-10,80.08876624593917,111.64112004963899
3.435999999999843,"['reach', 'pelvis_angular']",True,Optimization terminated successfully. (HiGHS Status 7: Optimal),0.0,Optimization terminated successfully. (HiGHS Status 7: Optimal),0,True,Optimization terminated successfully. (HiGHS Status 7: Optimal),1e-09,9.999986116948634e-10,9.999983063835597e-10,2.504171945136584e-10,52.89309089567064,117.02633164182016
3.435999999999843,"['reach', 'torso_linear', 'torso_angular']",True,Optimization terminated successfully. (HiGHS Status 7: Optimal),1.8763187471002907,Optimization terminated successfully. (HiGHS Status 7: Optimal),0,True,Optimization terminated successfully. (HiGHS Status 7: Optimal),1e-09,1.8763187481002892,1.8763187481002879,7.416289804495495e-11,29.536454481367205,150.0
3.435999999999843,"['reach', 'torso_linear', 'pelvis_linear']",True,Optimization terminated successfully. (HiGHS Status 7: Optimal),0.9123721272523203,Optimization terminated successfully. (HiGHS Status 7: Optimal),0,True,Optimization terminated successfully. (HiGHS Status 7: Optimal),1e-09,0.9123721282523203,0.9123721282523194,3.110605613014367e-11,34.57018484793398,150.0
3.435999999999843,"['reach', 'torso_linear', 'pelvis_angular']",True,Optimization terminated successfully. (HiGHS Status 7: Optimal),0.8059160321412651,Optimization terminated successfully. (HiGHS Status 7: Optimal),0,True,Optimization terminated successfully. (HiGHS Status 7: Optimal),1e-09,0.8059160331412649,0.8059160331412647,4.770871942829551e-10,38.1500797728667,150.0
3.435999999999843,"['reach', 'torso_angular', 'pelvis_linear']",True,Optimization terminated successfully. (HiGHS Status 7: Optimal),0.0,Optimization terminated successfully. (HiGHS Status 7: Optimal),0,True,Optimization terminated successfully. (HiGHS Status 7: Optimal),1e-09,1.0000048844549525e-09,1.0000045236325115e-09,4.6185139691310745e-08,37.663090936267004,141.8624284082105
3.435999999999843,"['reach', 'torso_angular', 'pelvis_angular']",True,Optimization terminated successfully. (HiGHS Status 7: Optimal),2.0010742059800526,Optimization terminated successfully. (HiGHS Status 7: Optimal),0,True,Optimization terminated successfully. (HiGHS Status 7: Optimal),1e-09,2.0010742069800536,2.001074206980052,8.35350395277033e-11,61.118790825952544,150.0
3.435999999999843,"['reach', 'pelvis_linear', 'pelvis_angular']",True,Optimization terminated successfully. (HiGHS Status 7: Optimal),0.7972090441100701,Optimization terminated successfully. (HiGHS Status 7: Optimal),0,True,Optimization terminated successfully. (HiGHS Status 7: Optimal),1e-09,0.7972090451100728,0.79720904511007,8.605490482900316e-10,38.3391197201032,150.0
3.435999999999843,"['reach', 'torso_linear', 'torso_angular', 'pelvis_linear']",True,Optimization terminated successfully. (HiGHS Status 7: Optimal),2.0680065150459264,Optimization terminated successfully. (HiGHS Status 7: Optimal),0,True,Optimization terminated successfully. (HiGHS Status 7: Optimal),1e-09,2.0680065160459287,2.0680065160459282,7.93554371363761e-11,35.63106359411576,149.9999999424436
3.435999999999843,"['reach', 'torso_linear', 'torso_angular', 'pelvis_angular']",True,Optimization terminated successfully. (HiGHS Status 7: Optimal),2.095131929108774,Optimization terminated successfully. (HiGHS Status 7: Optimal),0,True,Optimization terminated successfully. (HiGHS Status 7: Optimal),1e-09,2.095131930108774,2.0951319301087707,9.917675530201093e-09,40.04619364789669,150.0
3.435999999999843,"['reach', 'torso_linear', 'pelvis_linear', 'pelvis_angular']",True,Optimization terminated successfully. (HiGHS Status 7: Optimal),1.0596525757568152,Optimization terminated successfully. (HiGHS Status 7: Optimal),0,True,Optimization terminated successfully. (HiGHS Status 7: Optimal),1e-09,1.0596525767568337,1.0596525767568172,3.377571532532437e-08,70.35756152025924,150.0
3.435999999999843,"['reach', 'torso_angular', 'pelvis_linear', 'pelvis_angular']",True,Optimization terminated successfully. (HiGHS Status 7: Optimal),2.095131929108776,Optimization terminated successfully. (HiGHS Status 7: Optimal),0,True,Optimization terminated successfully. (HiGHS Status 7: Optimal),1e-09,2.0951319301087823,2.095131930108775,9.29827541454635e-10,40.046193647884664,150.0
3.435999999999843,"['reach', 'torso_linear', 'torso_angular', 'pelvis_linear', 'pelvis_angular']",True,Optimization terminated successfully. (HiGHS Status 7: Optimal),2.0951319291517843,Optimization terminated successfully. (HiGHS Status 7: Optimal),0,True,Optimization terminated successfully. (HiGHS Status 7: Optimal),1e-09,2.0951319301517874,2.095131930151787,2.177290064073238e-09,40.046193649531006,150.0
