time_s,variant,task,weight,residual_norm,residual,weighted_squared_residual,cost_share
2.9959999999998916,TaskAuditController,torso,200.0,2.040856027709337,"[1.7574271023916868, -0.14079885328790157, -0.04352653336498913, 0.9706679393623032, 0.23236776037651358, 0.24214335599903336]",833.0186651675067,0.1983595290540356
2.9959999999998916,TaskAuditController,pelvis,100.0,0.9610384627301081,"[-0.27049435726420573, -0.920677658652693, -0.019050496135135833, -0.008997191703383985, 0.047277582881364744, 0.010066662208607247]",92.35949268466493,0.021992767075532268
2.9959999999998916,TaskAuditController,com,2.0,0.9599336744633411,"[0.8336114357425801, -0.47437860877066934, -0.03910970606755136]",1.8429453187373837,0.0004388446271171817
2.9959999999998916,TaskAuditController,posture,1.0,45.130753121608926,"[4.020472347573295, 4.866386196609302, -1.1631354795281839, -1.4596534533592385, -6.140740845151305, -4.467832526466176, 4.368954646101762, 4.7315886673277125, -1.1532736331709348, -1.5538327175009163, -6.420893670100168, -4.384916208434168, 0.37380257733447086, 2.193274851737837, -3.665474045112572, -0.31390288443120906, 1.0617392115078839, 0.11610325438616226, 0.054908036744873545, 0.0020462243906610575, 0.04186150282791955, 0.028306438857697167, -42.0358064471307, 5.1038895837763025, -0.13603916612595002, -2.367323482486628, -0.003444504918070943, 3.3690357623457716, -0.668696262941249]",2036.7848773236135,0.4850019644746526
2.9959999999998916,TaskAuditController,reach,3000.0,0.3721404211533344,"[-0.1023649464945943, 0.06237256657304158, 0.352306079601859]",415.46547916854325,0.09893120074267464
2.9959999999998916,TaskAuditController,acceleration,0.1,6.563502815421608,"[-0.03902079935646149, -0.07824284934974107, -0.0076482215487585145, 0.005574109578813142, -1.9202034765787945, -0.36805143774401616, 2.8143952063349085, 0.19313292895858022, 0.3542875449717382, -1.20608845864619, 0.3093790754144334, -0.07398843107305211, 2.7061972465048663, 0.19430268452577487, 0.35115641494658695, -1.2670112607317308, 0.46939408791838544, -0.07715812021076245, -0.2172609583894399, -0.20733676409170246, 2.3130929077279063, -0.14645530419654212, 0.561343782114408, -0.002006277759857304, 0.14627434975551762, -0.0042027797113376565, 0.059002706432419214, -0.06633917518861303, -1.289710820291959, 1.2580427718129772, -0.42196307461921767, -0.7280446658878881, -0.020705934358604367, 3.175232484195172, -0.6711478809470278]",4.307956920804738,0.0010258165173574712
2.9959999999998916,TaskAuditController,torque,0.001,8.862830105796904,"[0.6936759385963077, -1.0482563355002201, 0.2083214141170673, 3.1087025136274735, 4.862481474077767, 1.032250976180076, 0.5652454817462959, -0.7858341781638954, 0.19862550467554038, 3.118929879983689, 5.049000802870112, 0.9467434351777642, 0.021132835969208067, -0.09095576323437457, -0.8592970801549423, 0.6026260985891151, 1.5389667744622066, 0.15958866392397936, -0.025688975653238907, 0.00013107369183030197, -0.03220336161012014, 0.03992859495165003, -0.7810021733136009, -1.0594588066174246, -0.10637751555459901, -0.44783316294695846, 0.001292463737002161, -0.08580417613039638, -0.03141496538218725]",0.07854975748421995,1.8704374287634322e-05
2.9959999999998916,TaskAuditController,old_body_slack,100000.0,0.0,"[0.0, 0.0, 0.0, 0.0, 0.0, 0.0, 0.0, 0.0, 0.0, 0.0, 0.0, 0.0]",0.0,0.0
2.9959999999998916,TaskAuditController,nominal_torque,1.0,28.444092989396083,"[2.3848594139990626, 3.256683587240868, -1.2336721665172972, 2.962156669424285, -1.4348417185871334, -3.3617989736549383, 2.671185293862867, 3.2607582409446696, -1.2186611954918285, 2.9304773950100165, -1.6884695151337956, -3.3611946480291572, 0.6165522123946302, 2.4467700957511873, -6.065872782626105, -0.15739054428089505, 0.5538062966985503, 0.12400878801036687, -0.08187856125712711, 0.0065173257926277334, -0.01373778143480282, 0.09614654185955604, -25.781002173313603, 4.000396191393245, 0.3004820518987114, -1.6728880300549622, 0.017522554230907372, 0.22332745262944625, 0.0013295442090791726]",809.0664259894113,0.1926559895274618
2.9959999999998916,TaskAuditController,point_slack_0,25000.0,0.009584330679957837,"[3.590685189103431e-06, 1.9249450515855393e-05, 0.003943994466410926, -1.3787390095370045e-06, 1.6074917776936323e-05, 0.0069433163141222835, 4.325558226726545e-06, 5.6752250131172636e-06, 0.00148802679490712, -1.6377508110501719e-06, 1.8657857263413698e-06, 0.005087213012160758]",2.296484864569526,0.0005468420760105444
2.9959999999998916,TaskAuditController,point_slack_1,25000.0,0.013143103348934156,"[6.686690582873444e-05, -1.8490781744048197e-06, 0.0064445613751541245, 7.018424053784954e-05, -4.561468320990466e-06, 0.009379822013862352, 6.701710630871977e-05, 1.4195746210617456e-05, 0.0025403035575545046, 7.099790795986841e-05, 1.0940878034611598e-05, 0.006062616324004126]",4.318529141019105,0.0010283339887065142
2.9959999999998916,PoseOriginController,torso,200.0,2.0371184172456522,"[1.5106417485555874, -0.697788916173209, -0.042496561388059705, 1.1057159471873172, 0.29756913393259, 0.2606577810168331]",829.9702891762863,0.18510450370506262
2.9959999999998916,PoseOriginController,pelvis,100.0,1.2199105630785223,"[1.1229159092033192, -0.4661366395413318, -0.05567971245205236, -0.0005319490399359941, 0.08253372480217847, 0.006778419248500256]",148.81817819105572,0.03319024232022354
2.9959999999998916,PoseOriginController,com,2.0,0.7228718314938807,"[0.7070363236402839, -0.14889123669142212, -0.02178810356704182]",1.045087369534635,0.0002330810890328738
2.9959999999998916,PoseOriginController,posture,1.0,46.54040314640027,"[3.560240107542639, 4.166391561067666, -1.0731292300406396, -1.2978473196088993, -5.877798231434486, -3.7844140083780835, 3.896731664000461, 4.031277101337542, -1.0647331268939118, -1.3700168868789306, -6.165034227924962, -3.7006348646074603, 0.39926924291903143, 2.319335991947425, -3.6365366630876608, -1.3286141198837835, 0.4919420345299319, 0.04906769651629221, -0.1924494302764594, 0.0015800622229912376, -0.001036300158588705, 0.013966142500467446, -43.98339668114083, 4.134558394564063, -0.42487761200775676, -0.5087356479046927, -0.003504754647363724, 4.933344848349164, -0.9481704187937954]",2166.0091250294645,0.4830751767116045
2.9959999999998916,PoseOriginController,reach,3000.0,0.4189035741082885,"[-0.11175452987695908, 0.07124068561401048, 0.39738632860973455]",526.440613202095,0.11740965876462227
2.9959999999998916,PoseOriginController,acceleration,0.1,7.8608532352988245,"[-0.2614990780980774, 0.3560837539781614, 0.010196217544875392, 0.014318718674042259, -1.884990549244388, -0.37105975597348073, 2.3541629663042523, -0.5068617065830545, 0.4442937944592825, -1.0442823248958508, 0.5723216891312523, 0.6094300870150405, 2.2339742644035656, -0.5060088814643956, 0.43969692122361, -1.083195430109745, 0.7252535300935916, 0.6071232236159458, -0.1917942928048794, -0.08127562388211454, 2.3420302897528176, -1.1611665396491166, -0.008453394863544034, -0.06904183562972735, -0.10108311726581531, -0.004668941879007476, 0.016104903445910965, -0.08067947154584275, -3.237301054302084, 0.28871158260073815, -0.7108015205010244, 1.130543168694047, -0.020766184087897148, 4.739541570198564, -0.9506220367995742]",6.1793013586908,0.0013781415144145386
2.9959999999998916,PoseOriginController,torque,0.001,12.684757204667815,"[1.1328008089465846, -2.660906961910232, 0.5897703020347881, 4.14134185651114, 6.533432809967464, 2.6594477541998645, 0.9150406018281497, -2.3994613480373905, 0.5767078551890773, 4.168036378652935, 6.792471158510336, 2.573624836173484, 0.0014219904411934515, -1.1388708327744619, -1.3296086146042723, 0.5162291416361766, 1.7011396457810073, 0.17643950387224142, -0.06729439564007775, 6.592229256911509e-05, -0.04456765882778211, 0.04319480668500475, -0.8848056882292682, -0.9768564470142808, -0.10119430030129137, -0.4506110712242089, 0.0013126526206960695, -0.07086975366108073, -0.03462367752255513]",0.16090306534137203,3.588547980940052e-05
2.9959999999998916,PoseOriginController,old_body_slack,100000.0,0.0,"[0.0, 0.0, 0.0, 0.0, 0.0, 0.0, 0.0, 0.0, 0.0, 0.0, 0.0, 0.0]",0.0,0.0
2.9959999999998916,PoseOriginController,nominal_torque,1.0,28.23341602344153,"[2.8239842843493395, 1.644032960830856, -0.8522232785995764, 3.994796012307951, 0.23610961730256363, -1.7346021956351496, 3.020980413944721, 1.6471310710711746, -0.8405788449782915, 3.979583893679262, 0.05500084050642862, -1.7343132470334375, 0.5968413668666155, 1.3988550262111, -6.536184317075435, -0.24378750123383353, 0.715979168017351, 0.14085962795862894, -0.12348398124396595, 0.0064521743933665466, -0.026102078652464788, 0.09941275359291077, -25.884805688229267, 4.082998550996389, 0.305665267152019, -1.6756659383322126, 0.01754274311460128, 0.2382618750987619, -0.001879167931288707]",797.125780352725,0.17777934208842727
2.9959999999998916,PoseOriginController,point_slack_0,25000.0,0.011417179169882725,"[3.82238167948586e-05, -2.6530219858185844e-05, 0.005667712815584726, 3.564941516761973e-05, -2.90790477405411e-05, 0.008073549748215217, 3.877788720167532e-05, -3.1208098989701036e-05, 0.002355853193218454, 3.568860524951834e-05, -3.426669244844222e-05, 0.005242857512375033]",3.2587995049301,0.0007267952514698583
2.9959999999998916,PoseOriginController,point_slack_1,25000.0,0.013834666238802031,"[8.214400575458094e-05, -2.324665071616322e-05, 0.007303072627947401, 8.489034863411201e-05, -2.5451201765263318e-05, 0.009684954932009264, 8.240070411119383e-05, -9.045852536525925e-06, 0.0030514092059033627, 8.569631556721751e-05, -1.1691313795176862e-05, 0.005909667970777396]",4.784949748476219,0.0010671656082103778
3.019999999999889,TaskAuditController,torso,200.0,1.881142089814141,"[1.728699617324454, -0.004021215226910277, -0.07191713114447781, 0.6837644051693386, 0.21344799949123994, 0.17891657537873829]",707.7391124140629,0.2055979283751155
3.019999999999889,TaskAuditController,pelvis,100.0,0.8146148313929121,"[-0.3170277819411354, -0.7481696161235551, -0.040444066048554425, -0.0028171544977054677, -0.04013093321449368, 0.008876028033348748]",66.35973235253026,0.01927747564024025
3.019999999999889,TaskAuditController,com,2.0,1.2087885308433655,"[1.1614867732290266, -0.32729557628034384, -0.07068092854372748]",2.9223394245969243,0.0008489384310790229
3.019999999999889,TaskAuditController,posture,1.0,39.586412705802374,"[1.2882880287716079, 4.55860911849379, -0.9835668439843013, -2.702070832260898, -7.256810343088878, -3.9462798297248587, 1.6445175928208737, 4.423963998443904, -0.978981157307997, -2.7909410870026012, -7.5691100953509585, -3.8728413093937135, 0.2815389850032445, 1.674099582477377, -5.317778426015783, -1.6809152612457674, 0.7134943644613168, 0.07490519977167154, -0.424326010965144, 0.0005029020867447741, -0.0705685472847212, 0.021651949619406224, -35.810414682382756, 4.821550497593107, 0.1675525277745144, -4.867846494985366, -0.002772190639906927, 0.8537978593257335, -0.23247092736551145]",1567.0840709141119,0.45523729424902426
3.019999999999889,TaskAuditController,reach,3000.0,0.26036629949390955,"[-0.07527495358023617, 0.04231879747014594, 0.24562860309077655]",203.37182973645656,0.05907943499272029
3.019999999999889,TaskAuditController,acceleration,0.1,12.754012091048606,"[-0.04732964787514771, 0.09152625767877226, -0.016616776447335297, -0.0172966723688189, -5.585718445279224, -0.38556223946810664, 6.671196678285136, -0.041093433199546954, 0.3210374036780856, -0.3388435530476549, -0.9563239848590291, -0.04620353563735889, 6.469790551509572, -0.04196605380347344, 0.31755521491546324, -0.21824145433544848, -0.8646940449997799, -0.04043543548958863, -0.2562151046743668, -0.28854716723064694, 2.259180886984883, -5.48112814090033, 0.19432696460519577, -0.04911236685944822, -0.05145942553576273, -0.0014395778154754294, 0.23163372575701988, -0.07692000966946502, -0.7121096682249114, 0.954696170061219, -0.1267253500247758, -2.2468149136767033, -0.023763443320856923, 0.982215358865125, -0.24451549753217186]",16.266482441861406,0.0047254066270118475
3.019999999999889,TaskAuditController,torque,0.001,16.22571916305801,"[2.9568539725245757, -1.8726379033231964, 0.6964180761212833, 6.084613828993128, 8.186334054872642, 1.5358171257143045, 2.543262236841896, -1.6140635283393936, 0.6892044365797767, 6.13824524518859, 8.653776965420823, 1.4678663964352956, -0.7682084675954093, -0.8025585654020185, -3.7145405419884576, -0.47010046403863526, 1.5483859004903004, 0.1551480370182446, -0.45722605979568615, -0.0010417159369074565, -0.14909099832894923, 0.03823754683765399, -0.7625858608588447, -1.027325250692485, -0.10045423192000237, -0.5445557217325051, 0.0016399517064979228, -0.14587988153945125, -0.02711315356802467]",0.2632739623584279,7.648098050052798e-05
3.019999999999889,TaskAuditController,old_body_slack,100000.0,0.0,"[0.0, 0.0, 0.0, 0.0, 0.0, 0.0, 0.0, 0.0, 0.0, 0.0, 0.0, 0.0]",0.0,0.0
3.019999999999889,TaskAuditController,nominal_torque,1.0,29.581619173857213,"[-1.9489581872262014, 2.357786874762851, -0.5326032102863978, 3.828632800698745, 2.038718168665243, -2.364477754112438, -1.8476576266292097, 2.360166544374281, -0.5200978096289186, 3.664153591526167, 2.1022519745138135, -2.364731840843205, -0.22480669797523267, 1.2978024787723426, -10.495680142597411, 2.717817936390607, 0.5810219436008645, 0.12522726978424054, -0.8003279918996702, 0.0010336752909393416, -0.41677098924083045, 0.09831763781783656, -25.762585860858845, 4.054592159140986, 0.31502915751686417, -2.7566804212354827, 0.02160954326163333, -0.16000957952124964, 0.015280412749012082]",875.0721929471167,0.2542081211746546
3.019999999999889,TaskAuditController,point_slack_0,25000.0,0.006486112489469443,"[-6.995926511924566e-05, 6.400673317297618e-05, 0.001779433970096934, -6.71079547443069e-05, 5.366255213239817e-05, 0.004499238892699717, -4.6150532776586395e-05, 3.571742207175019e-05, 0.0009480285407803268, -4.2728960322882e-05, 2.3304404823131135e-05, 0.004211794447903699]",1.0517413806512872,0.00030553044936391705
3.019999999999889,TaskAuditController,point_slack_1,25000.0,0.009412194563207195,"[-1.8079671393127994e-05, 3.44431188129506e-05, 0.003961653385645331, -7.442615842536759e-06, 2.5060137310009534e-05, 0.006608136501287967, 1.5921980173551017e-06, 3.891649354472937e-05, 0.001889161165621499, 1.4356664680861772e-05, 2.765691574114536e-05, 0.0050649409043924684]",2.214735162391677,0.0006433796766354975
3.019999999999889,PoseOriginController,torso,200.0,2.192844643754223,"[1.8831395333400698, -0.5744870396733424, -0.07443684596289248, 0.8737085976816213, 0.3486555901817856, 0.20457148529546165]",961.713526328317,0.22299669386875456
3.019999999999889,PoseOriginController,pelvis,100.0,1.4097000834477706,"[1.3632977536433755, -0.3468484825826517, -0.07954463747835, 0.0014737138722235776, -0.044792204271650427, 0.005816147009597095]",198.72543252726513,0.04607932947601046
3.019999999999889,PoseOriginController,com,2.0,0.8263493049690853,"[0.8240816146325612, -0.04434639044033695, -0.04214337317294804]",1.3657063476457807,0.0003166722646434029
3.019999999999889,PoseOriginController,posture,1.0,42.22157524164145,"[0.16537252619801812, 3.937880134042791, -0.9220550189941714, -2.20311882190828, -6.631213479821264, -3.342874823026113, 0.5077749075618083, 3.8030387775470365, -0.9182610252451224, -2.265868289229967, -6.953255433333968, -3.268581304754254, 0.3125271679864195, 1.8600003312229616, -5.179372450106664, -4.498859490608535, 0.1920195623574943, 0.007323344765033907, -1.1022317897181262, -0.0005096681211629222, -0.18628553143908774, 0.008124138744744783, -39.2912811065788, 3.9327722686306745, -0.17622822873530364, -2.105155567478753, -0.002370388393558992, 3.2479316232399484, -0.594112523612119]",1782.6614158855907,0.41335344793119677
3.019999999999889,PoseOriginController,reach,3000.0,0.32747934275167495,"[-0.08799734502117018, 0.05495646483694422, 0.3106106472272318]",321.72815978720695,0.07460050627647398
3.019999999999889,PoseOriginController,acceleration,0.1,14.089814708613702,"[-0.619353911342286, 0.4745164385326572, 0.012916651864569965, -0.012928048268113619, -5.590401356507228, -0.3884755429217889, 5.548281175711546, -0.6618224176505461, 0.38254922866821556, 0.16010845730496284, -0.3307271215914153, 0.5572014710613867, 5.3330478662505065, -0.662891274700341, 0.3782753469783378, 0.306831343437186, -0.24883938298279015, 0.5638245691498709, -0.2252269216911918, -0.10264641848506231, 2.3975868628940025, -8.299072370263097, -0.32714783749862664, -0.11669422186608584, -0.7293652042887449, -0.0024521480233831256, 0.11591674160265333, -0.09044782054412646, -4.192976092420953, 0.0659179410987859, -0.47050610653459385, 0.5158760138299092, -0.023361641074508988, 3.37634912277934, -0.6061570937787794]",19.852287852306702,0.004603236239898649
3.019999999999889,PoseOriginController,torque,0.001,24.551284998458623,"[4.115909632041935, -3.2637206352825645, 1.0477964150791925, 8.915458628823307, 12.736531548077442, 2.955204501814688, 3.5692657011913176, -3.0057255623720756, 1.0413891918661995, 8.988445774220496, 13.317828160341776, 2.886156267860841, -0.8934085941549119, -1.701312386692122, -4.981738121893802, -0.7246490451721889, 1.6942963633652017, 0.1694370903570511, -0.5793302444953589, -0.0012529857060024098, -0.18527780146678935, 0.041205612512528654, -0.8677551218510211, -0.956427324320074, -0.09659124448706746, -0.5408388665121205, 0.0016427452277375306, -0.12284527057709264, -0.031105073557850853]",0.6027655950755394,0.0001397658774675383
3.019999999999889,PoseOriginController,old_body_slack,100000.0,0.0,"[0.0, 0.0, 0.0, 0.0, 0.0, 0.0, 0.0, 0.0, 0.0, 0.0, 0.0, 0.0]",0.0,0.0
3.019999999999889,PoseOriginController,nominal_torque,1.0,31.956109041842275,"[-0.7899025277088425, 0.9667041428034828, -0.18122487132848852, 6.659477600528923, 6.588915661870043, -0.9450903780120545, -0.8216541622797879, 0.968504510341599, -0.16791305434249582, 6.514354120558073, 6.766303169434766, -0.94644196941766, -0.3500068245347353, 0.39904865748223894, -11.762877722502756, 2.463269355257053, 0.7269324064757657, 0.13951632312304707, -0.9224321765993428, 0.0008224055218443882, -0.45295779237867057, 0.10128570349271124, -25.867755121851022, 4.1254900855133965, 0.31889214494979906, -2.752963566015098, 0.02161233678287294, -0.13697496855889102, 0.011288492759185899]",1021.1929050941137,0.23678843585327147
3.019999999999889,PoseOriginController,point_slack_0,25000.0,0.008740798270271953,"[-2.6201850651784403e-05, 1.0785142539577742e-05, 0.003922561099877165, -2.371403235914526e-05, 1.7543430568187595e-07, 0.006095674985535218, -2.3499938016489503e-06, -4.586528054297022e-06, 0.0018941072786219245, 6.356225209351701e-07, -1.7346801325965072e-05, 0.004502052841813776]",1.9100388600397298,0.0004428890093454883
3.019999999999889,PoseOriginController,point_slack_1,25000.0,0.010822891547888682,"[8.688035869071284e-06, 4.054301177843634e-06, 0.005353595744302573, 1.7709581707540446e-05, -5.601423807728782e-06, 0.00749462390580035, 2.8505596530529765e-05, 1.4594275007202968e-05, 0.0025232320669185434, 3.9331784748257594e-05, 2.9867591177463133e-06, 0.0050926307655817]",2.9283745364340072,0.0006790149271658452
3.0799999999998824,TaskAuditController,torso,200.0,1.7749589711715694,"[1.7454481580756174, 0.1503649436503232, -0.18201256957051437, 0.028652457832948362, 0.21510667792382598, 0.032558237436180804]",630.0958698684872,0.2279047353810392
3.0799999999998824,TaskAuditController,pelvis,100.0,0.6555377367896004,"[-0.55984204388249, -0.2900557113441119, -0.1274468295624822, 0.021058951146079613, -0.12444751133530474, -0.0009683526819466159]",42.97297243552315,0.015543259970103807
3.0799999999998824,TaskAuditController,com,2.0,2.092691928622405,"[2.0838966479154055, -0.040395289297668446, -0.18735658390047388]",8.758719016242722,0.003168015591167592
3.0799999999998824,TaskAuditController,posture,1.0,31.460015523125733,"[-0.05798894039079627, 2.832725951940267, -0.3717358186823509, -4.768248916024016, -12.579546059489331, -1.6334410761152767, 0.6455136383605993, 2.7449264352124976, -0.6867208338475213, -5.107984296505757, -13.528785064310458, -1.9171232294316716, -0.012559498108426215, -0.3990943664822547, -9.515518336247482, -5.140447172435273, -0.34865609646359513, -0.048015930360650494, -1.1802943719350951, -0.0003233856496817646, -0.18918321824393566, 0.0018460970327957016, -18.37632873180224, 3.9461966021007724, 0.8745359929806967, -9.23246441932273, -0.0024816918464965684, -4.252313636967314, 0.8190286879661721]",989.732576715312,0.35798479530008165
3.0799999999998824,TaskAuditController,reach,3000.0,0.013207206715668612,"[-0.011333267166449446, -0.004856976815767133, -0.004732561756108589]",0.5232909276912062,0.00018927354725822084
3.0799999999998824,TaskAuditController,acceleration,0.1,24.22137802265511,"[-0.2862219631853307, 0.34936368659572437, -0.08281885970631972, -0.25380892264453864, -12.065653513154235, -0.729874808242758, 12.363920350190723, -0.04950152629697569, 0.11750628738509411, 3.1630620512656935, -4.532097437005896, -0.3938936552726822, 11.858534198435015, -0.08189749786785716, 0.376743662184456, 3.585035643489175, -4.025706908874466, -0.20645866617552314, -0.452069369716769, 0.2983623519347901, 2.8494254741054332, -8.06128788459454, -0.806656358527943, -0.1552381969945684, -0.6722255613282828, -0.0016056364974714598, 0.2381559149118098, -0.08270058350980983, -2.6311669906658395, 0.08289647507480952, 0.5683742574979043, -1.3776934056848453, -0.025046123737109807, -1.583032894901671, 0.7646213862711329]",58.667515331636004,0.021219952703245396
3.0799999999998824,TaskAuditController,torque,0.001,35.197678879580536,"[8.02752945652326, -2.4221990792880645, 0.25106815090706497, 13.105336025995882, 16.150905137187895, 2.2065872462875418, 6.443516272800185, -2.255045883043229, 0.7741192918288805, 14.308938860792743, 19.63271618309829, 2.6781097757617167, -1.1019676011737876, -1.4669786478821807, -8.826197102777067, -0.743989543229405, 1.4986888975943435, 0.14623796629678484, -0.6689072147295779, -0.001873094413610252, -0.22037325887346387, 0.03464535139499998, -0.6172128156613381, -1.0283081643950664, -0.09582057071750792, -0.6224914440228151, 0.0021727805688998196, -0.21930517291143006, -0.0175238476481637]",1.2388765985100698,0.00044809981600439674
3.0799999999998824,TaskAuditController,old_body_slack,100000.0,0.0,"[0.0, 0.0, 0.0, 0.0, 0.0, 0.0, 0.0, 0.0, 0.0, 0.0, 0.0, 0.0]",0.0,0.0
3.0799999999998824,TaskAuditController,nominal_torque,1.0,32.11504759681551,"[-4.067370822467922, 0.09887310777919556, -0.16445253854236247, 5.271942513726164, 8.25671087246699, 0.9666276808023802, -4.498577548479776, 0.08721969644218319, -0.2049389381607658, 5.704769804765233, 10.282989053595228, 0.9671051954290946, -0.6602241409493131, -1.9956716797294196, -20.152508800297497, 1.4098217401066662, 0.48039012000475356, 0.09987088271909683, -1.1915824576830636, -0.0005082144561600532, -0.6224857448299271, 0.08089952532345966, -15.917908112826517, 4.068694868585515, 0.3361381949752021, -8.12380212615059, 0.023743715675617016, -2.7849070346073157, 0.0679305620483118]",1031.3762821457253,0.3730472613790693
3.0799999999998824,TaskAuditController,point_slack_0,33333.333333333336,0.00537481246289896,"[-0.0007187366383702085, 0.00013158069464920397, -0.003658998623411301, -0.00023019016832381462, 0.00015757067427157935, -0.0014502550211776231, 5.743032975323884e-06, -1.673597375199216e-05, 0.0035756221162181944]",0.9629536337111329,0.00034829889159716543
3.0799999999998824,TaskAuditController,point_slack_1,25000.0,0.004022264405832028,"[-0.00047591434692789984, 0.00017830525229726527, -0.0025107296260664437, -0.0004013488097831112, 0.00010760329828985087, -0.0010619633744766242, -0.00023164055457053977, 5.982005502983111e-05, 0.000964687843368743, -0.00014216381087142442, -2.5068172266353283e-05, 0.0027032272449664238]",0.40446527376058194,0.0001462944856414701
3.0799999999998824,PoseOriginController,torso,200.0,4.025844948847442,"[3.9460226026638052, -0.33053420587979776, -0.2054874761574431, 0.12701868707496763, 0.684493752499316, 0.013775457736156405]",3241.4855104320923,0.4586645092244813
3.0799999999998824,PoseOriginController,pelvis,100.0,2.991341830208031,"[2.9628922211591115, -0.15079167398390292, -0.18147258265054728, 0.01714890427752555, -0.3367712766918185, -0.0040281544005643655]",894.8125945152333,0.12661441126001058
3.0799999999998824,PoseOriginController,com,2.0,2.0183000790370564,"[2.0087332178444175, 0.08500991029146027, -0.17691631841534428]",8.147070418081977,0.0011527961617908776
3.0799999999998824,PoseOriginController,posture,1.0,39.20067221013698,"[-2.8921100137609006, 2.5347940497015324, -0.40001098739461327, -0.7132052731255509, -13.582119729004612, -1.344986216270405, -2.2053749555372946, 2.4470692024191028, -0.7142050682317012, -1.0201598432926913, -14.546972311263989, -1.6358753394581569, -0.06819820648147756, -0.29061535844034286, -8.833505969083214, -20.360652523213297, -1.2994298412546845, -0.2015053379807911, -5.078505005929384, -0.008117949191699192, -0.907235911453405, -0.01997799804814536, -23.312042472295747, 3.4027110752269047, 0.8331056289313198, -5.462533148308438, 0.0031539837413469517, -0.9428579495931806, 0.8867789329167961]",1536.6927017266057,0.21743931959526852
3.0799999999998824,PoseOriginController,reach,3000.0,0.015508705724850615,"[-0.0042920716171144235, -0.0018279671228751404, 0.014790422938214531]",0.7215598597800427,0.0001020994534441039
3.0799999999998824,PoseOriginController,acceleration,0.1,33.7414521659784,"[-1.0308431387916874, 0.5242690859139623, -0.03896403123792848, -0.25875784955130227, -12.277952557166467, -0.7331391951996068, 9.529799276820619, -0.3474334285357103, 0.08923111867283172, 7.218105694164159, -5.534671106521175, -0.1054387954278105, 9.007645604537121, -0.37975473066125215, 0.34925942780027613, 7.67286009670224, -5.043894155827996, 0.0747892237979914, -0.5077080780898203, 0.40684135997670196, 3.531437841269702, -23.281493235372565, -1.7574301033190325, -0.308727604614709, -4.570436195322571, -0.009400200039488887, -0.4798967782976596, -0.10452467859075089, -7.5668807311593484, -0.4605890517990582, 0.5269438934485273, 2.3922378653294465, -0.019410448149266287, 1.7264227924724618, 0.8323716312217568]",113.84855942690086,0.016109371295166746
3.0799999999998824,PoseOriginController,torque,0.001,40.18398691362049,"[9.978071125967183, -2.642549003788233, 0.2512007535883786, 13.818354331727685, 15.53434877252812, 2.866098208662372, 6.139512019642058, -2.5331176298789653, 1.3806370983613467, 16.66210080222635, 24.07201532670365, 3.9628253757879572, -2.9251309182102303, -2.0258925075018626, -10.720559353782486, -3.6978175445549093, 1.422944860858088, 0.12113495773973863, -1.7943691828505968, -0.004150914833381824, -0.5170686165642302, 0.028170374758319825, -0.7872752756790053, -1.008518433545715, -0.09326066284409736, -0.6212872314853001, 0.002093970294834989, -0.1875920097803791, -0.016932952586214557]",1.614752804274023,0.0002284846870694397
3.0799999999998824,PoseOriginController,old_body_slack,100000.0,0.0,"[0.0, 0.0, 0.0, 0.0, 0.0, 0.0, 0.0, 0.0, 0.0, 0.0, 0.0, 0.0]",0.0,0.0
3.0799999999998824,PoseOriginController,nominal_torque,1.0,35.61057696217987,"[-2.116829153023998, -0.12147681672097299, -0.16431993586104882, 5.984960819457966, 7.640154507807214, 1.6261386431772102, -4.802581801637904, -0.1908520503935529, 0.4015788683717004, 8.057931746198841, 14.722288197200589, 2.251820795455335, -2.483387457985756, -2.5545855393491017, -22.046871051302915, -1.544006261218838, 0.40464608326849794, 0.07476787416205062, -2.3170444258040823, -0.002786034875931625, -0.9191811025206935, 0.0744245486867795, -16.087970572844185, 4.088484599434867, 0.3386981028486127, -8.122597913613074, 0.023664905401552187, -2.753193871476265, 0.06852145711026095]",1268.1131915793355,0.17943579040687851
3.0799999999998824,PoseOriginController,point_slack_0,33333.333333333336,0.005972380071122736,"[-0.0009606452446897951, 0.0001787720463677254, -0.004207980586224986, -0.00046240365435019524, 0.00015765149473795197, -0.0013663266114488253, -0.00023978733884675882, -1.1809848644430191e-05, 0.003852825896182056]",1.1889774571314675,0.00016823822290708987
3.0799999999998824,PoseOriginController,point_slack_1,25000.0,0.004901145823709906,"[-0.0007260878245830317, 0.0002042432274338463, -0.003230398619039702, -0.0006532735580815507, 0.00013439332296826692, -0.0019484643643325108, -0.00048176418525971136, 7.421275005808342e-05, 0.0011280797334097, -0.00039438706545255056, -9.607135300331592e-06, 0.0026664008390618345]",0.6005307596317264,8.497404824245971e-05
3.1519999999998745,TaskAuditController,torso,200.0,3.221804528861694,"[3.1467768782927896, 0.049832573440849764, 0.41205059474075273, 0.18232081169196857, 0.5217179371381118, 0.010965314678580196]",2076.0048844387447,0.48324183701239437
3.1519999999998745,TaskAuditController,pelvis,100.0,0.5919172240733156,"[-0.03421424157715336, -0.3453510308757469, 0.4535775576124636, 0.10889287886124999, -0.11086179592230216, -0.006888662389905376]",35.03660001546597,0.008155641193840282
3.1519999999998745,TaskAuditController,com,2.0,3.835893459592372,"[3.8266314519096216, 0.004137477100175757, 0.2663705049040559]",29.428157266687073,0.006850136473204002
3.1519999999998745,TaskAuditController,posture,1.0,30.697338464350384,"[5.347089304429302, 3.1505554821608204, -0.2767385409271687, -1.9055528930902632, -15.484581982335472, -1.635118670437889, 5.77851093924837, 3.019338092542838, -0.3473805956262149, -1.4312010160880204, -14.377152477724366, -1.642801549397018, -1.344446310103974, 0.9151860160935807, -13.225681345173538, -11.001664404984254, -0.0018854874229494722, -0.03136688004255812, -2.6504123518668514, -0.00204016383717405, -0.3627541851211653, 0.00582341858381271, -8.35785422411556, 3.3217689360326927, 0.5086128985738315, 2.7187756300199197, -0.0018261748995219984, 3.015800293201295, 0.4320611992902995]",942.3265887948855,0.21934998094090466
3.1519999999998745,TaskAuditController,reach,3000.0,0.05699523302782248,"[-0.0015421105803827828, 0.007872719996291466, 0.05642781904977057]",9.745369763687359,0.0022684775080587145
3.1519999999998745,TaskAuditController,acceleration,0.1,31.488192682599575,"[-0.3304385908496217, 0.19007423754041022, 0.285645953700526, 0.8265058762385354, -15.001685310905184, -1.3466084830481788, 14.543028593370897, -0.9914049134658818, 0.23030559268063716, 5.095579045923335, -1.3800403155788463, 0.7332384660167474, 13.415325383318592, -0.9926230258106172, 0.19413261381266103, 6.695050293976027, -3.1734275832857004, 0.7133070620127894, 0.4793511073697787, -0.32988499193511744, 4.694470445534136, -11.016862739518032, -0.29610863325329695, -0.10660890749827041, 1.1571813916799456, -0.0012358898283413016, 0.1786049995763552, -0.055034115564436804, -8.545942681156184, -0.4143453436681517, 0.2321073642812763, 6.99165357559097, -0.022043907531520784, 4.344470034002726, 0.3934275203178149]",99.15062784165174,0.02307977784555439
3.1519999999998745,TaskAuditController,torque,0.001,40.75712491874577,"[9.5372506652446, -1.1202683762852619, 0.2104517985882086, 15.959684620238551, 19.404924554135427, 2.2488659008801495, 7.732541100225664, -0.8844594438933188, 0.17657018002902167, 16.6014723954615, 21.946147749418444, 2.236767057916598, -0.9220370382359754, -0.49556392502085356, -10.135110270386406, -0.8750853602483697, 1.513930149890706, 0.15120435188472103, -0.7287592164564923, -0.0022003983636973094, -0.24565060439563502, 0.0379377412775554, -0.5973387329306167, -1.2598944112869794, -0.1282716957863485, -0.49492931777205523, 0.0022424065321231647, -0.1329878703912182, -0.027716398156748638]",1.661143231642247,0.00038667245574257244
3.1519999999998745,TaskAuditController,old_body_slack,100000.0,0.0,"[0.0, 0.0, 0.0, 0.0, 0.0, 0.0, 0.0, 0.0, 0.0, 0.0, 0.0, 0.0]",0.0,0.0
3.1519999999998745,TaskAuditController,nominal_torque,1.0,33.198083029230745,"[0.2103766869250503, 2.7182659801828004, -0.23371368185843913, 8.993116718833994, 5.453663872119918, -0.119941733884672, -0.09874712699554156, 2.6974427132360694, -0.29363915679982, 8.504587613729392, 10.895380823016259, -0.11971776982980575, -2.737392744194878, 0.9086079864794695, -26.750669118225513, -1.7907586674216802, 0.35952798264510766, 0.07454851741586599, -4.59490195341671, -0.0029774806868979, -0.7709940362789225, 0.06142966130102446, -0.41883474322354974, 3.728850397533747, 0.27999122991419906, -4.531126922932879, 0.021404823294925067, -1.3807121583343722, 0.04251372191277367]",1102.1127168156984,0.2565441815001922
3.1519999999998745,TaskAuditController,point_slack_0,50000.0,0.002355006628265394,"[-0.00028056884465611055, 0.00016206351263980354, 0.0009201929878888821, -0.0005723038843626738, -9.430544661536329e-05, 0.0020634661063791008]",0.27730281095869697,6.454913511083091e-05
3.1519999999998745,TaskAuditController,point_slack_1,50000.0,0.002246482592546301,"[-0.00032166329441847807, 0.00017817535182072564, 0.0008218058786451448, -0.0005087358024450056, -8.906522835902958e-05, 0.0019923254437649567]",0.2523342019306774,5.8737069549334665e-05
3.1519999999998745,PoseOriginController,torso,200.0,7.2132999200184065,"[7.0654223028868515, -0.25128409810926305, 0.48872871367523896, 0.34116503413082383, 1.3009313814147418, -0.02622832076610071]",10406.339147227509,0.5847828270114808
3.1519999999998745,PoseOriginController,pelvis,100.0,5.463177972118322,"[5.415210344509177, -0.1480936036140635, 0.49612150387842696, 0.0953321666225242, -0.4945610597336305, -0.007959517565165664]",2984.6313555038855,0.1677209570979315
3.1519999999998745,PoseOriginController,com,2.0,3.962383580831723,"[3.9332835115747375, 0.03508781314292142, 0.47805157105481744]",31.40096728328966,0.0017645731278813268
3.1519999999998745,PoseOriginController,posture,1.0,51.38293381814595,"[0.603775708439084, 3.0800131626621794, -0.4055451430238577, 5.450229229979152, -16.02347911144212, -1.579775817751771, 1.004565009132059, 2.948174798293161, -0.4785848768335602, 5.988412066460535, -14.965475501339123, -1.5889195074448796, -1.3813483380911618, 1.1294088175703372, -12.062316836612368, -36.71198365463355, 0.32759883979683396, -0.08350703182044078, -9.25881619095567, -0.014241862371994797, -1.5852127155383524, 0.009879944211047438, -16.88687477895929, 3.142598923840329, 0.36269847048254017, 10.05934035029053, 0.009786000799656034, 9.364436107429174, 0.30577015605543034]",2640.205887759967,0.14836601432002852
3.1519999999998745,PoseOriginController,reach,3000.0,0.1117528888715448,"[0.010037684551144288, 0.018017089356429872, 0.10983322607986157]",37.46612451340753,0.0021054038216649714
3.1519999999998745,PoseOriginController,acceleration,0.1,53.04351578072968,"[-1.3325549723554821, 0.21495881720730184, 0.5829035016373144, 0.8099532088819932, -15.385257515374736, -1.3495304444330103, 9.79971499738068, -1.0619472329645228, 0.1014989905839482, 12.45136116899275, -1.9189374446854957, 0.7885813187028657, 8.641379453202282, -1.0637863200602942, 0.06292833260531575, 14.114663376524582, -3.761750606900458, 0.7671891039649279, 0.4424490793825911, -0.11566219045836108, 5.857834954095306, -36.72718198916733, 0.033375693966486465, -0.15874905927615307, -5.451222447408872, -0.01343758836316205, -1.0438535308408319, -0.05097758993720208, -17.074963235999913, -0.5935153558605153, 0.0861929361899849, 14.33221829586158, -0.010431731832342752, 10.693105848230605, 0.26713647708294574]",281.3614566380519,0.01581106916630756
3.1519999999998745,PoseOriginController,torque,0.001,44.019659650786984,"[10.744543176896515, -1.133902555312693, 1.5663635306177692, 16.991935792633, 19.605453843379195, 2.197300767440109, 8.136167181795237, -0.9296500640661534, 1.6226112694315435, 17.666250830350705, 22.870773180370257, 2.609851464712389, -3.9774775981086243, -0.5430256504604869, -12.788481424344745, -5.997622299975297, 1.617730262733996, 0.14171012540887334, -2.6754392359638643, -0.006066942297317252, -0.7573815121568889, 0.03986234964440614, -1.0086829432002207, -1.2826519251879454, -0.12943902991291045, -0.5060077462115162, 0.002232861089447554, -0.07245652127611443, -0.02892402789648651]",1.9377304357711238,0.00010889050089419047
3.1519999999998745,PoseOriginController,old_body_slack,100000.0,0.0,"[0.0, 0.0, 0.0, 0.0, 0.0, 0.0, 0.0, 0.0, 0.0, 0.0, 0.0, 0.0]",0.0,0.0
3.1519999999998745,PoseOriginController,nominal_torque,1.0,37.564950488705065,"[1.4176691985769665, 2.7046318011553696, 1.1221980501711215, 10.025367891228443, 5.654193161363686, -0.17150686732471243, 0.3048789545740318, 2.6522520930632347, 1.152401932602702, 9.569366048618598, 11.820006253968073, 0.25336663696598505, -5.792833304067527, 0.8611462610398362, -29.404040272183853, -6.913295607148608, 0.4633280954883976, 0.0650542909400183, -6.5415819729240825, -0.006844024620517843, -1.2827249440401762, 0.06335426966787519, -0.8301789534931537, 3.706092883632781, 0.2788238957876371, -4.54220535137234, 0.021395277852249456, -1.3201808092192684, 0.0413060921730358]",1411.1255052188628,0.0792980077369229
3.1519999999998745,PoseOriginController,point_slack_0,50000.0,0.002800609395042833,"[-0.0005241217711217549, 0.0001573919746063261, 0.0011536112670557325, -0.0010617266588207254, -9.986693824777977e-05, 0.002252971650972191]",0.39217064918010913,2.2037976819117217e-05
3.1519999999998745,PoseOriginController,point_slack_1,50000.0,0.002682396081890276,"[-0.0007299967912483992, 0.00017239701011058145, 0.001065372102279093, -0.0008416939769522281, -9.406677123687871e-05, 0.0021863937594150586]",0.35976243700701516,2.021680170029371e-05
3.2399999999998648,TaskAuditController,torso,200.0,5.202843048361845,"[5.1037460513598, 0.020086757094623223, 0.4490371446980061, 0.23586918979045984, 0.8737081275714533, -0.01772081009657045]",5413.915157177435,0.5229645606934246
3.2399999999998648,TaskAuditController,pelvis,100.0,1.5064980933662417,"[1.3838568841368506, -0.3496627494445563, 0.4468125140295763, 0.0954508011534515, 0.15315773251448217, 0.0017383989181570803]",226.95365053161214,0.02192289917781282
3.2399999999998648,TaskAuditController,com,2.0,4.029153314312557,"[4.026970810585424, 0.04462757688318054, 0.12486352674169779]",32.46815286047173,0.003136305761033755
3.2399999999998648,TaskAuditController,posture,1.0,48.86037504507243,"[20.95544934231364, 2.544073146335072, 0.16110071560770323, 7.638439178711016, -17.75502745287069, -1.1365667682575662, 20.904882884261276, 2.3963166135102902, 0.10574615958084499, 8.458462789220441, -15.805713458138214, -1.0359673490269024, -1.7737714802585618, 1.1574739860377108, -7.432060501548716, -22.593777945522756, 0.2672466529097415, -0.035761855219081304, -4.609612349860431, -0.004476144692682307, -0.6721891689144339, 0.007706112226515988, -9.448981497792424, 2.3008904604012126, 0.18715609999404245, 8.221429128543138, 0.005511260602840462, 6.886963779936483, 0.11618064584977207]",2387.3362495451365,0.23060801965388875
3.2399999999998648,TaskAuditController,reach,3000.0,0.08276471580206955,"[0.009785249772215288, 0.014110094592808542, 0.08096389503522355]",20.549994545392025,0.0019850549108505347
3.2399999999998648,TaskAuditController,acceleration,0.1,15.10025462663586,"[-0.7440099256207918, 0.12496060178670888, -0.09935065086259248, 0.9167208067053115, -4.949317847281796, -0.874487411030624, 2.9204477009818826, -1.1406235142115035, 0.6502196813559226, 4.024713571309707, -1.7166325982603376, 0.8458549789325174, 2.391995608139583, -1.129775710884925, 0.640566556540659, 4.696671351036777, -3.5118038575946255, 0.7643456842909856, 0.9979100710038432, -0.3275989411778331, 3.748820031888326, -2.5672545721402975, -0.13863847534835932, -0.1345412383287519, -3.4055566169646485, -0.005574297539192066, -0.24619990461780716, -0.0732703858505172, -4.000143974812633, -1.3273269980992226, -0.05794216810925242, 6.871720059828427, -0.009310225449553528, 5.513051698565271, 0.104275890170559]",22.801768978923768,0.0022025681509410125
3.2399999999998648,TaskAuditController,torque,0.001,34.08101506447989,"[4.9018698111149055, -0.6984242886326665, 0.13346295696741822, 13.01493299758655, 19.370787931477135, 1.49793574042092, 4.082279617485124, -0.4324783210202091, 0.14757264200487674, 12.789439148940131, 19.639698257392123, 1.3111940186919508, -0.2523479816284589, 0.38807638346503814, -4.117049638951897, 0.6550957365952232, 1.462228644894171, 0.15261927336997658, -0.15514182995721715, -0.0006033423364293537, -0.07981663621517139, 0.038253134890816345, 0.6853013481137857, -1.3960111663150598, -0.1506719333157551, 0.09679179858958119, -1.3041821702597408e-05, 0.05190952230619569, -0.03592628607287799]",1.1615155878253056,0.00011219819141796682
3.2399999999998648,TaskAuditController,old_body_slack,100000.0,0.0,"[0.0, 0.0, 0.0, 0.0, 0.0, 0.0, 0.0, 0.0, 0.0, 0.0, 0.0, 0.0]",0.0,0.0
3.2399999999998648,TaskAuditController,nominal_torque,1.0,47.39598077491818,"[22.11674946015127, 2.7417848590742846, -0.3017272509187415, 16.494288635240213, 3.480386164848902, -0.484741230268926, 21.696047743111713, 2.724190078146827, -0.32872443312367733, 16.40496922963142, 7.492024257207619, -0.4893212722807416, -3.02679665414685, 1.765215282985074, -14.07202739237214, -20.157108070393335, 0.4410070434350073, 0.10226641201923677, -1.3719162062789279, 0.0006555472202809373, -0.47957785116842316, 0.082557928817013, -5.0578541405966995, 3.488634736499262, 0.22550884589348494, 1.5895726904557677, 0.014099749565236498, 1.4856120927651837, 0.007323574015880609]",2246.378993616414,0.21699206017111272
3.2399999999998648,TaskAuditController,point_slack_0,50000.0,0.002909808040854245,"[-0.0007755150682289201, 3.442950193653408e-05, 0.0015030370363801658, -0.0007473313641529081, -2.3785744365302422e-05, 0.002246371198345052]",0.42334914173100097,4.089399103932711e-05
3.2399999999998648,TaskAuditController,point_slack_1,50000.0,0.002708675258506324,"[-0.0008998064049079293, 4.1889258905225016e-05, 0.0013785108898341975, -0.0005791961339324452, -7.974184388520195e-06, 0.002071157009294301]",0.366846082802215,3.5436000558749875e-05
3.2399999999998648,PoseOriginController,torso,200.0,8.067435985152713,"[7.913703885317745, -0.15937504286612714, 0.3684828519585889, 0.361243071492031, 1.4705460930759435, -0.051301120900999614]",13016.704674907385,0.5504640449056035
3.2399999999998648,PoseOriginController,pelvis,100.0,6.016202872267167,"[6.010611769366697, -0.08686312043761815, 0.1843640129145652, 0.09631565334013581, -0.12816735649615385, 0.002071455183264903]",3619.469700027571,0.15306392679640513
3.2399999999998648,PoseOriginController,com,2.0,4.12838829986376,"[4.114241464359609, -0.023550557523600423, 0.34066478925244104]",34.08717990890397,0.0014415143771565832
3.2399999999998648,PoseOriginController,posture,1.0,64.36893568906632,"[17.176327161318127, 2.669306777207468, 0.0409082386424533, 13.405486035911972, -17.85601175094464, -1.279351236294108, 17.092269370538894, 2.5211187478335115, -0.01523869968414926, 14.295357535746064, -15.97816143404778, -1.1798774428731809, -1.7967183964069018, 1.2843027992262623, -6.552987208822343, -42.707646140814596, 0.8305228053081803, -0.040557063492825327, -9.735290647749572, -0.01375940664807602, -1.6134248625264973, 0.01667124248741017, -16.237576276088802, 2.4984569056089225, 0.07301023714733715, 14.087046707473029, 0.014622400448506274, 11.970238703547263, -0.03833818723027649]",4143.359881743156,0.17521874368100532
3.2399999999998648,PoseOriginController,reach,3000.0,0.13264142123139414,"[0.02018362556419606, 0.02360936179483425, 0.1289533478472315]",52.78123987885241,0.002232068370949099
3.2399999999998648,PoseOriginController,acceleration,0.1,35.56321444777277,"[-1.5297762637801127, 0.022703813973723543, 0.18848961312340892, 0.9145854116383065, -5.23063477458905, -0.875431392458467, -0.8586744800136284, -1.0153898833391077, 0.5300272043906726, 9.791760428510663, -1.8176168963342867, 0.7030705108959755, -1.420617905582798, -1.0049735765617034, 0.5195816972756647, 10.5335660975624, -3.684251833504192, 0.620435590444707, 0.9749631548555034, -0.2007701279892814, 4.627893324614699, -22.681122767432136, 0.4246376770500795, -0.13933644660249592, -8.531234914853789, -0.01485755949458578, -1.1874355982298705, -0.06430525558962302, -10.788738753109012, -1.1297605528915127, -0.17208803095595773, 12.73733763875832, -0.00019908560388771622, 10.59632662217605, -0.050242942909489566]",126.4742221858274,0.005348474414949875
3.2399999999998648,PoseOriginController,torque,0.001,36.17288139814877,"[5.607152244299739, -0.39437794252032815, 1.2880886325234844, 14.144605578736993, 20.317507087970036, 1.0210422819374079, 4.662974015063433, -0.12840445490647814, 1.3296567202025984, 13.433385027299325, 19.798650337552658, 0.8194836100792522, -2.605635625591123, 0.7676007404672331, -6.202506474050783, -3.342907088492232, 1.5311831144652095, 0.14462057893444372, -1.6763145858380653, -0.00362162105239784, -0.47983196374992304, 0.04021629006735447, 0.3566529059948248, -1.4370951260187763, -0.153691278293, 0.08787121732062798, -1.8288085630921183e-07, 0.10037696346250607, -0.037333242883266775]",1.3084773486445371,5.533426101236766e-05
3.2399999999998648,PoseOriginController,old_body_slack,100000.0,0.0,"[0.0, 0.0, 0.0, 0.0, 0.0, 0.0, 0.0, 0.0, 0.0, 0.0, 0.0, 0.0]",0.0,0.0
3.2399999999998648,PoseOriginController,nominal_torque,1.0,51.49364175153038,"[22.822031893336103, 3.045831205186623, 0.8528984246373247, 17.623961216390658, 4.427105321341802, -0.9616346887524381, 22.276742140690022, 3.028263944260558, 0.8533596450740444, 17.04891510799061, 7.650976337368155, -0.9810316808934403, -5.380084298109514, 2.144739639987269, -16.157484227471027, -24.15511089548079, 0.5099615130060458, 0.0942677175837039, -2.893088962159776, -0.002362731495687549, -0.8795931787031748, 0.08452108399355113, -5.386502582715661, 3.447550776795546, 0.22248950091624004, 1.5806521091868144, 0.014112608506082785, 1.534079533921494, 0.005916617205491824]",2651.5951408349533,0.11213343339422711
3.2399999999998648,PoseOriginController,point_slack_0,50000.0,0.0032545258607925053,"[-0.0009653283125670438, 3.0972539140905674e-05, 0.0015845449559946214, -0.0010979106766454574, -2.8762271339408648e-05, 0.0024376428552251336]",0.5295969289283599,2.2396149789698186e-05
3.2399999999998648,PoseOriginController,point_slack_1,50000.0,0.003080271580162239,"[-0.001217380174737492, 3.721815821766046e-05, 0.001477636421386541, -0.0008132359181059933, -1.2110582956879317e-05, 0.002271511524928918]",0.4744036503777588,2.0062078600303107e-05
3.319999999999856,TaskAuditController,torso,200.0,7.077979765837623,"[6.963861246381535, -0.00812521139389756, 0.37617046503044876, 0.2836436616053163, 1.173855027820052, -0.049744505460587285]",10019.559513121363,0.5652640037764258
3.319999999999856,TaskAuditController,pelvis,100.0,2.6945766730907117,"[2.6359364211276786, -0.3758734525946949, 0.398891157705742, 0.08024885908066381, 0.0756283825328361, 0.005300117701335871]",726.0743447164608,0.040962248948797686
3.319999999999856,TaskAuditController,com,2.0,4.273653103630636,"[4.273072895914117, 0.04315577565732703, 0.05564580310608744]",36.52822170034353,0.0020607781032817747
3.319999999999856,TaskAuditController,posture,1.0,61.92406230214722,"[24.43601730352911, 1.9740864825743947, 0.3904724697164941, 13.012260289071728, -18.995937786909153, -0.7734672206105544, 24.336006418092694, 1.8222861559994423, 0.35483400926931297, 13.901840327365393, -16.96297713895514, -0.6529945193593067, -1.9320848106094117, 1.2305401832601943, -6.379950963353869, -34.05048182470154, 0.2695849604925629, -0.06811999808010859, -7.129133813196996, -0.00838081546511277, -1.1155322349460883, 0.001270596416701117, -9.084683067906372, 1.5536559039643947, -0.07077491392531471, 13.223999207712733, 0.010772955031361237, 10.39989835139131, -0.15856934933557418]",3834.58949200021,0.21633240525678535
3.319999999999856,TaskAuditController,reach,3000.0,0.10662680312861085,"[0.020293419043020844, 0.01959542618403276, 0.10282738721584839]",34.10782543628262,0.001924228898583019
3.319999999999856,TaskAuditController,acceleration,0.1,14.036387706793855,"[-0.7898698851502, 0.06601551205199456, -0.19366483848444682, 0.8575997960396079, -3.163627839342799, -0.8869400372817685, 1.547800951390707, -1.0176247523252446, 0.7082842933085051, 2.5633112118350367, -1.6347685950419977, 0.626918123420996, 0.9645188490905511, -1.0066558836331745, 0.7007030020526412, 3.365749324528464, -3.4950053316059013, 0.5737202664108385, 1.0834935406702857, -0.275886628618837, 4.733586082523454, -1.814198091782182, -0.1595662799314166, -0.16976294579482354, -5.746539228561546, -0.009090631537229964, -0.5884158004345102, -0.08258102585245898, -3.7741450627172357, -1.7331984706237578, -0.2829001983653625, 6.321510775446065, -0.00288594815583374, 5.2212023967236005, -0.13656043684793837]",19.702017985543367,0.001111510097265141
3.319999999999856,TaskAuditController,torque,0.001,31.745279970289182,"[3.065828886576023, -0.3993968678579895, 0.17188033974290484, 11.545986307848338, 19.535451771160385, 0.8586117350249997, 2.526121724511832, -0.12511370462027915, 0.1992906633228749, 10.82928083968551, 18.651847926320272, 0.6762517766127175, -0.20914221035530087, 0.644058699416711, -2.1853999701846134, 0.3572391096618715, 1.4034074655183544, 0.1441098217307654, -0.24834372187108875, -0.0006362501902442241, -0.09562718838961108, 0.03624210727545277, 0.7868176360672793, -1.5248115923554968, -0.16420235907308053, 0.17709264621510096, -0.0009513127369213655, 0.07644115204996044, -0.04372662011446556]",1.0077628003920436,5.685399988497974e-05
3.319999999999856,TaskAuditController,old_body_slack,100000.0,0.0,"[0.0, 0.0, 0.0, 0.0, 0.0, 0.0, 0.0, 0.0, 0.0, 0.0, 0.0, 0.0]",0.0,0.0
3.319999999999856,TaskAuditController,nominal_torque,1.0,55.252812364724385,"[24.631502092863336, 2.409234572218375, -0.1014613117814917, 21.69122370630781, 2.316164960655236, -0.5418814927592838, 24.504180598869496, 2.397187866604047, -0.10003624021102778, 21.04798132796089, 5.323052172874188, -0.5505381566208486, -3.233060912956445, 1.9536750020173448, -12.301503872075392, -24.642760890338128, 0.41677193346905494, 0.09880340239509393, -1.5469509017479892, 0.00047847110546759696, -0.5757423239752665, 0.08379962325850968, -4.888126935000613, 3.03893981142111, 0.17697305057666865, 7.183615262950594, 0.012586577451440619, 5.07644115204996, -0.03378883194039313]",3052.87327421144,0.17223106142968647
3.319999999999856,TaskAuditController,point_slack_0,50000.0,0.0032617125956415915,"[-0.0009920010046056656, 7.081266054534954e-06, 0.0018666840568951845, -0.0008317697948063743, -2.595552130243147e-05, 0.002340433479121857]",0.5319384528283504,3.0009868119912897e-05
3.319999999999856,TaskAuditController,point_slack_1,50000.0,0.0030879596767936965,"[-0.0011927143530374095, 1.5452333270306148e-05, 0.0017658776224194093, -0.0005991721684150893, -1.1159147115900994e-05, 0.002152959143046999]",0.47677474827519156,2.689774962228601e-05
3.319999999999856,PoseOriginController,torso,200.0,8.781108040376518,"[8.620980833089664, -0.12888019213179383, 0.2995080670328957, 0.3660804645164147, 1.5939240373815808, -0.0749930842192057]",15421.571683353028,0.5366843835591829
3.319999999999856,PoseOriginController,pelvis,100.0,6.5875479340862775,"[6.585881935164493, -0.06521712569238433, 0.03845307715646426, 0.08564718898536106, -0.09402296553390199, 0.006264846615548714]",4339.578778388439,0.15102119352075877
3.319999999999856,PoseOriginController,com,2.0,4.345190676195504,"[4.338527986301882, -0.07387354749764924, 0.22890964058288704]",37.76136402499267,0.0013141289869944557
3.319999999999856,PoseOriginController,posture,1.0,73.58923006960762,"[21.695833224089082, 2.195425571618018, 0.2946713298811592, 17.119985518258474, -19.00329800756877, -1.0089660092392096, 21.558665524974323, 2.0429933757476726, 0.2569042759117486, 18.087289524875537, -17.042011623564143, -0.8891657431637874, -1.9517222549218884, 1.3046778432827721, -5.789594302620111, -48.452011000232645, 0.7979685562366385, -0.05533161451531067, -10.754164658612533, -0.014927231625616195, -1.7739769504549323, 0.009420765061923159, -13.859912960496414, 1.9149303261693624, -0.14024342414319207, 17.32989896067908, 0.01612341021900466, 13.959701157653377, -0.29128077075870107]",5415.374782237643,0.18845984938645646
3.319999999999856,PoseOriginController,reach,3000.0,0.143690410906015,"[0.02828955681312184, 0.02678476196562596, 0.13830839341161238]",61.94080255901831,0.0021555949108891365
3.319999999999856,PoseOriginController,acceleration,0.1,27.954400531074494,"[-1.3491034742300316, -0.092316970124349, 0.020819505765741618, 0.8610042178200292, -3.333333391660164, -0.8866434003009818, -1.192383128049322, -0.7962856632816215, 0.6124831534731702, 6.6710364410217835, -1.6421288157016158, 0.3914193347923407, -1.8128220440278182, -0.7859486638849443, 0.6027732686950769, 7.5511985220386055, -3.5740398162149067, 0.3375490426063578, 1.063856096357809, -0.2017489685962593, 5.323942743257211, -16.21572726731328, 0.3688173158126591, -0.15697456223002562, -9.371570073977082, -0.01563704769773339, -1.2468605159433543, -0.07443085720723694, -8.549374955307279, -1.37192404841879, -0.3523687085832399, 10.42741052841241, 0.0024645070318096815, 8.78100520298567, -0.26927185827106526]",78.1448509051738,0.0027195101768802896
3.319999999999856,PoseOriginController,torque,0.001,33.19014022948366,"[3.450764859570369, -0.044450933741935365, 1.0234642611225762, 12.523389866794746, 20.672050352275964, -0.052157978171289754, 3.0450742562241127, 0.23245209295242372, 1.0716114793155755, 11.140518854444885, 18.390259661662977, -0.2441107019166444, -1.8815621798021063, 1.2167793968837357, -3.667538818238102, -2.5104693718112756, 1.4242812312965039, 0.13533221855759986, -1.3389557320410401, -0.0028000248588678817, -0.3822662767549432, 0.03712368629309484, 0.5578795257285972, -1.5700584956331927, -0.16764017285398583, 0.17111759207713095, -0.0009446882474368199, 0.11038647935593437, -0.044887103803701485]",1.1015854084527898,3.8336150037901584e-05
3.319999999999856,PoseOriginController,old_body_slack,100000.0,0.0,"[0.0, 0.0, 0.0, 0.0, 0.0, 0.0, 0.0, 0.0, 0.0, 0.0, 0.0, 0.0]",0.0,0.0
3.319999999999856,PoseOriginController,nominal_torque,1.0,58.12267630904158,"[25.016438065857685, 2.764180506334429, 0.7501226095981797, 22.668627265254216, 3.452763541770814, -1.4526512059555732, 25.023133130581776, 2.75475366417675, 0.7722845757816729, 21.359219342720266, 5.0614639082168935, -1.4709006351502105, -4.905480882403251, 2.5263956994843695, -13.78364272012888, -27.510469371811276, 0.4376456992472044, 0.0900257992219284, -2.6375629119179407, -0.0016853035631560606, -0.8623814123405986, 0.08468120227615175, -5.117065045339294, 2.993692908143414, 0.17353523679576335, 7.177640208812624, 0.012593201940925164, 5.110386479355935, -0.03494931562962905]",3378.245501325623,0.11756594215021818
3.319999999999856,PoseOriginController,point_slack_0,50000.0,0.0035064156067278088,"[-0.0011284999535289835, 6.346128726742572e-06, 0.0018676264007179589, -0.001068036202242543, -2.7802533375358795e-05, 0.002528219789855726]",0.6147475203552173,2.139375938981092e-05
3.319999999999856,PoseOriginController,point_slack_1,50000.0,0.003361860822805437,"[-0.0014208020319736953, 1.3657800709030882e-05, 0.0017868241897264275, -0.0007554088109067262, -1.2385590182323582e-05, 0.0023494056020410942]",0.5651054095957024,1.9666169870494544e-05
3.399999999999847,TaskAuditController,torso,200.0,8.627986985811459,"[8.499660740791763, -0.03186326927651362, 0.2962906044967014, 0.3212202866661839, 1.413887239670904, -0.08284762798665449]",14888.431885466383,0.5937246085162696
3.399999999999847,TaskAuditController,pelvis,100.0,3.758973402590969,"[3.718391585378632, -0.4098236156768313, 0.35850769602569077, 0.07374563359715924, -0.03739368491171868, 0.011188786784485871]",1412.9881041386327,0.05634749283346546
3.399999999999847,TaskAuditController,com,2.0,4.564344826169317,"[4.5641241626752205, 0.025751501766522633, 0.03675840066709038]",41.666487384357225,0.0016615865996387736
3.399999999999847,TaskAuditController,posture,1.0,72.77439028398835,"[25.658395634121998, 1.677936320273475, 0.5820980437811496, 16.95827252882296, -20.409380121728397, -0.5412364027678591, 25.492573607641134, 1.5220843109763313, 0.5577907599651493, 17.854863983922936, -18.35984763213886, -0.42364844137485724, -1.725006978985804, 1.279247218274537, -5.796265898219475, -44.27311960514064, 0.06154538210687821, -0.11743236688911977, -9.454169097737653, -0.01172868587792993, -1.5168784462876022, -0.010988559025167932, -8.294377401964026, 0.9455871883973588, -0.25942934582122346, 17.07251819580793, 0.00869358339320674, 13.047065280925736, -0.392074910039727]",5296.111881206258,0.2111996735127656
3.399999999999847,TaskAuditController,reach,3000.0,0.12635340068570375,"[0.029890443985393533, 0.024107141370911744, 0.12037686222078114]",47.895545594526,0.0019099905400744158
3.399999999999847,TaskAuditController,acceleration,0.1,14.028901982574984,"[-0.6455499376162722, 0.03633120084261389, -0.19454136472912778, 0.7911737922532794, -3.041649954681816, -0.7763449855604906, 1.8400742866512618, -0.9333229900181961, 0.7724948548265461, 2.059461359394527, -1.6239569523854045, 0.4023610946752491, 1.3652248790376145, -0.922680536284734, 0.7648751022872622, 2.7411711197185693, -3.404843753587089, 0.3770684460828285, 0.859483177083593, -0.2468481136860491, 5.306664570083227, -0.543706197453626, -0.3498733672853683, -0.21174432106056928, -6.832947815457916, -0.011919147899501228, -0.8897419970205607, -0.08953372512839976, -3.6077489841080603, -1.6237958636867265, -0.4514906914594909, 5.877218450458479, -0.0031967744029279205, 4.8992191743038385, -0.3430043450237269]",19.681009083669633,0.0007848442000674043
3.399999999999847,TaskAuditController,torque,0.001,30.68897885252963,"[2.0859673714167397, -0.21411838547431433, 0.13052522514926052, 10.583709736935308, 19.693941722710584, 0.4771548409020615, 1.7762532040278138, 0.06556426194631368, 0.16115594382037277, 9.696228794803327, 18.240548172016357, 0.3251186511675259, -0.1050977196028713, 0.6972559119603913, -1.3340067471237547, 0.07034189970325946, 1.3379170548648982, 0.13461437173467128, -0.33433630815272364, -0.0007965645989747854, -0.11288057604495186, 0.0333445124060853, 0.7571529231359932, -1.5552976829161602, -0.16170606683182073, 0.1928043877297537, -0.001912177645914479, 0.08101312772739958, -0.04711980809403163]",0.9418134230110108,3.755787111592537e-05
3.399999999999847,TaskAuditController,old_body_slack,100000.0,0.0,"[0.0, 0.0, 0.0, 0.0, 0.0, 0.0, 0.0, 0.0, 0.0, 0.0, 0.0, 0.0]",0.0,0.0
3.399999999999847,TaskAuditController,nominal_torque,1.0,58.028966221584575,"[24.21048912125883, 2.267088729867987, -0.023737753991187965, 25.027302634028857, 1.044752226384528, -0.46649824780931515, 24.146849537291146, 2.2577329307546665, -0.009441342202720637, 24.340233534735244, 3.418407650002173, -0.4756300164375943, -2.7012937497299574, 2.002516259231268, -11.560690290113323, -24.92965810029674, 0.342080904414622, 0.08364176565931587, -2.761974033223441, 7.489620247144398e-05, -0.6697428798443636, 0.07593090752600422, -4.33639493188421, 2.312105593965608, 0.15558968717417435, 11.455342155893632, 0.01069169379819513, 5.0810131277274, -0.06357109029296801]",3367.360920745804,0.13428446056528132
3.399999999999847,TaskAuditController,point_slack_0,50000.0,0.0036055168046329514,"[-0.001138885849151377, -1.3392042930971081e-05, 0.002176896139392338, -0.0008870718964303512, -1.7375221959807605e-05, 0.002485243620815379]",0.6499875714245305,2.5920366856175557e-05
3.399999999999847,TaskAuditController,point_slack_1,50000.0,0.003459518210644336,"[-0.0013975115887869876, -4.233795878507655e-06, 0.0020956440018982778, -0.0006028598491031153, -2.317808924103701e-06, 0.00229347782447689]",0.5984133124889894,2.3863675665888956e-05
3.399999999999847,PoseOriginController,torso,200.0,9.499796241775089,"[9.33214735863047, -0.12379942079494416, 0.26710351517594916, 0.3709209452547761, 1.7095517377217688, -0.10165744471371699]",18049.225727048823,0.5367680129319283
3.399999999999847,PoseOriginController,pelvis,100.0,7.197962803704338,"[7.196026744403464, -0.06019817263856331, -0.04450097092634521, 0.08050785983025854, -0.12503282446258046, 0.012195829259942115]",5181.066852351121,0.15408034678386784
3.399999999999847,PoseOriginController,com,2.0,4.61782809070829,"[4.613208946542276, -0.11335522340860343, 0.17259804229151393]",42.64867255066914,0.0012683338091838594
3.399999999999847,PoseOriginController,posture,1.0,81.40596929333937,"[23.669179023399305, 1.9441198640735555, 0.5035038871483526, 19.880172291760573, -20.37908886392229, -0.8186513208454617, 23.467224269849275, 1.7874262140871953, 0.4758010799592438, 20.85308574258652, -18.396085053016122, -0.7013507643306514, -1.741399820896079, 1.3219270787449826, -5.412711684618991, -54.50389172937456, 0.5497385999480361, -0.09385129573595481, -11.992952615342794, -0.01631274156495166, -1.9719046460262906, -0.0034010273080273545, -11.58122870905839, 1.3740664316625208, -0.2933833332644985, 19.87477015923158, 0.011082814502726062, 15.47405973048702, -0.49466215121966955]",6626.931836588113,0.19707909289593392
3.399999999999847,PoseOriginController,reach,3000.0,0.1526907761762729,"[0.03601777964299391, 0.02928824713645528, 0.1454626799511659]",69.94341938793801,0.002080055444498372
3.399999999999847,PoseOriginController,acceleration,0.1,22.447741469288886,"[-1.0392620811987545, -0.14629089430275782, -0.03969468206612908, 0.7968335257932349, -3.129369013232809, -0.7755114373768001, -0.14914232407142947, -0.6671394462181154, 0.6939006981937491, 4.981361122332137, -1.5936656945792993, 0.12494617659764663, -0.6601244587542421, -0.6573386331738702, 0.6828854222813567, 5.739392878382152, -3.4410811744643492, 0.09936612312703443, 0.8430903351733181, -0.20416825321560336, 5.6902187836837115, -10.774478321687543, 0.13831985055578963, -0.18816324990740432, -9.371731333063057, -0.01650320358652296, -1.3447681967592489, -0.08194619341125918, -6.8946002912024245, -1.1953166204215644, -0.4854446789027659, 8.679470413882125, -0.0008075432934085961, 7.326213623865122, -0.44559158620366945]",50.390109707203194,0.0014985573047836128
3.399999999999847,PoseOriginController,torque,0.001,31.750453563589435,"[2.2693432773060294, 0.155482307373753, 0.7417421455006099, 11.397456534196124, 20.86883868293534, -0.6333542207862636, 2.222059742781879, 0.437623729510767, 0.7833716449562914, 9.807724815573247, 17.743582039875154, -0.7916801626604548, -1.2859288404872153, 1.3520619314114812, -2.378628931085572, -1.9741778933453678, 1.330765411590846, 0.1260778421423544, -1.1110510054291187, -0.0023367245539076477, -0.3168265334291977, 0.033623454826142825, 0.6020085547925754, -1.6004756727862197, -0.16507201070519786, 0.18900736999067017, -0.0019199483522788726, 0.10415903175946206, -0.04796996385039937]",1.0080913014936492,2.9979743892603145e-05
3.399999999999847,PoseOriginController,old_body_slack,100000.0,0.0,"[0.0, 0.0, 0.0, 0.0, 0.0, 0.0, 0.0, 0.0, 0.0, 0.0, 0.0, 0.0]",0.0,0.0
3.399999999999847,PoseOriginController,nominal_torque,1.0,60.02625811329147,"[24.39386502714812, 2.636689422716054, 0.5874791663601614, 25.841049431289676, 2.219649186609285, -1.5770073094976402, 24.592656076045213, 2.62979239831912, 0.612774358933198, 24.451729555505164, 2.92144151786097, -1.592428830265575, -3.8821248706143017, 2.657322278682358, -12.60531247407514, -26.974177893345367, 0.33492926114056987, 0.075105236066999, -3.538688730499836, -0.0014652637524614183, -0.8736888372286096, 0.07620984994606175, -4.491539300227628, 2.2669276040955486, 0.15222374330079722, 11.451545138154549, 0.010683923091830737, 5.104159031759462, -0.06442124604933575]",3603.15166308349,0.10715454434077432
3.399999999999847,PoseOriginController,point_slack_0,50000.0,0.0037759644696473108,"[-0.0012392569786005593, -1.2618060120682265e-05, 0.002132172086943414, -0.0010448815760375732, -1.7274453522195968e-05, 0.0026615328062151726]",0.7128953838019448,2.12008783301023e-05
3.399999999999847,PoseOriginController,point_slack_1,50000.0,0.003655970839750647,"[-0.0015631026027625049, -4.2959760513314055e-06, 0.0020701404959427108, -0.0007059712599548869, -1.7634270746470617e-06, 0.002477687304006426]",0.6683061390553526,1.9874833619780142e-05
3.435999999999843,TaskAuditController,torso,200.0,9.222371153584671,"[9.08789315364643, -0.04252706621717221, 0.2607456103862543, 0.33596734256253097, 1.5067367469634143, -0.0969598770721738]",17010.425938894132,0.6006868947858984
3.435999999999843,TaskAuditController,pelvis,100.0,4.184493260534522,"[4.147482570884272, -0.42394497417169597, 0.340614929787771, 0.07328847109833059, -0.08403577435839793, 0.013823486618966263]",1750.9983847458834,0.06183277163584697
3.435999999999843,TaskAuditController,com,2.0,4.70909396993841,"[4.708951169419306, 0.01702017487063035, 0.03248407890360161]",44.351132035420584,0.0015661655903443032
3.435999999999843,TaskAuditController,posture,1.0,77.06889660845027,"[26.059816145558358, 1.6255692264807018, 0.6472585309288459, 18.48378174343797, -21.101364483698834, -0.48870684543470216, 25.850643395495798, 1.467456434130158, 0.6259602732866496, 19.372657394485362, -19.04509169708755, -0.3721531086141951, -1.5894148656207912, 1.2969117591501629, -5.612718358625191, -48.10594147559138, -0.07403150326967195, -0.1413947716536566, -10.33551373875685, -0.012860041811588264, -1.6557142771139102, -0.01747292450193587, -7.76695424248611, 0.7735678099406351, -0.31419640939169213, 18.546445376399177, 0.00568185202802499, 14.022482647948678, -0.4710533297155347]",5939.614824443998,0.20974482343570902
3.435999999999843,TaskAuditController,reach,3000.0,0.1341621940470752,"[0.03408868796719533, 0.02582122745451254, 0.12716414540640997]",53.99848293457517,0.00190684120160415
3.435999999999843,TaskAuditController,acceleration,0.1,13.975006684828044,"[-0.5668981874540284, 0.034843126954611614, -0.18731698994380558, 0.7690673161891193, -3.1560740212619742, -0.6889847830725611, 2.1064916255592276, -0.9210359051528446, 0.7796336067322165, 1.9672133838429329, -1.59607066774847, 0.3350533321064168, 1.6922208346838674, -0.9102452410392682, 0.7716942424563973, 2.5947804435284767, -3.349364529997384, 0.31655630718868305, 0.7416043593163466, -0.23642079246308492, 5.4849037072206865, -0.23160043340662995, -0.4671757506396101, -0.22988468192856007, -6.76186483476631, -0.012831683553197498, -0.9884875359922829, -0.09158323627616918, -3.5068322021582103, -1.5670777109248057, -0.49789005287671034, 5.762078803135146, -0.005133768517653636, 4.802056352336244, -0.4098918263910367]",19.530081184098854,0.0006896631432707981
3.435999999999843,TaskAuditController,torque,0.001,30.382601448627984,"[1.7933000839076394, -0.16606016662397596, 0.11258266541070534, 10.221690435893818, 19.72099772514702, 0.39088835364389035, 1.564192698732123, 0.11611671932917315, 0.1433094411447138, 9.333712387801299, 18.164743080301875, 0.2472010755022066, -0.07737655450181857, 0.6770196384087785, -1.1214546804286434, -0.0768627193680917, 1.3101512335636858, 0.13086437464182943, -0.3723756095251752, -0.0008959584316315131, -0.12093052512535024, 0.03203458084734851, 0.7451166976487034, -1.558739183635635, -0.15873201077762406, 0.19943472444712323, -0.0023924446386731253, 0.08305362621799411, -0.047961172069432005]",0.9231024707861714,3.2597394018093834e-05
3.435999999999843,TaskAuditController,old_body_slack,100000.0,0.0,"[0.0, 0.0, 0.0, 0.0, 0.0, 0.0, 0.0, 0.0, 0.0, 0.0, 0.0, 0.0]",0.0,0.0
3.435999999999843,TaskAuditController,nominal_torque,1.0,59.136164489279494,"[23.916240259258405, 2.270361797811069, 0.013181338084826813, 26.221901585504, 0.3497101596632284, -0.43292270510393255, 23.834127260943603, 2.261480671731399, 0.030304943546919066, 25.58072078830186, 2.5994363793772806, -0.4415367042980436, -2.420554731242116, 1.9926079692043475, -11.353730803578538, -25.07686271936809, 0.2992583028911737, 0.07435110766621275, -3.7030048509416655, -0.0001185454656114454, -0.7074633267264245, 0.07031208072413003, -3.942370121221071, 2.0886302738025675, 0.14814956946890473, 13.033501808391701, 0.00954882570733134, 5.083053626217994, -0.0762307456057724]",3497.0859505031212,0.12349212817793075
3.435999999999843,TaskAuditController,point_slack_0,50000.0,0.0037589819174426533,"[-0.0011887484302700053, -1.6375746742822124e-05, 0.002298180949583957, -0.0009106736679295776, -1.5130035505411544e-05, 0.0025700900637224246]",0.7064972527830423,2.4948442941611804e-05
3.435999999999843,TaskAuditController,point_slack_1,50000.0,0.003622137131195463,"[-0.0014689364405764346, -7.0743531313999265e-06, 0.0022247823732490166, -0.0006065473362795419, 4.6045871877712037e-07, 0.0023758149323484224]",0.6559938698592449,2.316502373896183e-05
3.435999999999843,PoseOriginController,torso,200.0,9.830820448331517,"[9.659267826635475, -0.12727433363776253, 0.25336020277440574, 0.37515479520350126, 1.7633827241986786, -0.11369186399438116]",19329.006137466615,0.537571888613871
3.435999999999843,PoseOriginController,pelvis,100.0,7.4791337090714105,"[7.47663925690275, -0.062222882042012956, -0.07515982763222283, 0.08020166176220622, -0.1453806670343334, 0.014762407421449963]",5593.744103816827,0.1555713501731879
3.435999999999843,PoseOriginController,com,2.0,4.7570429228796485,"[4.752783913518299, -0.12722435859827083, 0.15593717998056073]",45.2589147402387,0.0012587258807044447
3.435999999999843,PoseOriginController,posture,1.0,84.64268352316812,"[24.309122723553088, 1.9026799508962957, 0.5734098897525501, 21.030998374099678, -21.057914826170474, -0.7761001732940945, 24.064552900363605, 1.743637648035358, 0.5482607354292253, 21.994851291070116, -19.065258031389646, -0.6597076476479307, -1.6045601781616803, 1.3298400627044158, -5.294561638479847, -56.99480635863381, 0.3997502490433495, -0.11448008245337621, -12.526221708157296, -0.016821076123932185, -2.045752668470931, -0.010032419947957574, -10.57965137277504, 1.216592705612137, -0.336473105804026, 20.934856712543905, 0.007176792598038106, 16.08944311201261, -0.5614868528687615]",7164.383874003196,0.19925346096493324
3.435999999999843,PoseOriginController,reach,3000.0,0.15691218940607546,"[0.039611414460147376, 0.030317007675103036, 0.14877247754306666]",73.8643055526243,0.002054289493969843
3.435999999999843,PoseOriginController,acceleration,0.1,20.74686234530451,"[-0.9074559973929741, -0.15329577875951592, -0.05144872431951913, 0.7751979922814556, -3.217502116189504, -0.6880501178513496, 0.35579820355395764, -0.6439251807372506, 0.7057849655559207, 4.51443001450464, -1.5526210102201108, 0.0476600042470244, -0.09386966044832713, -0.6340640271340682, 0.6939947045989728, 5.216974340113232, -3.3695308642994783, 0.02900176815494753, 0.7264590467754576, -0.2034924889088322, 5.803060427366031, -9.12046531644906, 0.00660600167341137, -0.20296999272827967, -8.952572804166756, -0.01679271786554142, -1.3785259273493036, -0.08414273172219089, -6.319529332447139, -1.1240528152533038, -0.5201667492890442, 8.150490139279874, -0.0036388279476405184, 6.869016816400176, -0.5003253495442636]",43.04322971750142,0.0011971039859326497
3.435999999999843,PoseOriginController,torque,0.001,31.333539122214237,"[1.918486615969485, 0.20404178746992818, 0.6425609171906876, 10.974354224752542, 20.893041810082256, -0.766922637406212, 1.9817097766591472, 0.48830495150755654, 0.6802619369775273, 9.390888511469837, 17.605844473301925, -0.915911770973197, -1.1002731178382883, 1.3485424712042937, -2.0267257688031397, -1.856656172830945, 1.295128262720972, 0.12252943239552307, -1.0481238630069514, -0.002235497100236099, -0.29827063167871865, 0.03214841852594795, 0.6132684717341553, -1.6035028318992048, -0.1620148134619951, 0.1963023620124617, -0.0024059310868933957, 0.10276659944891194, -0.048688257629169604]",0.9817906739233302,2.7305235615886892e-05
3.435999999999843,PoseOriginController,old_body_slack,100000.0,0.0,"[0.0, 0.0, 0.0, 0.0, 0.0, 0.0, 0.0, 0.0, 0.0, 0.0, 0.0, 0.0]",0.0,0.0
3.435999999999843,PoseOriginController,nominal_torque,1.0,60.8635214476112,"[24.04142679132025, 2.640463751904973, 0.5431595898648092, 26.974565374362722, 1.5217542445984655, -1.590733696154035, 24.251644338870626, 2.6336689039097827, 0.5672574393797326, 25.6378969119704, 2.0405377723773306, -1.604649550773447, -3.443451294578585, 2.6641308019998626, -12.259001891953034, -26.856656172830945, 0.28423533204845985, 0.06601616541990639, -4.378753104423442, -0.0014580841342160312, -0.8848034332797929, 0.07042591840272946, -4.074218347135619, 2.0438666255389975, 0.1448667667845337, 13.03036944595704, 0.00953533925911107, 5.102766599448912, -0.07695783116550999]",3704.368243003828,0.10302465726123546
3.435999999999843,PoseOriginController,point_slack_0,50000.0,0.0039055882944717467,"[-0.001277788294961162, -1.5158284212311615e-05, 0.00224001616927875, -0.0010441688097059406, -1.4428131825272193e-05, 0.002740890022020909]",0.7626809962957364,2.121143015180109e-05
3.435999999999843,PoseOriginController,point_slack_1,50000.0,0.003792989046880375,"[-0.0016147334589997936, -6.59813552282169e-06, 0.0021851190418055453, -0.0006932720933129948, 1.5487732805719852e-06, 0.002554209155457368]",0.7193382954877249,2.000599737552269e-05
