body,dt_s,velocity_geometric_fd_error,velocity_spatial_fd_error,raw_jacobian_spatial_velocity_error,geometric_bias_fd_error,spatial_bias_fd_error,raw_target_origin_shift_change,spatial_target_adjoint_error,original_target,diagnostic_body_origin_target,diagnostic_target_difference_norm,omitted_geometric_bias,original_residual,diagnostic_spatial_residual,time_s,control_replay_max_error_Nm
torso,1e-06,2.8468890873184494e-11,5.795895189567718e-10,0.005994900628270795,5.102868930739271e-13,9.215135582521717e-13,0.6124145720490398,2.9531932455029164e-14,"[-1.9005035724188404, 0.06798279491037072, 0.03160986052657177, -1.1986299938883742, 0.15853091757879462, -0.7930081188161955]","[-1.8742652039769596, 1.0563527157338781, 0.04847130757305859, -1.1986299938883742, 0.15853091757879462, -0.7930081188161955]",0.9888619017656912,"[9.972571872164303e-08, -3.7922546608429185e-07, -1.518785600351491e-06, 1.0028195973918948e-06, 6.321371919255897e-07, 1.2129532354074044e-06]","[1.7574271023916868, -0.14079885328790157, -0.04352653336498913, 0.9706679393623032, 0.23236776037651358, 0.24214335599903336]","[1.5311926374905465, -0.31494402104609553, -0.04003012843794781, 0.9706689421819006, 0.2323683925137055, 0.24214456895226877]",2.9959999999998916,0.0
torso,5e-07,2.0525093832255955e-10,1.3448738001877163e-09,0.005994900628942917,9.972336095859916e-13,9.277701203184953e-13,0.6124145720490398,2.9531932455029164e-14,"[-1.9005035724188404, 0.06798279491037072, 0.03160986052657177, -1.1986299938883742, 0.15853091757879462, -0.7930081188161955]","[-1.8742652039769596, 1.0563527157338781, 0.04847130757305859, -1.1986299938883742, 0.15853091757879462, -0.7930081188161955]",0.9888619017656912,"[9.972571872164303e-08, -3.7922546608429185e-07, -1.518785600351491e-06, 1.0028195973918948e-06, 6.321371919255897e-07, 1.2129532354074044e-06]","[1.7574271023916868, -0.14079885328790157, -0.04352653336498913, 0.9706679393623032, 0.23236776037651358, 0.24214335599903336]","[1.5311926374905465, -0.31494402104609553, -0.04003012843794781, 0.9706689421819006, 0.2323683925137055, 0.24214456895226877]",2.9959999999998916,0.0
pelvis,1e-06,2.3475943418231355e-11,8.477437802716396e-10,0.004173205614982292,5.073323368724972e-13,5.328735372674511e-13,1.5447071146613718,1.687538997430238e-14,"[0.23147355790774424, 0.842434809302952, 0.01140227458637732, 0.01268708138341726, -1.9675309723721528, -0.3778813272936485]","[-1.3844149873013967, 0.8222203935194932, 0.06587592999692775, 0.01268708138341726, -1.9675309723721528, -0.3778813272936485]",1.6169328348071133,"[0.0, -7.854681674143291e-24, 2.302554358000259e-21, -8.470329472543003e-22, -6.617444900424222e-24, 2.6469779601696886e-23]","[-0.27049435726420573, -0.920677658652693, -0.019050496135135833, -0.008997191703383985, 0.047277582881364744, 0.010066662208607247]","[1.3078543755826317, -0.9078491688592236, -0.0723881404649861, -0.008997191703383985, 0.047277582881364744, 0.010066662208607247]",2.9959999999998916,0.0
pelvis,5e-07,9.282619530486371e-11,1.620033939666427e-09,0.004173205617724351,1.095760774489064e-12,1.2918150580073042e-12,1.5447071146613718,1.687538997430238e-14,"[0.23147355790774424, 0.842434809302952, 0.01140227458637732, 0.01268708138341726, -1.9675309723721528, -0.3778813272936485]","[-1.3844149873013967, 0.8222203935194932, 0.06587592999692775, 0.01268708138341726, -1.9675309723721528, -0.3778813272936485]",1.6169328348071133,"[0.0, -7.854681674143291e-24, 2.302554358000259e-21, -8.470329472543003e-22, -6.617444900424222e-24, 2.6469779601696886e-23]","[-0.27049435726420573, -0.920677658652693, -0.019050496135135833, -0.008997191703383985, 0.047277582881364744, 0.010066662208607247]","[1.3078543755826317, -0.9078491688592236, -0.0723881404649861, -0.008997191703383985, 0.047277582881364744, 0.010066662208607247]",2.9959999999998916,0.0
torso,1e-06,3.6421157756372224e-11,8.391542781829853e-10,0.14269524510338194,2.840753850482194e-11,3.4970176982038886e-11,1.1930433928333437,2.1760371282653068e-14,"[-2.0784364289928137, 0.10295358043413028, 0.04352221993987332, -0.9997451378164347, -3.5427071999836404, -0.7825815661536814]","[-2.805026535087482, 1.0525529804049478, 0.07317906661243705, -0.9997451378164347, -3.5427071999836404, -0.7825815661536814]",1.1960567424893178,"[9.224965623355463e-05, 2.3578914602113954e-05, -0.002343328223420017, -0.00013890505396519758, -1.6527987069024928e-05, 0.002436432208856017]","[1.728699617324454, -0.004021215226910277, -0.07191713114447781, 0.6837644051693386, 0.21344799949123994, 0.17891657537873829]","[2.272301796294177, -0.38052410720760643, -0.08822151516654525, 0.6836255001153733, 0.21343147150417074, 0.18135300758759432]",3.019999999999889,0.0
torso,5e-07,4.882419989138409e-11,1.381809155379804e-09,0.142695245083097,8.015270242092481e-11,7.605212548047677e-11,1.1930433928333437,2.1760371282653068e-14,"[-2.0784364289928137, 0.10295358043413028, 0.04352221993987332, -0.9997451378164347, -3.5427071999836404, -0.7825815661536814]","[-2.805026535087482, 1.0525529804049478, 0.07317906661243705, -0.9997451378164347, -3.5427071999836404, -0.7825815661536814]",1.1960567424893178,"[9.224965623355463e-05, 2.3578914602113954e-05, -0.002343328223420017, -0.00013890505396519758, -1.6527987069024928e-05, 0.002436432208856017]","[1.728699617324454, -0.004021215226910277, -0.07191713114447781, 0.6837644051693386, 0.21344799949123994, 0.17891657537873829]","[2.272301796294177, -0.38052410720760643, -0.08822151516654525, 0.6836255001153733, 0.21343147150417074, 0.18135300758759432]",3.019999999999889,0.0
pelvis,1e-06,5.6685673299403105e-11,1.4943418568530431e-09,0.16468236896713354,2.739934171741362e-11,2.8422745575315198e-11,2.124693244827438,2.531308496145357e-14,"[0.2696981340659877, 0.8396958738023274, 0.023827289601219125, 0.0010691561702998332, -5.545710239412653, -0.39304175268431807]","[-1.9826516649856614, 0.8213649211153089, 0.09246128934291996, 0.0010691561702998332, -5.545710239412653, -0.39304175268431807]",2.2534698282947923,"[4.501024284621126e-20, 2.0769729397108858e-20, -1.4436060506252028e-18, -1.6263032587282567e-19, 8.470329472543003e-22, 0.0]","[-0.3170277819411354, -0.7481696161235551, -0.040444066048554425, -0.0028171544977054677, -0.04013093321449368, 0.008876028033348748]","[1.9669279681626115, -0.7323088037289689, -0.11021485669576388, -0.0028171544977054677, -0.04013093321449368, 0.008876028033348748]",3.019999999999889,0.0
pelvis,5e-07,8.569829503153603e-11,2.8852143738392066e-09,0.1646823689699729,7.655094827464846e-11,1.1102230246166862e-10,2.124693244827438,2.531308496145357e-14,"[0.2696981340659877, 0.8396958738023274, 0.023827289601219125, 0.0010691561702998332, -5.545710239412653, -0.39304175268431807]","[-1.9826516649856614, 0.8213649211153089, 0.09246128934291996, 0.0010691561702998332, -5.545710239412653, -0.39304175268431807]",2.2534698282947923,"[4.501024284621126e-20, 2.0769729397108858e-20, -1.4436060506252028e-18, -1.6263032587282567e-19, 8.470329472543003e-22, 0.0]","[-0.3170277819411354, -0.7481696161235551, -0.040444066048554425, -0.0028171544977054677, -0.04013093321449368, 0.008876028033348748]","[1.9669279681626115, -0.7323088037289689, -0.11021485669576388, -0.0028171544977054677, -0.04013093321449368, 0.008876028033348748]",3.019999999999889,0.0
torso,1e-06,2.7183515421275173e-11,3.9078247755786055e-10,0.3174718654616258,7.146182452212602e-11,2.3699828991669003e-11,2.9869573544816475,4.440892098500626e-14,"[-2.685152805488059, 0.20797213905645467, 0.08904858839494227, -0.005673738567061437, -9.430207017371416, -1.1911534978001108]","[-5.641646072178062, 0.8626828301759377, 0.14235969375848642, -0.005673738567061437, -9.430207017371416, -1.1911534978001108]",3.028587228231104,"[0.00019338866772111523, 0.0005323899022287496, -0.013820850124162653, 0.0025982238458232467, -0.0011713071860729543, 0.0391733690208343]","[1.7454481580756174, 0.1503649436503232, -0.18201256957051437, 0.028652457832948362, 0.21510667792382598, 0.032558237436180804]","[4.520330362964708, -0.4797766117928089, -0.24162757517384242, 0.03125068167877161, 0.2139353707377527, 0.07173160645701504]",3.0799999999998824,0.0
torso,5e-07,1.8392885825502248e-10,9.265226277171967e-10,0.3174718654774258,2.858881797203512e-11,5.874013341705675e-11,2.9869573544816475,4.440892098500626e-14,"[-2.685152805488059, 0.20797213905645467, 0.08904858839494227, -0.005673738567061437, -9.430207017371416, -1.1911534978001108]","[-5.641646072178062, 0.8626828301759377, 0.14235969375848642, -0.005673738567061437, -9.430207017371416, -1.1911534978001108]",3.028587228231104,"[0.00019338866772111523, 0.0005323899022287496, -0.013820850124162653, 0.0025982238458232467, -0.0011713071860729543, 0.0391733690208343]","[1.7454481580756174, 0.1503649436503232, -0.18201256957051437, 0.028652457832948362, 0.21510667792382598, 0.032558237436180804]","[4.520330362964708, -0.4797766117928089, -0.24162757517384242, 0.03125068167877161, 0.2139353707377527, 0.07173160645701504]",3.0799999999998824,0.0
pelvis,1e-06,4.7015179076292934e-11,3.800328367969952e-10,0.39960853988964123,7.423485030838695e-11,5.5511151285467936e-11,4.010465569969021,3.907985046680551e-14,"[0.2736200806971594, 0.6394193979398363, 0.044627969856162505, -0.24726875663470585, -11.942412357714904, -0.717956489717487]","[-3.993735359950799, 0.6750607598978652, 0.1425085514126188, -0.24726875663470585, -11.942412357714904, -0.717956489717487]",4.268626637661788,"[3.492508795866712e-21, 7.859623794345475e-20, 2.1281615389551583e-20, 1.734723475976807e-18, -5.421010862427522e-20, -1.734723475976807e-18]","[-0.55984204388249, -0.2900557113441119, -0.1274468295624822, 0.021058951146079613, -0.12444751133530474, -0.0009683526819466159]","[3.8059264976575378, -0.3090133192095208, -0.22922577666985058, 0.021058951146079613, -0.12444751133530474, -0.0009683526819466159]",3.0799999999998824,0.0
pelvis,5e-07,6.400712338622272e-11,5.301925773415483e-10,0.399608539889102,1.8253698671991672e-11,2.1044486465948697e-11,4.010465569969021,3.907985046680551e-14,"[0.2736200806971594, 0.6394193979398363, 0.044627969856162505, -0.24726875663470585, -11.942412357714904, -0.717956489717487]","[-3.993735359950799, 0.6750607598978652, 0.1425085514126188, -0.24726875663470585, -11.942412357714904, -0.717956489717487]",4.268626637661788,"[3.492508795866712e-21, 7.859623794345475e-20, 2.1281615389551583e-20, 1.734723475976807e-18, -5.421010862427522e-20, -1.734723475976807e-18]","[-0.55984204388249, -0.2900557113441119, -0.1274468295624822, 0.021058951146079613, -0.12444751133530474, -0.0009683526819466159]","[3.8059264976575378, -0.3090133192095208, -0.22922577666985058, 0.021058951146079613, -0.12444751133530474, -0.0009683526819466159]",3.0799999999998824,0.0
torso,1e-06,2.5996482744261584e-11,1.1774225067151534e-09,0.26669212986259455,6.12494599309954e-11,7.060401352107504e-11,4.559978381308264,1.021405182655144e-14,"[-4.289070796527486, 0.09856134190835841, -0.10745244128495458, 0.31179093311836736, -10.826233213623604, -0.8822970926875815]","[-9.231034394090276, 0.4227877339624812, 0.09895822203713305, 0.31179093311836736, -10.826233213623604, -0.8822970926875815]",4.956887361527721,"[-0.000461718038325663, 0.0014162355747800134, -0.014630046935598748, -0.02696341819729458, -0.0023481811899434637, 0.013744040336428131]","[3.1467768782927896, 0.049832573440849764, 0.41205059474075273, 0.18232081169196857, 0.5217179371381118, 0.010965314678580196]","[7.649269995845769, -0.1430540388072583, 0.22034685104800772, 0.15535739349467398, 0.5193697559481691, 0.024709355015008372]",3.1519999999998745,0.0
torso,5e-07,2.035015975176968e-10,1.6649095574416961e-09,0.2666921298184134,1.689414862345029e-10,2.624628938664719e-10,4.559978381308264,1.021405182655144e-14,"[-4.289070796527486, 0.09856134190835841, -0.10745244128495458, 0.31179093311836736, -10.826233213623604, -0.8822970926875815]","[-9.231034394090276, 0.4227877339624812, 0.09895822203713305, 0.31179093311836736, -10.826233213623604, -0.8822970926875815]",4.956887361527721,"[-0.000461718038325663, 0.0014162355747800134, -0.014630046935598748, -0.02696341819729458, -0.0023481811899434637, 0.013744040336428131]","[3.1467768782927896, 0.049832573440849764, 0.41205059474075273, 0.18232081169196857, 0.5217179371381118, 0.010965314678580196]","[7.649269995845769, -0.1430540388072583, 0.22034685104800772, 0.15535739349467398, 0.5193697559481691, 0.024709355015008372]",3.1519999999998745,0.0
pelvis,1e-06,6.662346369035177e-11,9.423820057641308e-10,0.4124035939291302,6.27624917669e-11,5.551115101441739e-11,5.975100609247841,1.0658141036401503e-14,"[-0.2962243492724683, 0.5354252684161571, -0.16793160391193762, 0.7088017161289404, -14.885417313393003, -1.4037909477059796]","[-6.747765316864659, 0.36305242082136535, 0.08678199775888745, 0.7088017161289404, -14.885417313393003, -1.4037909477059796]",6.458867723833988,"[-1.0659373302608493e-18, -3.750578849684707e-18, -1.1917515491903965e-19, -6.938893903907228e-18, -2.168404344971009e-19, -3.469446951953614e-18]","[-0.03421424157715336, -0.3453510308757469, 0.4535775576124636, 0.10889287886124999, -0.11086179592230216, -0.006888662389905376]","[6.505055025201049, -0.08654458266095455, 0.19462552253529952, 0.10889287886124999, -0.11086179592230216, -0.006888662389905376]",3.1519999999998745,0.0
pelvis,5e-07,7.019230335858495e-11,1.75072796537723e-09,0.41240359392261566,1.6744652859608293e-10,2.2204460514187174e-10,5.975100609247841,1.0658141036401503e-14,"[-0.2962243492724683, 0.5354252684161571, -0.16793160391193762, 0.7088017161289404, -14.885417313393003, -1.4037909477059796]","[-6.747765316864659, 0.36305242082136535, 0.08678199775888745, 0.7088017161289404, -14.885417313393003, -1.4037909477059796]",6.458867723833988,"[-1.0659373302608493e-18, -3.750578849684707e-18, -1.1917515491903965e-19, -6.938893903907228e-18, -2.168404344971009e-19, -3.469446951953614e-18]","[-0.03421424157715336, -0.3453510308757469, 0.4535775576124636, 0.10889287886124999, -0.11086179592230216, -0.006888662389905376]","[6.505055025201049, -0.08654458266095455, 0.19462552253529952, 0.10889287886124999, -0.11086179592230216, -0.006888662389905376]",3.1519999999998745,0.0
torso,1e-06,2.0442106341000965e-11,5.631706993108887e-10,0.11965189602721664,6.881028299238201e-12,2.921694743779346e-11,3.2331549292878363,1.2079226507921703e-13,"[-6.115069641124164, 0.058201715066578064, -0.5396615272422839, 0.3928694721656037, -2.0659436629083494, 0.10791680876973986]","[-9.726053574870585, 0.13296124462786224, -0.171795319355617, 0.3928694721656037, -2.0659436629083494, 0.10791680876973986]",3.630443430758827,"[-4.7245061475044957e-05, -8.05001324142271e-05, -0.0010116993849068779, 0.006519430052125989, -0.0016359587385789984, -0.00033935321154646625]","[5.1037460513598, 0.020086757094623223, 0.4490371446980061, 0.23586918979045984, 0.8737081275714533, -0.01772081009657045]","[7.976930760155238, 0.1517645999993698, 0.15080117163035636, 0.2423886198425858, 0.8720721688328743, -0.01806016330811691]",3.2399999999998648,0.0
torso,5e-07,1.0692648502730329e-10,1.3135225979815646e-09,0.1196518960157386,5.113373504998797e-11,4.6527696409212616e-11,3.2331549292878363,1.2079226507921703e-13,"[-6.115069641124164, 0.058201715066578064, -0.5396615272422839, 0.3928694721656037, -2.0659436629083494, 0.10791680876973986]","[-9.726053574870585, 0.13296124462786224, -0.171795319355617, 0.3928694721656037, -2.0659436629083494, 0.10791680876973986]",3.630443430758827,"[-4.7245061475044957e-05, -8.05001324142271e-05, -0.0010116993849068779, 0.006519430052125989, -0.0016359587385789984, -0.00033935321154646625]","[5.1037460513598, 0.020086757094623223, 0.4490371446980061, 0.23586918979045984, 0.8737081275714533, -0.01772081009657045]","[7.976930760155238, 0.1517645999993698, 0.15080117163035636, 0.2423886198425858, 0.8720721688328743, -0.01806016330811691]",3.2399999999998648,0.0
pelvis,1e-06,5.3977718128539465e-11,4.895531636323058e-10,0.10813968122493406,6.826444802598982e-12,1.3980793085732746e-11,4.9537536217664275,8.304468224196171e-14,"[-2.1278668097576423, 0.47462335123126514, -0.5461631648921688, 0.7784000820983427, -5.096743564181789, -0.9494705244145316]","[-7.54038803314681, 0.10956693441134169, 0.0041256002088437245, 0.7784000820983427, -5.096743564181789, -0.9494705244145316]",5.452657141806733,"[-4.444468434971057e-19, -9.552742067991755e-19, -7.557514560762896e-18, 0.0, 5.421010862427522e-20, -1.734723475976807e-18]","[1.3838568841368506, -0.3496627494445563, 0.4468125140295763, 0.0954508011534515, 0.15315773251448217, 0.0017383989181570803]","[6.675047586432896, 0.09086501520851675, -0.09077782004013857, 0.0954508011534515, 0.15315773251448217, 0.0017383989181570803]",3.2399999999998648,0.0
pelvis,5e-07,5.704458433397619e-11,1.0670732977779984e-09,0.10813968119828798,5.099756164567771e-11,2.7755575669839022e-11,4.9537536217664275,8.304468224196171e-14,"[-2.1278668097576423, 0.47462335123126514, -0.5461631648921688, 0.7784000820983427, -5.096743564181789, -0.9494705244145316]","[-7.54038803314681, 0.10956693441134169, 0.0041256002088437245, 0.7784000820983427, -5.096743564181789, -0.9494705244145316]",5.452657141806733,"[-4.444468434971057e-19, -9.552742067991755e-19, -7.557514560762896e-18, 0.0, 5.421010862427522e-20, -1.734723475976807e-18]","[1.3838568841368506, -0.3496627494445563, 0.4468125140295763, 0.0954508011534515, 0.15315773251448217, 0.0017383989181570803]","[6.675047586432896, 0.09086501520851675, -0.09077782004013857, 0.0954508011534515, 0.15315773251448217, 0.0017383989181570803]",3.2399999999998648,0.0
torso,1e-06,3.075990157030972e-11,4.4429205637869923e-10,0.1622406371560675,4.698165793036446e-12,1.831538306434899e-11,1.9419940801850104,1.1546319456101628e-13,"[-7.9244425785359045, 0.03031536135552021, -0.5665477995222019, 0.3328750983201543, 0.40615672569822214, 0.21421649571293822]","[-10.150019188157762, -0.008975768103558907, -0.27715593869835903, 0.3328750983201543, 0.40615672569822214, 0.21421649571293822]",2.244656474220761,"[-4.124214357393201e-05, -9.154579179246336e-05, -0.0019208736670148691, 0.007194027671687159, -0.0007774707575999546, -0.0003409862581957852]","[6.963861246381535, -0.00812521139389756, 0.37617046503044876, 0.2836436616053163, 1.173855027820052, -0.049744505460587285]","[8.195146759858863, 0.28248948772617866, 0.1999429407370003, 0.2908376892770035, 1.1730775570624519, -0.05008549171878307]",3.319999999999856,0.0
torso,5e-07,2.2708900385137731e-10,1.1794415012244923e-09,0.16224063715183312,4.7147172776117185e-11,8.010956058669e-11,1.9419940801850104,1.1546319456101628e-13,"[-7.9244425785359045, 0.03031536135552021, -0.5665477995222019, 0.3328750983201543, 0.40615672569822214, 0.21421649571293822]","[-10.150019188157762, -0.008975768103558907, -0.27715593869835903, 0.3328750983201543, 0.40615672569822214, 0.21421649571293822]",2.244656474220761,"[-4.124214357393201e-05, -9.154579179246336e-05, -0.0019208736670148691, 0.007194027671687159, -0.0007774707575999546, -0.0003409862581957852]","[6.963861246381535, -0.00812521139389756, 0.37617046503044876, 0.2836436616053163, 1.173855027820052, -0.049744505460587285]","[8.195146759858863, 0.28248948772617866, 0.1999429407370003, 0.2908376892770035, 1.1730775570624519, -0.05008549171878307]",3.319999999999856,0.0
pelvis,1e-06,8.401318876694042e-11,5.22968717572988e-10,0.15031121521781102,4.761382710031289e-12,2.8585748351739326e-11,4.100627572228865,8.79296635503124e-14,"[-3.4258063062778783, 0.4418889646466895, -0.5925559961901888, 0.729747084529977, -3.2355153731892767, -0.948540237384454]","[-7.934985409394525, -0.02709984443196467, -0.017633571390722646, 0.729747084529977, -3.2355153731892767, -0.948540237384454]",4.569812083834756,"[0.0, 1.4534391441085853e-19, 1.3876973394332872e-21, 0.0, -5.421010862427522e-20, -8.673617379884035e-19]","[2.6359364211276786, -0.3758734525946949, 0.398891157705742, 0.08024885908066381, 0.0756283825328361, 0.005300117701335871]","[7.08504411368539, 0.15630790523424387, -0.16819900506701357, 0.08024885908066381, 0.0756283825328361, 0.005300117701335871]",3.319999999999856,0.0
pelvis,5e-07,4.270353168300822e-11,1.1946022899052755e-09,0.15031121521458443,4.716049174610505e-11,2.8585748351739326e-11,4.100627572228865,8.79296635503124e-14,"[-3.4258063062778783, 0.4418889646466895, -0.5925559961901888, 0.729747084529977, -3.2355153731892767, -0.948540237384454]","[-7.934985409394525, -0.02709984443196467, -0.017633571390722646, 0.729747084529977, -3.2355153731892767, -0.948540237384454]",4.569812083834756,"[0.0, 1.4534391441085853e-19, 1.3876973394332872e-21, 0.0, -5.421010862427522e-20, -8.673617379884035e-19]","[2.6359364211276786, -0.3758734525946949, 0.398891157705742, 0.08024885908066381, 0.0756283825328361, 0.005300117701335871]","[7.08504411368539, 0.15630790523424387, -0.16819900506701357, 0.08024885908066381, 0.0756283825328361, 0.005300117701335871]",3.319999999999856,0.0
torso,1e-06,1.8918525426792066e-10,1.0669345745437098e-09,0.12381985745855047,3.5999993920144205e-11,2.734402217456286e-11,1.040831131465829,1.3677947663381929e-13,"[-9.309375633579723, 0.02786003220263844, -0.4898296386229319, 0.25418416965420315, 0.8606600821440149, 0.14227306176967416]","[-10.540325218061803, -0.06393852231471986, -0.3068895256494373, 0.25418416965420315, 0.8606600821440149, 0.14227306176967416]",1.2478505275403924,"[-4.565243487187616e-06, -7.860611583369279e-07, -0.0011178579463260792, 0.0024074100600588694, -0.0002003179562551978, 2.4071991383977373e-05]","[8.499660740791763, -0.03186326927651362, 0.2962906044967014, 0.3212202866661839, 1.413887239670904, -0.08284762798665449]","[8.530790592275615, 0.34386462080433344, 0.27033838292049905, 0.32362769672624275, 1.4136869217146488, -0.08282355599527051]",3.399999999999847,0.0
torso,5e-07,1.0959394329546068e-10,2.7403652212015794e-09,0.1238198574464275,1.2103211580747134e-11,3.9128054095394216e-11,1.040831131465829,1.3677947663381929e-13,"[-9.309375633579723, 0.02786003220263844, -0.4898296386229319, 0.25418416965420315, 0.8606600821440149, 0.14227306176967416]","[-10.540325218061803, -0.06393852231471986, -0.3068895256494373, 0.25418416965420315, 0.8606600821440149, 0.14227306176967416]",1.2478505275403924,"[-4.565243487187616e-06, -7.860611583369279e-07, -0.0011178579463260792, 0.0024074100600588694, -0.0002003179562551978, 2.4071991383977373e-05]","[8.499660740791763, -0.03186326927651362, 0.2962906044967014, 0.3212202866661839, 1.413887239670904, -0.08284762798665449]","[8.530790592275615, 0.34386462080433344, 0.27033838292049905, 0.32362769672624275, 1.4136869217146488, -0.08282355599527051]",3.399999999999847,0.0
pelvis,1e-06,1.0733297584053503e-10,1.0735461027089332e-09,0.11522991071367533,3.6021828565977284e-11,3.806971361416944e-11,3.5058900192162623,1.0746958878371515e-13,"[-4.363941522994904, 0.44615481651944516, -0.5530490607548185, 0.6911021477573518, -3.001080700708263, -0.8254266096947055]","[-8.235288825602218, -0.08609272166419452, 0.004806288860216136, 0.6911021477573518, -3.001080700708263, -0.8254266096947055]",3.9473814067558237,"[-5.2283484557740964e-21, 3.102254962476852e-20, 3.970691024742796e-18, 0.0, -1.6940658945086007e-21, -2.168404344971009e-19]","[3.718391585378632, -0.4098236156768313, 0.35850769602569077, 0.07374563359715924, -0.03739368491171868, 0.011188786784485871]","[7.619400365100848, 0.17980762356434843, -0.20306712627694656, 0.07374563359715924, -0.03739368491171868, 0.011188786784485871]",3.399999999999847,0.0
pelvis,5e-07,2.07741523636229e-10,2.3651738709912218e-09,0.11522991071704211,1.2151558431522172e-11,2.775557561732298e-11,3.5058900192162623,1.0746958878371515e-13,"[-4.363941522994904, 0.44615481651944516, -0.5530490607548185, 0.6911021477573518, -3.001080700708263, -0.8254266096947055]","[-8.235288825602218, -0.08609272166419452, 0.004806288860216136, 0.6911021477573518, -3.001080700708263, -0.8254266096947055]",3.9473814067558237,"[-5.2283484557740964e-21, 3.102254962476852e-20, 3.970691024742796e-18, 0.0, -1.6940658945086007e-21, -2.168404344971009e-19]","[3.718391585378632, -0.4098236156768313, 0.35850769602569077, 0.07374563359715924, -0.03739368491171868, 0.011188786784485871]","[7.619400365100848, 0.17980762356434843, -0.20306712627694656, 0.07374563359715924, -0.03739368491171868, 0.011188786784485871]",3.399999999999847,0.0
torso,1e-06,1.507370374354e-10,1.7890921123059345e-10,0.10238872741742948,1.0152810897231558e-11,4.504870120599497e-11,0.7569738329273993,7.105427357601002e-14,"[-9.825174329974255, 0.03809439525464786, -0.4478218763230002, 0.2289394786507601, 0.831224719518131, 0.1295459347791993]","[-10.740427431016743, -0.06620495896495783, -0.3053301590546911, 0.2289394786507601, 0.831224719518131, 0.1295459347791993]",0.9321322243912552,"[2.493335341558696e-06, 3.22057073765931e-05, -0.0007642067198709206, 0.000987629638567426, -8.40990871504392e-05, 9.167934565588163e-05]","[9.08789315364643, -0.04252706621717221, 0.2607456103862543, 0.33596734256253097, 1.5067367469634143, -0.0969598770721738]","[8.723911681337555, 0.3592559021959523, 0.2941282774705083, 0.33695497220109843, 1.506652647876264, -0.09686819772651792]",3.435999999999843,0.0
torso,5e-07,3.449284174256162e-10,3.449284174256162e-10,0.10238872742198683,3.5876394791165694e-11,3.821802564089177e-11,0.7569738329273993,7.105427357601002e-14,"[-9.825174329974255, 0.03809439525464786, -0.4478218763230002, 0.2289394786507601, 0.831224719518131, 0.1295459347791993]","[-10.740427431016743, -0.06620495896495783, -0.3053301590546911, 0.2289394786507601, 0.831224719518131, 0.1295459347791993]",0.9321322243912552,"[2.493335341558696e-06, 3.22057073765931e-05, -0.0007642067198709206, 0.000987629638567426, -8.40990871504392e-05, 9.167934565588163e-05]","[9.08789315364643, -0.04252706621717221, 0.2607456103862543, 0.33596734256253097, 1.5067367469634143, -0.0969598770721738]","[8.723911681337555, 0.3592559021959523, 0.2941282774705083, 0.33695497220109843, 1.506652647876264, -0.09686819772651792]",3.435999999999843,0.0
pelvis,1e-06,1.5315167536944507e-10,1.5315167536944507e-10,0.09544641189610477,1.0176875511246939e-11,6.938893889878245e-12,3.313228998728845,4.440892098500626e-14,"[-4.714380758338301, 0.4587881011263076, -0.5279319197315766, 0.6807826126824035, -3.068721796130432, -0.7338681367287581]","[-8.384095254295724, -0.09107289671750296, 0.0237111033127037, 0.6807826126824035, -3.068721796130432, -0.7338681367287581]",3.751461265115671,"[-2.0875187813736136e-20, 2.566333763074521e-20, 1.4291987336505174e-21, 1.0842021724855044e-19, -1.402898318889935e-20, 2.168404344971009e-19]","[4.147482570884272, -0.42394497417169597, 0.340614929787771, 0.07328847109833059, -0.08403577435839793, 0.013823486618966263]","[7.883957407656908, 0.1825875722180491, -0.22045594932462675, 0.07328847109833059, -0.08403577435839793, 0.013823486618966263]",3.435999999999843,0.0
pelvis,5e-07,1.0127997052133964e-10,2.9952822167000903e-10,0.09544641190989585,3.583226380534027e-11,2.7755575629657897e-11,3.313228998728845,4.440892098500626e-14,"[-4.714380758338301, 0.4587881011263076, -0.5279319197315766, 0.6807826126824035, -3.068721796130432, -0.7338681367287581]","[-8.384095254295724, -0.09107289671750296, 0.0237111033127037, 0.6807826126824035, -3.068721796130432, -0.7338681367287581]",3.751461265115671,"[-2.0875187813736136e-20, 2.566333763074521e-20, 1.4291987336505174e-21, 1.0842021724855044e-19, -1.402898318889935e-20, 2.168404344971009e-19]","[4.147482570884272, -0.42394497417169597, 0.340614929787771, 0.07328847109833059, -0.08403577435839793, 0.013823486618966263]","[7.883957407656908, 0.1825875722180491, -0.22045594932462675, 0.07328847109833059, -0.08403577435839793, 0.013823486618966263]",3.435999999999843,0.0
