case,time_s,foot,geometric_contacts,predicted_residual,measured_residual
damping_hold,2.9959999999998916,left,4,0.0,0.0
damping_hold,2.9959999999998916,right,4,0.0,0.0
damping_hold,3.1519999999998745,left,2,0.00046838514623353237,0.0
damping_hold,3.1519999999998745,right,2,0.007335381645380707,0.0
damping_hold,3.4399999999998427,left,2,0.005555261977582464,0.0
damping_hold,3.4399999999998427,right,2,0.027894584861201055,0.0
damping_hold,3.6679999999998176,left,2,0.03866333199504158,0.0
damping_hold,3.6679999999998176,right,2,0.018922504437723184,0.0
damping_hold,4.28399999999975,left,1,0.10146486836475081,0.0
damping_hold,4.28399999999975,right,1,0.0571629401180904,0.0
pose_hold,2.9959999999998916,left,4,0.0,0.0
pose_hold,2.9959999999998916,right,4,0.0,0.0
pose_hold,3.1519999999998745,left,2,0.0008061955139320302,0.0
pose_hold,3.1519999999998745,right,2,0.010695610728409142,0.0
pose_hold,3.4399999999998427,left,2,0.0032570118517141903,0.0
pose_hold,3.4399999999998427,right,2,0.032025100435571045,0.0
pose_hold,3.799999999999803,left,3,0.0,0.0
pose_hold,3.799999999999803,right,2,0.009860313348448991,0.0
pose_hold,4.167999999999763,left,1,0.04008501089953345,0.0
pose_hold,4.167999999999763,right,1,0.020220986992516607,0.0
damping_moving,1.496000000000001,left,4,0.0,0.0
damping_moving,1.496000000000001,right,4,0.0,0.0
damping_moving,2.4999999999999463,left,2,0.012795214000281514,0.0
damping_moving,2.4999999999999463,right,2,0.01784078285969658,0.0
damping_moving,4.499999999999726,left,2,0.03989246591851336,0.0
damping_moving,4.499999999999726,right,2,0.08927088583295349,0.0
damping_moving,4.899999999999682,left,4,0.0,0.0
damping_moving,4.899999999999682,right,4,0.0,0.0
pose_moving,1.496000000000001,left,4,0.0,0.0
pose_moving,1.496000000000001,right,4,0.0,0.0
pose_moving,2.4999999999999463,left,3,0.0006775500843821186,0.0
pose_moving,2.4999999999999463,right,2,0.0034987055508834655,0.0
pose_moving,4.499999999999726,left,3,0.0010355247184330042,0.0
pose_moving,4.499999999999726,right,2,0.0022063117462810837,0.0
pose_moving,4.899999999999682,left,3,0.0024965269223659117,0.0
pose_moving,4.899999999999682,right,2,0.002740039062048884,0.0
