trial_id,stage,direction,distance_m,push_N,push_start_s,combined_success,reach_success,balance_success,failure_reason,final_error_mm,hold_max_error_mm,tracking_rmse_mm,torque_peak,max_foot_displacement_m,max_foot_tangent_velocity_m_s,continuous_double_support,qp_failures,deadline_miss_percent,initial_condition_sha256,source_version,seed,pose_origin,push_direction_deg
corrected_nominal,portfolio_baseline,,0,0,1.5,True,True,True,PASS,3.8490945163734254,4.010113966351956,4.108876425272089,4.70080481639439,0.00042584719626092074,0.0002653290895977746,True,0,100.0,03e0aae37f8d362875d2ee58632fcb897270cda3a2937dd86e40ded566595271,4c09dabde72ceb995a906e6d4399159e978a5078,,True,0
corrected_moving,portfolio_baseline,,0,70,1.5,True,True,True,PASS,3.6439008859019184,3.7681752675303306,4.31924015874304,20.870858785092917,0.0037844797474941775,0.013301309221583001,True,0,100.0,03e0aae37f8d362875d2ee58632fcb897270cda3a2937dd86e40ded566595271,4c09dabde72ceb995a906e6d4399159e978a5078,,True,0
corrected_hold,portfolio_baseline,,0,70,3.0,True,True,True,PASS,3.32504218770397,4.803939792945568,4.991326642809666,21.988015968506108,0.006303119888981583,0.021523988289507957,True,0,100.0,03e0aae37f8d362875d2ee58632fcb897270cda3a2937dd86e40ded566595271,4c09dabde72ceb995a906e6d4399159e978a5078,,True,0
before_hold,portfolio_baseline,,0,70,3,False,False,False,FALL,316.94108917743387,317.13265686950905,62.7286144431312,88.0,0.09860662155371754,0.11492174206665545,False,0,100.0,03e0aae37f8d362875d2ee58632fcb897270cda3a2937dd86e40ded566595271,4c09dabde72ceb995a906e6d4399159e978a5078,,False,0
lateral_hold,portfolio_baseline,,0,70,3,False,True,False,SLIP,3.7876680579180046,4.098191514309542,5.372042174724853,27.742923938189097,0.029467368331436313,0.3097924811448856,False,0,100.0,03e0aae37f8d362875d2ee58632fcb897270cda3a2937dd86e40ded566595271,4c09dabde72ceb995a906e6d4399159e978a5078,,True,90
seed_17_nominal,initial_rate_sensitivity,,0,0,1.5,True,True,True,PASS,3.8491539193098374,4.010188190344468,4.1088618905033245,4.700411422750026,0.0004269406532301636,0.00030888585666331744,True,0,100.0,8f742467b4971fc305c98474141854a7242b251730c24887084391395a153251,4c09dabde72ceb995a906e6d4399159e978a5078,17,True,0
seed_17_moving,initial_rate_sensitivity,,0,70,1.5,True,True,True,PASS,3.6443136763312705,3.7687357358695945,4.319637585094543,20.87070263408551,0.0037875134933286377,0.013300827100919232,True,0,100.0,8f742467b4971fc305c98474141854a7242b251730c24887084391395a153251,4c09dabde72ceb995a906e6d4399159e978a5078,17,True,0
seed_17_hold,initial_rate_sensitivity,,0,70,3.0,True,True,True,PASS,3.7351271596171585,5.710645895991454,5.062735748765648,21.987849959778668,0.006304719143218994,0.021118168257677157,True,0,100.0,8f742467b4971fc305c98474141854a7242b251730c24887084391395a153251,4c09dabde72ceb995a906e6d4399159e978a5078,17,True,0
seed_29_nominal,initial_rate_sensitivity,,0,0,1.5,True,True,True,PASS,3.8485544368092537,4.009283272502572,4.10894074439068,4.700109972003711,0.0003901966897921219,0.003863620917459265,True,0,100.0,88fbc9afc12fbf5664a4c628dca6c9714548e5b6f9dfab05a2096fccb350e3b3,4c09dabde72ceb995a906e6d4399159e978a5078,29,True,0
seed_29_moving,initial_rate_sensitivity,,0,70,1.5,True,True,True,PASS,3.6451419976134654,3.7697874018190327,4.321171467021848,20.87345618541569,0.0037930574444284483,0.013298262488691072,True,0,100.0,88fbc9afc12fbf5664a4c628dca6c9714548e5b6f9dfab05a2096fccb350e3b3,4c09dabde72ceb995a906e6d4399159e978a5078,29,True,0
seed_29_hold,initial_rate_sensitivity,,0,70,3.0,True,True,True,PASS,3.338345224155209,4.83206376005929,4.9962327165595095,21.991025311590032,0.006318757789122818,0.02104709054733996,True,0,100.0,88fbc9afc12fbf5664a4c628dca6c9714548e5b6f9dfab05a2096fccb350e3b3,4c09dabde72ceb995a906e6d4399159e978a5078,29,True,0
